target,model,preprocessing,outer_fold,trial_num,inner_auc,params
Cath,RandomForest,Config_B_OneHot,1,0,0.9332676498008304,"{'n_estimators': 250, 'max_depth': None, 'min_samples_split': 3, 'min_samples_leaf': 1, 'max_features': 'sqrt', 'class_weight': None, 'random_state': 42, 'n_jobs': -1}"
Cath,RandomForest,Config_B_OneHot,1,1,0.9332358674463938,"{'n_estimators': 450, 'max_depth': None, 'min_samples_split': 4, 'min_samples_leaf': 3, 'max_features': 'sqrt', 'class_weight': None, 'random_state': 42, 'n_jobs': -1}"
Cath,RandomForest,Config_B_OneHot,1,2,0.932049326214086,"{'n_estimators': 250, 'max_depth': 5, 'min_samples_split': 5, 'min_samples_leaf': 3, 'max_features': 'log2', 'class_weight': None, 'random_state': 42, 'n_jobs': -1}"
Cath,RandomForest,Config_B_OneHot,1,3,0.9367637087888804,"{'n_estimators': 450, 'max_depth': None, 'min_samples_split': 6, 'min_samples_leaf': 2, 'max_features': 'log2', 'class_weight': 'balanced', 'random_state': 42, 'n_jobs': -1}"
Cath,RandomForest,Config_B_OneHot,1,4,0.9269747436223409,"{'n_estimators': 200, 'max_depth': None, 'min_samples_split': 3, 'min_samples_leaf': 4, 'max_features': 'log2', 'class_weight': None, 'random_state': 42, 'n_jobs': -1}"
Cath,RandomForest,Config_B_OneHot,1,5,0.9372298499872871,"{'n_estimators': 450, 'max_depth': 7, 'min_samples_split': 4, 'min_samples_leaf': 2, 'max_features': 'sqrt', 'class_weight': 'balanced', 'random_state': 42, 'n_jobs': -1}"
Cath,RandomForest,Config_B_OneHot,1,6,0.9346660733960505,"{'n_estimators': 150, 'max_depth': 5, 'min_samples_split': 3, 'min_samples_leaf': 1, 'max_features': 'sqrt', 'class_weight': 'balanced', 'random_state': 42, 'n_jobs': -1}"
Cath,RandomForest,Config_B_OneHot,1,7,0.9345389439783034,"{'n_estimators': 150, 'max_depth': 5, 'min_samples_split': 4, 'min_samples_leaf': 1, 'max_features': 'log2', 'class_weight': None, 'random_state': 42, 'n_jobs': -1}"
Cath,RandomForest,Config_B_OneHot,1,8,0.9355241969658447,"{'n_estimators': 450, 'max_depth': 7, 'min_samples_split': 5, 'min_samples_leaf': 4, 'max_features': 'log2', 'class_weight': None, 'random_state': 42, 'n_jobs': -1}"
Cath,RandomForest,Config_B_OneHot,1,9,0.9317738791423001,"{'n_estimators': 150, 'max_depth': 3, 'min_samples_split': 8, 'min_samples_leaf': 1, 'max_features': 'log2', 'class_weight': None, 'random_state': 42, 'n_jobs': -1}"
Cath,RandomForest,Config_B_OneHot,2,0,0.8967391304347826,"{'n_estimators': 150, 'max_depth': None, 'min_samples_split': 8, 'min_samples_leaf': 3, 'max_features': 'sqrt', 'class_weight': None, 'random_state': 42, 'n_jobs': -1}"
Cath,RandomForest,Config_B_OneHot,2,1,0.8916963301974743,"{'n_estimators': 400, 'max_depth': 5, 'min_samples_split': 4, 'min_samples_leaf': 2, 'max_features': 'log2', 'class_weight': 'balanced', 'random_state': 42, 'n_jobs': -1}"
Cath,RandomForest,Config_B_OneHot,2,2,0.894874565641156,"{'n_estimators': 250, 'max_depth': None, 'min_samples_split': 8, 'min_samples_leaf': 2, 'max_features': 'sqrt', 'class_weight': None, 'random_state': 42, 'n_jobs': -1}"
Cath,RandomForest,Config_B_OneHot,2,3,0.8975442834138486,"{'n_estimators': 350, 'max_depth': None, 'min_samples_split': 2, 'min_samples_leaf': 1, 'max_features': 'sqrt', 'class_weight': None, 'random_state': 42, 'n_jobs': -1}"
Cath,RandomForest,Config_B_OneHot,2,4,0.9000550894143572,"{'n_estimators': 350, 'max_depth': 3, 'min_samples_split': 8, 'min_samples_leaf': 3, 'max_features': 'log2', 'class_weight': 'balanced', 'random_state': 42, 'n_jobs': -1}"
Cath,RandomForest,Config_B_OneHot,2,5,0.8977349775404694,"{'n_estimators': 250, 'max_depth': 3, 'min_samples_split': 3, 'min_samples_leaf': 1, 'max_features': 'sqrt', 'class_weight': None, 'random_state': 42, 'n_jobs': -1}"
Cath,RandomForest,Config_B_OneHot,2,6,0.8987520128824477,"{'n_estimators': 200, 'max_depth': 7, 'min_samples_split': 3, 'min_samples_leaf': 3, 'max_features': 'sqrt', 'class_weight': 'balanced', 'random_state': 42, 'n_jobs': -1}"
Cath,RandomForest,Config_B_OneHot,2,7,0.8968874480888211,"{'n_estimators': 300, 'max_depth': 7, 'min_samples_split': 8, 'min_samples_leaf': 1, 'max_features': 'sqrt', 'class_weight': 'balanced', 'random_state': 42, 'n_jobs': -1}"
Cath,RandomForest,Config_B_OneHot,2,8,0.8927133655394526,"{'n_estimators': 150, 'max_depth': 7, 'min_samples_split': 7, 'min_samples_leaf': 1, 'max_features': 'log2', 'class_weight': 'balanced', 'random_state': 42, 'n_jobs': -1}"
Cath,RandomForest,Config_B_OneHot,2,9,0.8968450716162387,"{'n_estimators': 350, 'max_depth': 3, 'min_samples_split': 7, 'min_samples_leaf': 3, 'max_features': 'sqrt', 'class_weight': 'balanced', 'random_state': 42, 'n_jobs': -1}"
Cath,RandomForest,Config_B_OneHot,3,0,0.9257670141537419,"{'n_estimators': 400, 'max_depth': 3, 'min_samples_split': 6, 'min_samples_leaf': 2, 'max_features': 'log2', 'class_weight': 'balanced', 'random_state': 42, 'n_jobs': -1}"
Cath,RandomForest,Config_B_OneHot,3,1,0.9180650902618867,"{'n_estimators': 300, 'max_depth': 7, 'min_samples_split': 8, 'min_samples_leaf': 4, 'max_features': 'sqrt', 'class_weight': None, 'random_state': 42, 'n_jobs': -1}"
Cath,RandomForest,Config_B_OneHot,3,2,0.9214022374777523,"{'n_estimators': 300, 'max_depth': None, 'min_samples_split': 3, 'min_samples_leaf': 3, 'max_features': 'log2', 'class_weight': 'balanced', 'random_state': 42, 'n_jobs': -1}"
Cath,RandomForest,Config_B_OneHot,3,3,0.9129693194338504,"{'n_estimators': 300, 'max_depth': 3, 'min_samples_split': 5, 'min_samples_leaf': 1, 'max_features': 'sqrt', 'class_weight': None, 'random_state': 42, 'n_jobs': -1}"
Cath,RandomForest,Config_B_OneHot,3,4,0.9237859140605136,"{'n_estimators': 400, 'max_depth': 5, 'min_samples_split': 2, 'min_samples_leaf': 2, 'max_features': 'sqrt', 'class_weight': 'balanced', 'random_state': 42, 'n_jobs': -1}"
Cath,RandomForest,Config_B_OneHot,3,5,0.9224722434104585,"{'n_estimators': 200, 'max_depth': None, 'min_samples_split': 4, 'min_samples_leaf': 2, 'max_features': 'log2', 'class_weight': 'balanced', 'random_state': 42, 'n_jobs': -1}"
Cath,RandomForest,Config_B_OneHot,3,6,0.9197919315196202,"{'n_estimators': 200, 'max_depth': None, 'min_samples_split': 6, 'min_samples_leaf': 1, 'max_features': 'log2', 'class_weight': 'balanced', 'random_state': 42, 'n_jobs': -1}"
Cath,RandomForest,Config_B_OneHot,3,7,0.9194635138571066,"{'n_estimators': 350, 'max_depth': None, 'min_samples_split': 5, 'min_samples_leaf': 4, 'max_features': 'log2', 'class_weight': 'balanced', 'random_state': 42, 'n_jobs': -1}"
Cath,RandomForest,Config_B_OneHot,3,8,0.9202792609543181,"{'n_estimators': 150, 'max_depth': 5, 'min_samples_split': 8, 'min_samples_leaf': 2, 'max_features': 'sqrt', 'class_weight': 'balanced', 'random_state': 42, 'n_jobs': -1}"
Cath,RandomForest,Config_B_OneHot,3,9,0.9181604373251971,"{'n_estimators': 400, 'max_depth': 5, 'min_samples_split': 2, 'min_samples_leaf': 2, 'max_features': 'sqrt', 'class_weight': None, 'random_state': 42, 'n_jobs': -1}"
Cath,RandomForest,Config_B_OneHot,4,0,0.9180060336883941,"{'n_estimators': 450, 'max_depth': None, 'min_samples_split': 5, 'min_samples_leaf': 1, 'max_features': 'sqrt', 'class_weight': 'balanced', 'random_state': 42, 'n_jobs': -1}"
Cath,RandomForest,Config_B_OneHot,4,1,0.917806774104549,"{'n_estimators': 350, 'max_depth': None, 'min_samples_split': 8, 'min_samples_leaf': 3, 'max_features': 'sqrt', 'class_weight': None, 'random_state': 42, 'n_jobs': -1}"
Cath,RandomForest,Config_B_OneHot,4,2,0.91636281834198,"{'n_estimators': 200, 'max_depth': 7, 'min_samples_split': 2, 'min_samples_leaf': 4, 'max_features': 'log2', 'class_weight': 'balanced', 'random_state': 42, 'n_jobs': -1}"
Cath,RandomForest,Config_B_OneHot,4,3,0.9112635537090235,"{'n_estimators': 250, 'max_depth': None, 'min_samples_split': 3, 'min_samples_leaf': 1, 'max_features': 'sqrt', 'class_weight': None, 'random_state': 42, 'n_jobs': -1}"
Cath,RandomForest,Config_B_OneHot,4,4,0.9153668585329086,"{'n_estimators': 150, 'max_depth': None, 'min_samples_split': 2, 'min_samples_leaf': 1, 'max_features': 'log2', 'class_weight': None, 'random_state': 42, 'n_jobs': -1}"
Cath,RandomForest,Config_B_OneHot,4,5,0.9167906403896472,"{'n_estimators': 200, 'max_depth': None, 'min_samples_split': 5, 'min_samples_leaf': 1, 'max_features': 'log2', 'class_weight': None, 'random_state': 42, 'n_jobs': -1}"
Cath,RandomForest,Config_B_OneHot,4,6,0.91636281834198,"{'n_estimators': 200, 'max_depth': 7, 'min_samples_split': 8, 'min_samples_leaf': 4, 'max_features': 'log2', 'class_weight': 'balanced', 'random_state': 42, 'n_jobs': -1}"
Cath,RandomForest,Config_B_OneHot,4,7,0.9151181221632559,"{'n_estimators': 400, 'max_depth': 7, 'min_samples_split': 7, 'min_samples_leaf': 3, 'max_features': 'sqrt', 'class_weight': None, 'random_state': 42, 'n_jobs': -1}"
Cath,RandomForest,Config_B_OneHot,4,8,0.9118636992316334,"{'n_estimators': 200, 'max_depth': None, 'min_samples_split': 7, 'min_samples_leaf': 1, 'max_features': 'sqrt', 'class_weight': 'balanced', 'random_state': 42, 'n_jobs': -1}"
Cath,RandomForest,Config_B_OneHot,4,9,0.9138263159697991,"{'n_estimators': 350, 'max_depth': 7, 'min_samples_split': 2, 'min_samples_leaf': 2, 'max_features': 'sqrt', 'class_weight': None, 'random_state': 42, 'n_jobs': -1}"
Cath,RandomForest,Config_B_OneHot,5,0,0.9419868344414329,"{'n_estimators': 400, 'max_depth': 5, 'min_samples_split': 8, 'min_samples_leaf': 1, 'max_features': 'log2', 'class_weight': 'balanced', 'random_state': 42, 'n_jobs': -1}"
Cath,RandomForest,Config_B_OneHot,5,1,0.9403855447540632,"{'n_estimators': 150, 'max_depth': 5, 'min_samples_split': 2, 'min_samples_leaf': 4, 'max_features': 'log2', 'class_weight': 'balanced', 'random_state': 42, 'n_jobs': -1}"
Cath,RandomForest,Config_B_OneHot,5,2,0.9402622472513898,"{'n_estimators': 150, 'max_depth': 5, 'min_samples_split': 4, 'min_samples_leaf': 1, 'max_features': 'sqrt', 'class_weight': None, 'random_state': 42, 'n_jobs': -1}"
Cath,RandomForest,Config_B_OneHot,5,3,0.9347578139510562,"{'n_estimators': 450, 'max_depth': 3, 'min_samples_split': 6, 'min_samples_leaf': 4, 'max_features': 'log2', 'class_weight': 'balanced', 'random_state': 42, 'n_jobs': -1}"
Cath,RandomForest,Config_B_OneHot,5,4,0.9395711500974658,"{'n_estimators': 150, 'max_depth': None, 'min_samples_split': 5, 'min_samples_leaf': 1, 'max_features': 'sqrt', 'class_weight': 'balanced', 'random_state': 42, 'n_jobs': -1}"
Cath,RandomForest,Config_B_OneHot,5,5,0.93781139945145,"{'n_estimators': 200, 'max_depth': None, 'min_samples_split': 3, 'min_samples_leaf': 4, 'max_features': 'sqrt', 'class_weight': 'balanced', 'random_state': 42, 'n_jobs': -1}"
Cath,RandomForest,Config_B_OneHot,5,6,0.9433110992096337,"{'n_estimators': 450, 'max_depth': 5, 'min_samples_split': 5, 'min_samples_leaf': 1, 'max_features': 'sqrt', 'class_weight': 'balanced', 'random_state': 42, 'n_jobs': -1}"
Cath,RandomForest,Config_B_OneHot,5,7,0.9383068435298338,"{'n_estimators': 250, 'max_depth': None, 'min_samples_split': 7, 'min_samples_leaf': 2, 'max_features': 'sqrt', 'class_weight': None, 'random_state': 42, 'n_jobs': -1}"
Cath,RandomForest,Config_B_OneHot,5,8,0.947012503764293,"{'n_estimators': 450, 'max_depth': 7, 'min_samples_split': 2, 'min_samples_leaf': 1, 'max_features': 'log2', 'class_weight': 'balanced', 'random_state': 42, 'n_jobs': -1}"
Cath,RandomForest,Config_B_OneHot,5,9,0.9390739027649295,"{'n_estimators': 250, 'max_depth': 5, 'min_samples_split': 2, 'min_samples_leaf': 2, 'max_features': 'log2', 'class_weight': 'balanced', 'random_state': 42, 'n_jobs': -1}"
Cath,RandomForest,Config_B_OneHot,6,0,0.9103949487244681,"{'n_estimators': 150, 'max_depth': None, 'min_samples_split': 7, 'min_samples_leaf': 3, 'max_features': 'log2', 'class_weight': 'balanced', 'random_state': 42, 'n_jobs': -1}"
Cath,RandomForest,Config_B_OneHot,6,1,0.8999067717603187,"{'n_estimators': 150, 'max_depth': 5, 'min_samples_split': 3, 'min_samples_leaf': 4, 'max_features': 'log2', 'class_weight': None, 'random_state': 42, 'n_jobs': -1}"
Cath,RandomForest,Config_B_OneHot,6,2,0.9087316721756081,"{'n_estimators': 400, 'max_depth': 3, 'min_samples_split': 8, 'min_samples_leaf': 3, 'max_features': 'log2', 'class_weight': None, 'random_state': 42, 'n_jobs': -1}"
Cath,RandomForest,Config_B_OneHot,6,3,0.9138910077125182,"{'n_estimators': 450, 'max_depth': 3, 'min_samples_split': 4, 'min_samples_leaf': 3, 'max_features': 'sqrt', 'class_weight': 'balanced', 'random_state': 42, 'n_jobs': -1}"
Cath,RandomForest,Config_B_OneHot,6,4,0.9074815662344267,"{'n_estimators': 150, 'max_depth': 5, 'min_samples_split': 5, 'min_samples_leaf': 3, 'max_features': 'sqrt', 'class_weight': None, 'random_state': 42, 'n_jobs': -1}"
Cath,RandomForest,Config_B_OneHot,6,5,0.9105750487329435,"{'n_estimators': 300, 'max_depth': 7, 'min_samples_split': 6, 'min_samples_leaf': 1, 'max_features': 'sqrt', 'class_weight': None, 'random_state': 42, 'n_jobs': -1}"
Cath,RandomForest,Config_B_OneHot,6,6,0.9125349605898805,"{'n_estimators': 200, 'max_depth': None, 'min_samples_split': 7, 'min_samples_leaf': 4, 'max_features': 'sqrt', 'class_weight': 'balanced', 'random_state': 42, 'n_jobs': -1}"
Cath,RandomForest,Config_B_OneHot,6,7,0.9071637426900585,"{'n_estimators': 300, 'max_depth': 5, 'min_samples_split': 7, 'min_samples_leaf': 1, 'max_features': 'log2', 'class_weight': None, 'random_state': 42, 'n_jobs': -1}"
Cath,RandomForest,Config_B_OneHot,6,8,0.9109564369861852,"{'n_estimators': 250, 'max_depth': 3, 'min_samples_split': 6, 'min_samples_leaf': 2, 'max_features': 'log2', 'class_weight': 'balanced', 'random_state': 42, 'n_jobs': -1}"
Cath,RandomForest,Config_B_OneHot,6,9,0.9137744724129163,"{'n_estimators': 350, 'max_depth': 3, 'min_samples_split': 7, 'min_samples_leaf': 4, 'max_features': 'log2', 'class_weight': 'balanced', 'random_state': 42, 'n_jobs': -1}"
Cath,RandomForest,Config_B_OneHot,7,0,0.9111259428765148,"{'n_estimators': 150, 'max_depth': None, 'min_samples_split': 4, 'min_samples_leaf': 4, 'max_features': 'log2', 'class_weight': None, 'random_state': 42, 'n_jobs': -1}"
Cath,RandomForest,Config_B_OneHot,7,1,0.9144948724468175,"{'n_estimators': 150, 'max_depth': 3, 'min_samples_split': 4, 'min_samples_leaf': 2, 'max_features': 'log2', 'class_weight': None, 'random_state': 42, 'n_jobs': -1}"
Cath,RandomForest,Config_B_OneHot,7,2,0.9078947368421053,"{'n_estimators': 150, 'max_depth': 5, 'min_samples_split': 6, 'min_samples_leaf': 2, 'max_features': 'log2', 'class_weight': None, 'random_state': 42, 'n_jobs': -1}"
Cath,RandomForest,Config_B_OneHot,7,3,0.9109352487498942,"{'n_estimators': 400, 'max_depth': 7, 'min_samples_split': 3, 'min_samples_leaf': 4, 'max_features': 'log2', 'class_weight': None, 'random_state': 42, 'n_jobs': -1}"
Cath,RandomForest,Config_B_OneHot,7,4,0.9165713196033564,"{'n_estimators': 200, 'max_depth': 5, 'min_samples_split': 8, 'min_samples_leaf': 2, 'max_features': 'sqrt', 'class_weight': 'balanced', 'random_state': 42, 'n_jobs': -1}"
Cath,RandomForest,Config_B_OneHot,7,5,0.914325366556488,"{'n_estimators': 350, 'max_depth': None, 'min_samples_split': 8, 'min_samples_leaf': 2, 'max_features': 'log2', 'class_weight': 'balanced', 'random_state': 42, 'n_jobs': -1}"
Cath,RandomForest,Config_B_OneHot,7,6,0.9084774133401136,"{'n_estimators': 300, 'max_depth': 7, 'min_samples_split': 6, 'min_samples_leaf': 4, 'max_features': 'log2', 'class_weight': None, 'random_state': 42, 'n_jobs': -1}"
Cath,RandomForest,Config_B_OneHot,7,7,0.9125985252987542,"{'n_estimators': 250, 'max_depth': 3, 'min_samples_split': 5, 'min_samples_leaf': 3, 'max_features': 'log2', 'class_weight': None, 'random_state': 42, 'n_jobs': -1}"
Cath,RandomForest,Config_B_OneHot,7,8,0.9123018899906774,"{'n_estimators': 150, 'max_depth': 7, 'min_samples_split': 7, 'min_samples_leaf': 2, 'max_features': 'log2', 'class_weight': None, 'random_state': 42, 'n_jobs': -1}"
Cath,RandomForest,Config_B_OneHot,7,9,0.9172811255191119,"{'n_estimators': 350, 'max_depth': None, 'min_samples_split': 5, 'min_samples_leaf': 1, 'max_features': 'log2', 'class_weight': None, 'random_state': 42, 'n_jobs': -1}"
Cath,RandomForest,Config_B_OneHot,8,0,0.918266378506653,"{'n_estimators': 250, 'max_depth': 3, 'min_samples_split': 5, 'min_samples_leaf': 3, 'max_features': 'log2', 'class_weight': None, 'random_state': 42, 'n_jobs': -1}"
Cath,RandomForest,Config_B_OneHot,8,1,0.9246228493940164,"{'n_estimators': 300, 'max_depth': 5, 'min_samples_split': 8, 'min_samples_leaf': 1, 'max_features': 'log2', 'class_weight': 'balanced', 'random_state': 42, 'n_jobs': -1}"
Cath,RandomForest,Config_B_OneHot,8,2,0.9221756081023816,"{'n_estimators': 450, 'max_depth': 7, 'min_samples_split': 3, 'min_samples_leaf': 2, 'max_features': 'log2', 'class_weight': None, 'random_state': 42, 'n_jobs': -1}"
Cath,RandomForest,Config_B_OneHot,8,3,0.920766590389016,"{'n_estimators': 350, 'max_depth': None, 'min_samples_split': 6, 'min_samples_leaf': 2, 'max_features': 'sqrt', 'class_weight': None, 'random_state': 42, 'n_jobs': -1}"
Cath,RandomForest,Config_B_OneHot,8,4,0.9175565725908976,"{'n_estimators': 200, 'max_depth': None, 'min_samples_split': 2, 'min_samples_leaf': 3, 'max_features': 'sqrt', 'class_weight': 'balanced', 'random_state': 42, 'n_jobs': -1}"
Cath,RandomForest,Config_B_OneHot,8,5,0.9208831256886177,"{'n_estimators': 200, 'max_depth': 3, 'min_samples_split': 2, 'min_samples_leaf': 4, 'max_features': 'log2', 'class_weight': 'balanced', 'random_state': 42, 'n_jobs': -1}"
Cath,RandomForest,Config_B_OneHot,8,6,0.9170056784473261,"{'n_estimators': 300, 'max_depth': 7, 'min_samples_split': 6, 'min_samples_leaf': 3, 'max_features': 'sqrt', 'class_weight': None, 'random_state': 42, 'n_jobs': -1}"
Cath,RandomForest,Config_B_OneHot,8,7,0.9244109670311044,"{'n_estimators': 450, 'max_depth': 5, 'min_samples_split': 8, 'min_samples_leaf': 1, 'max_features': 'log2', 'class_weight': 'balanced', 'random_state': 42, 'n_jobs': -1}"
Cath,RandomForest,Config_B_OneHot,8,8,0.920364013899483,"{'n_estimators': 200, 'max_depth': 5, 'min_samples_split': 8, 'min_samples_leaf': 3, 'max_features': 'log2', 'class_weight': 'balanced', 'random_state': 42, 'n_jobs': -1}"
Cath,RandomForest,Config_B_OneHot,8,9,0.9102996016611576,"{'n_estimators': 250, 'max_depth': 3, 'min_samples_split': 8, 'min_samples_leaf': 4, 'max_features': 'sqrt', 'class_weight': None, 'random_state': 42, 'n_jobs': -1}"
Cath,RandomForest,Config_B_OneHot,9,0,0.922855885731391,"{'n_estimators': 300, 'max_depth': 5, 'min_samples_split': 8, 'min_samples_leaf': 2, 'max_features': 'sqrt', 'class_weight': 'balanced', 'random_state': 42, 'n_jobs': -1}"
Cath,RandomForest,Config_B_OneHot,9,1,0.9272310311187569,"{'n_estimators': 250, 'max_depth': 3, 'min_samples_split': 4, 'min_samples_leaf': 4, 'max_features': 'sqrt', 'class_weight': 'balanced', 'random_state': 42, 'n_jobs': -1}"
Cath,RandomForest,Config_B_OneHot,9,2,0.9234807132952124,"{'n_estimators': 450, 'max_depth': 3, 'min_samples_split': 2, 'min_samples_leaf': 1, 'max_features': 'log2', 'class_weight': 'balanced', 'random_state': 42, 'n_jobs': -1}"
Cath,RandomForest,Config_B_OneHot,9,3,0.9194299282485172,"{'n_estimators': 300, 'max_depth': None, 'min_samples_split': 6, 'min_samples_leaf': 1, 'max_features': 'log2', 'class_weight': None, 'random_state': 42, 'n_jobs': -1}"
Cath,RandomForest,Config_B_OneHot,9,4,0.9292078484833731,"{'n_estimators': 450, 'max_depth': 7, 'min_samples_split': 4, 'min_samples_leaf': 2, 'max_features': 'sqrt', 'class_weight': 'balanced', 'random_state': 42, 'n_jobs': -1}"
Cath,RandomForest,Config_B_OneHot,9,5,0.9192225540209863,"{'n_estimators': 200, 'max_depth': 3, 'min_samples_split': 2, 'min_samples_leaf': 1, 'max_features': 'log2', 'class_weight': None, 'random_state': 42, 'n_jobs': -1}"
Cath,RandomForest,Config_B_OneHot,9,6,0.9217200610221205,"{'n_estimators': 300, 'max_depth': None, 'min_samples_split': 8, 'min_samples_leaf': 1, 'max_features': 'log2', 'class_weight': None, 'random_state': 42, 'n_jobs': -1}"
Cath,RandomForest,Config_B_OneHot,9,7,0.9243857214729702,"{'n_estimators': 250, 'max_depth': 7, 'min_samples_split': 4, 'min_samples_leaf': 1, 'max_features': 'sqrt', 'class_weight': 'balanced', 'random_state': 42, 'n_jobs': -1}"
Cath,RandomForest,Config_B_OneHot,9,8,0.9258585293019784,"{'n_estimators': 250, 'max_depth': None, 'min_samples_split': 6, 'min_samples_leaf': 2, 'max_features': 'sqrt', 'class_weight': 'balanced', 'random_state': 42, 'n_jobs': -1}"
Cath,RandomForest,Config_B_OneHot,9,9,0.9256509296676784,"{'n_estimators': 200, 'max_depth': 7, 'min_samples_split': 2, 'min_samples_leaf': 3, 'max_features': 'sqrt', 'class_weight': 'balanced', 'random_state': 42, 'n_jobs': -1}"
Cath,RandomForest,Config_B_OneHot,10,0,0.9549371295439751,"{'n_estimators': 350, 'max_depth': 5, 'min_samples_split': 8, 'min_samples_leaf': 1, 'max_features': 'log2', 'class_weight': None, 'random_state': 42, 'n_jobs': -1}"
Cath,RandomForest,Config_B_OneHot,10,1,0.9526652547186654,"{'n_estimators': 200, 'max_depth': None, 'min_samples_split': 4, 'min_samples_leaf': 2, 'max_features': 'sqrt', 'class_weight': None, 'random_state': 42, 'n_jobs': -1}"
Cath,RandomForest,Config_B_OneHot,10,2,0.9569682699399337,"{'n_estimators': 300, 'max_depth': 7, 'min_samples_split': 8, 'min_samples_leaf': 2, 'max_features': 'log2', 'class_weight': 'balanced', 'random_state': 42, 'n_jobs': -1}"
Cath,RandomForest,Config_B_OneHot,10,3,0.9539496224887433,"{'n_estimators': 350, 'max_depth': 3, 'min_samples_split': 3, 'min_samples_leaf': 4, 'max_features': 'log2', 'class_weight': None, 'random_state': 42, 'n_jobs': -1}"
Cath,RandomForest,Config_B_OneHot,10,4,0.9559014197019943,"{'n_estimators': 200, 'max_depth': None, 'min_samples_split': 3, 'min_samples_leaf': 1, 'max_features': 'log2', 'class_weight': None, 'random_state': 42, 'n_jobs': -1}"
Cath,RandomForest,Config_B_OneHot,10,5,0.9534731125789601,"{'n_estimators': 250, 'max_depth': 7, 'min_samples_split': 3, 'min_samples_leaf': 2, 'max_features': 'log2', 'class_weight': None, 'random_state': 42, 'n_jobs': -1}"
Cath,RandomForest,Config_B_OneHot,10,6,0.9490425171264062,"{'n_estimators': 200, 'max_depth': 7, 'min_samples_split': 6, 'min_samples_leaf': 3, 'max_features': 'sqrt', 'class_weight': None, 'random_state': 42, 'n_jobs': -1}"
Cath,RandomForest,Config_B_OneHot,10,7,0.9581633766294656,"{'n_estimators': 300, 'max_depth': 5, 'min_samples_split': 3, 'min_samples_leaf': 4, 'max_features': 'log2', 'class_weight': 'balanced', 'random_state': 42, 'n_jobs': -1}"
Cath,RandomForest,Config_B_OneHot,10,8,0.9566673519032447,"{'n_estimators': 300, 'max_depth': 5, 'min_samples_split': 4, 'min_samples_leaf': 3, 'max_features': 'log2', 'class_weight': 'balanced', 'random_state': 42, 'n_jobs': -1}"
Cath,RandomForest,Config_B_OneHot,10,9,0.9541989223753186,"{'n_estimators': 450, 'max_depth': 5, 'min_samples_split': 8, 'min_samples_leaf': 1, 'max_features': 'log2', 'class_weight': 'balanced', 'random_state': 42, 'n_jobs': -1}"
Cath,RandomForest,Config_B_OneHot,11,0,0.9385117382829055,"{'n_estimators': 400, 'max_depth': 5, 'min_samples_split': 6, 'min_samples_leaf': 1, 'max_features': 'log2', 'class_weight': 'balanced', 'random_state': 42, 'n_jobs': -1}"
Cath,RandomForest,Config_B_OneHot,11,1,0.9342634969065174,"{'n_estimators': 400, 'max_depth': 5, 'min_samples_split': 8, 'min_samples_leaf': 3, 'max_features': 'log2', 'class_weight': None, 'random_state': 42, 'n_jobs': -1}"
Cath,RandomForest,Config_B_OneHot,11,2,0.9358843969827952,"{'n_estimators': 250, 'max_depth': 3, 'min_samples_split': 7, 'min_samples_leaf': 4, 'max_features': 'log2', 'class_weight': None, 'random_state': 42, 'n_jobs': -1}"
Cath,RandomForest,Config_B_OneHot,11,3,0.9397618442240868,"{'n_estimators': 400, 'max_depth': 3, 'min_samples_split': 8, 'min_samples_leaf': 1, 'max_features': 'sqrt', 'class_weight': 'balanced', 'random_state': 42, 'n_jobs': -1}"
Cath,RandomForest,Config_B_OneHot,11,4,0.9281506907365031,"{'n_estimators': 250, 'max_depth': None, 'min_samples_split': 6, 'min_samples_leaf': 3, 'max_features': 'sqrt', 'class_weight': None, 'random_state': 42, 'n_jobs': -1}"
Cath,RandomForest,Config_B_OneHot,11,5,0.9300258496482754,"{'n_estimators': 300, 'max_depth': None, 'min_samples_split': 5, 'min_samples_leaf': 4, 'max_features': 'log2', 'class_weight': None, 'random_state': 42, 'n_jobs': -1}"
Cath,RandomForest,Config_B_OneHot,11,6,0.9286698025256378,"{'n_estimators': 350, 'max_depth': 7, 'min_samples_split': 4, 'min_samples_leaf': 4, 'max_features': 'log2', 'class_weight': 'balanced', 'random_state': 42, 'n_jobs': -1}"
Cath,RandomForest,Config_B_OneHot,11,7,0.9336702262903637,"{'n_estimators': 450, 'max_depth': 7, 'min_samples_split': 8, 'min_samples_leaf': 2, 'max_features': 'log2', 'class_weight': None, 'random_state': 42, 'n_jobs': -1}"
Cath,RandomForest,Config_B_OneHot,11,8,0.9262861259428764,"{'n_estimators': 250, 'max_depth': 7, 'min_samples_split': 8, 'min_samples_leaf': 4, 'max_features': 'log2', 'class_weight': 'balanced', 'random_state': 42, 'n_jobs': -1}"
Cath,RandomForest,Config_B_OneHot,11,9,0.9385541147554878,"{'n_estimators': 450, 'max_depth': 3, 'min_samples_split': 2, 'min_samples_leaf': 1, 'max_features': 'log2', 'class_weight': 'balanced', 'random_state': 42, 'n_jobs': -1}"
Cath,RandomForest,Config_B_OneHot,12,0,0.9074497838799899,"{'n_estimators': 400, 'max_depth': 7, 'min_samples_split': 5, 'min_samples_leaf': 4, 'max_features': 'log2', 'class_weight': None, 'random_state': 42, 'n_jobs': -1}"
Cath,RandomForest,Config_B_OneHot,12,1,0.910426731078905,"{'n_estimators': 200, 'max_depth': 7, 'min_samples_split': 8, 'min_samples_leaf': 1, 'max_features': 'log2', 'class_weight': None, 'random_state': 42, 'n_jobs': -1}"
Cath,RandomForest,Config_B_OneHot,12,2,0.9056275955589458,"{'n_estimators': 300, 'max_depth': None, 'min_samples_split': 8, 'min_samples_leaf': 4, 'max_features': 'log2', 'class_weight': None, 'random_state': 42, 'n_jobs': -1}"
Cath,RandomForest,Config_B_OneHot,12,3,0.9098546486990423,"{'n_estimators': 450, 'max_depth': None, 'min_samples_split': 8, 'min_samples_leaf': 4, 'max_features': 'log2', 'class_weight': 'balanced', 'random_state': 42, 'n_jobs': -1}"
Cath,RandomForest,Config_B_OneHot,12,4,0.9164335960674633,"{'n_estimators': 200, 'max_depth': 7, 'min_samples_split': 4, 'min_samples_leaf': 2, 'max_features': 'log2', 'class_weight': 'balanced', 'random_state': 42, 'n_jobs': -1}"
Cath,RandomForest,Config_B_OneHot,12,5,0.9085621662852784,"{'n_estimators': 350, 'max_depth': 5, 'min_samples_split': 8, 'min_samples_leaf': 1, 'max_features': 'sqrt', 'class_weight': None, 'random_state': 42, 'n_jobs': -1}"
Cath,RandomForest,Config_B_OneHot,12,6,0.9017607424357997,"{'n_estimators': 350, 'max_depth': 7, 'min_samples_split': 7, 'min_samples_leaf': 3, 'max_features': 'log2', 'class_weight': None, 'random_state': 42, 'n_jobs': -1}"
Cath,RandomForest,Config_B_OneHot,12,7,0.9126726841257735,"{'n_estimators': 350, 'max_depth': 7, 'min_samples_split': 3, 'min_samples_leaf': 3, 'max_features': 'sqrt', 'class_weight': 'balanced', 'random_state': 42, 'n_jobs': -1}"
Cath,RandomForest,Config_B_OneHot,12,8,0.9120264429188913,"{'n_estimators': 450, 'max_depth': None, 'min_samples_split': 6, 'min_samples_leaf': 4, 'max_features': 'sqrt', 'class_weight': None, 'random_state': 42, 'n_jobs': -1}"
Cath,RandomForest,Config_B_OneHot,12,9,0.9058182896855667,"{'n_estimators': 250, 'max_depth': 3, 'min_samples_split': 5, 'min_samples_leaf': 2, 'max_features': 'log2', 'class_weight': None, 'random_state': 42, 'n_jobs': -1}"
Cath,RandomForest,Config_B_OneHot,13,0,0.936318755826765,"{'n_estimators': 250, 'max_depth': 5, 'min_samples_split': 8, 'min_samples_leaf': 4, 'max_features': 'sqrt', 'class_weight': 'balanced', 'random_state': 42, 'n_jobs': -1}"
Cath,RandomForest,Config_B_OneHot,13,1,0.9332676498008307,"{'n_estimators': 250, 'max_depth': 7, 'min_samples_split': 4, 'min_samples_leaf': 2, 'max_features': 'log2', 'class_weight': None, 'random_state': 42, 'n_jobs': -1}"
Cath,RandomForest,Config_B_OneHot,13,2,0.9286168319349097,"{'n_estimators': 200, 'max_depth': 3, 'min_samples_split': 3, 'min_samples_leaf': 4, 'max_features': 'sqrt', 'class_weight': None, 'random_state': 42, 'n_jobs': -1}"
Cath,RandomForest,Config_B_OneHot,13,3,0.9304072379015172,"{'n_estimators': 350, 'max_depth': None, 'min_samples_split': 3, 'min_samples_leaf': 2, 'max_features': 'sqrt', 'class_weight': None, 'random_state': 42, 'n_jobs': -1}"
Cath,RandomForest,Config_B_OneHot,13,4,0.9324095262310365,"{'n_estimators': 450, 'max_depth': 7, 'min_samples_split': 2, 'min_samples_leaf': 4, 'max_features': 'log2', 'class_weight': 'balanced', 'random_state': 42, 'n_jobs': -1}"
Cath,RandomForest,Config_B_OneHot,13,5,0.9359267734553774,"{'n_estimators': 350, 'max_depth': 5, 'min_samples_split': 6, 'min_samples_leaf': 4, 'max_features': 'sqrt', 'class_weight': 'balanced', 'random_state': 42, 'n_jobs': -1}"
Cath,RandomForest,Config_B_OneHot,13,6,0.9364035087719298,"{'n_estimators': 400, 'max_depth': 5, 'min_samples_split': 7, 'min_samples_leaf': 2, 'max_features': 'log2', 'class_weight': 'balanced', 'random_state': 42, 'n_jobs': -1}"
Cath,RandomForest,Config_B_OneHot,13,7,0.9305767437918467,"{'n_estimators': 250, 'max_depth': None, 'min_samples_split': 5, 'min_samples_leaf': 2, 'max_features': 'sqrt', 'class_weight': None, 'random_state': 42, 'n_jobs': -1}"
Cath,RandomForest,Config_B_OneHot,13,8,0.9309369438087973,"{'n_estimators': 200, 'max_depth': 5, 'min_samples_split': 4, 'min_samples_leaf': 4, 'max_features': 'sqrt', 'class_weight': None, 'random_state': 42, 'n_jobs': -1}"
Cath,RandomForest,Config_B_OneHot,13,9,0.930301296720061,"{'n_estimators': 150, 'max_depth': 3, 'min_samples_split': 6, 'min_samples_leaf': 3, 'max_features': 'log2', 'class_weight': None, 'random_state': 42, 'n_jobs': -1}"
Cath,RandomForest,Config_B_OneHot,14,0,0.9160634781526743,"{'n_estimators': 150, 'max_depth': None, 'min_samples_split': 3, 'min_samples_leaf': 4, 'max_features': 'log2', 'class_weight': None, 'random_state': 42, 'n_jobs': -1}"
Cath,RandomForest,Config_B_OneHot,14,1,0.9161773085710473,"{'n_estimators': 400, 'max_depth': 7, 'min_samples_split': 8, 'min_samples_leaf': 2, 'max_features': 'log2', 'class_weight': 'balanced', 'random_state': 42, 'n_jobs': -1}"
Cath,RandomForest,Config_B_OneHot,14,2,0.9160634781526743,"{'n_estimators': 150, 'max_depth': None, 'min_samples_split': 4, 'min_samples_leaf': 4, 'max_features': 'log2', 'class_weight': None, 'random_state': 42, 'n_jobs': -1}"
Cath,RandomForest,Config_B_OneHot,14,3,0.9136480192154762,"{'n_estimators': 150, 'max_depth': 5, 'min_samples_split': 3, 'min_samples_leaf': 4, 'max_features': 'sqrt', 'class_weight': None, 'random_state': 42, 'n_jobs': -1}"
Cath,RandomForest,Config_B_OneHot,14,4,0.9196629988477206,"{'n_estimators': 150, 'max_depth': 3, 'min_samples_split': 7, 'min_samples_leaf': 3, 'max_features': 'log2', 'class_weight': None, 'random_state': 42, 'n_jobs': -1}"
Cath,RandomForest,Config_B_OneHot,14,5,0.91895679944027,"{'n_estimators': 200, 'max_depth': 3, 'min_samples_split': 7, 'min_samples_leaf': 3, 'max_features': 'sqrt', 'class_weight': 'balanced', 'random_state': 42, 'n_jobs': -1}"
Cath,RandomForest,Config_B_OneHot,14,6,0.9198847991084712,"{'n_estimators': 150, 'max_depth': 3, 'min_samples_split': 3, 'min_samples_leaf': 3, 'max_features': 'sqrt', 'class_weight': 'balanced', 'random_state': 42, 'n_jobs': -1}"
Cath,RandomForest,Config_B_OneHot,14,7,0.9157518532944552,"{'n_estimators': 150, 'max_depth': None, 'min_samples_split': 2, 'min_samples_leaf': 1, 'max_features': 'log2', 'class_weight': 'balanced', 'random_state': 42, 'n_jobs': -1}"
Cath,RandomForest,Config_B_OneHot,14,8,0.9183865203145597,"{'n_estimators': 400, 'max_depth': 5, 'min_samples_split': 6, 'min_samples_leaf': 2, 'max_features': 'sqrt', 'class_weight': None, 'random_state': 42, 'n_jobs': -1}"
Cath,RandomForest,Config_B_OneHot,14,9,0.9168938766898745,"{'n_estimators': 200, 'max_depth': 7, 'min_samples_split': 2, 'min_samples_leaf': 4, 'max_features': 'log2', 'class_weight': None, 'random_state': 42, 'n_jobs': -1}"
Cath,RandomForest,Config_B_OneHot,15,0,0.9200128301532945,"{'n_estimators': 450, 'max_depth': 3, 'min_samples_split': 7, 'min_samples_leaf': 1, 'max_features': 'log2', 'class_weight': None, 'random_state': 42, 'n_jobs': -1}"
Cath,RandomForest,Config_B_OneHot,15,1,0.9128687880148516,"{'n_estimators': 150, 'max_depth': None, 'min_samples_split': 7, 'min_samples_leaf': 2, 'max_features': 'log2', 'class_weight': None, 'random_state': 42, 'n_jobs': -1}"
Cath,RandomForest,Config_B_OneHot,15,2,0.9138704956965339,"{'n_estimators': 150, 'max_depth': 7, 'min_samples_split': 7, 'min_samples_leaf': 4, 'max_features': 'sqrt', 'class_weight': None, 'random_state': 42, 'n_jobs': -1}"
Cath,RandomForest,Config_B_OneHot,15,3,0.9147139678263395,"{'n_estimators': 250, 'max_depth': None, 'min_samples_split': 2, 'min_samples_leaf': 3, 'max_features': 'sqrt', 'class_weight': None, 'random_state': 42, 'n_jobs': -1}"
Cath,RandomForest,Config_B_OneHot,15,4,0.91683053738777,"{'n_estimators': 400, 'max_depth': 3, 'min_samples_split': 3, 'min_samples_leaf': 4, 'max_features': 'log2', 'class_weight': 'balanced', 'random_state': 42, 'n_jobs': -1}"
Cath,RandomForest,Config_B_OneHot,15,5,0.9117440082372651,"{'n_estimators': 200, 'max_depth': 5, 'min_samples_split': 7, 'min_samples_leaf': 3, 'max_features': 'log2', 'class_weight': None, 'random_state': 42, 'n_jobs': -1}"
Cath,RandomForest,Config_B_OneHot,15,6,0.9211421180662623,"{'n_estimators': 450, 'max_depth': 5, 'min_samples_split': 2, 'min_samples_leaf': 2, 'max_features': 'sqrt', 'class_weight': 'balanced', 'random_state': 42, 'n_jobs': -1}"
Cath,RandomForest,Config_B_OneHot,15,7,0.9178518554583602,"{'n_estimators': 250, 'max_depth': 3, 'min_samples_split': 8, 'min_samples_leaf': 4, 'max_features': 'log2', 'class_weight': None, 'random_state': 42, 'n_jobs': -1}"
Cath,RandomForest,Config_B_OneHot,15,8,0.9173665546845838,"{'n_estimators': 250, 'max_depth': 3, 'min_samples_split': 6, 'min_samples_leaf': 4, 'max_features': 'sqrt', 'class_weight': None, 'random_state': 42, 'n_jobs': -1}"
Cath,RandomForest,Config_B_OneHot,15,9,0.9135102956795834,"{'n_estimators': 150, 'max_depth': 3, 'min_samples_split': 2, 'min_samples_leaf': 4, 'max_features': 'sqrt', 'class_weight': 'balanced', 'random_state': 42, 'n_jobs': -1}"
Cath,XGBoost,Config_B_OneHot,1,0,0.9086787015848801,"{'n_estimators': 250, 'learning_rate': 0.09237421878009823, 'max_depth': 4, 'min_child_weight': 4, 'subsample': 0.7, 'colsample_bytree': 0.7, 'reg_alpha': 0.0014936568554617625, 'reg_lambda': 2.665440364437338, 'objective': 'binary:logistic', 'eval_metric': 'logloss', 'random_state': 42, 'n_jobs': -1}"
Cath,XGBoost,Config_B_OneHot,1,1,0.9068459191456903,"{'n_estimators': 300, 'learning_rate': 0.06251028636335225, 'max_depth': 2, 'min_child_weight': 6, 'subsample': 0.8999999999999999, 'colsample_bytree': 0.75, 'reg_alpha': 0.0035113563139704067, 'reg_lambda': 0.9585112746335845, 'objective': 'binary:logistic', 'eval_metric': 'logloss', 'random_state': 42, 'n_jobs': -1}"
Cath,XGBoost,Config_B_OneHot,1,2,0.9248029494024919,"{'n_estimators': 200, 'learning_rate': 0.04653920936389926, 'max_depth': 3, 'min_child_weight': 2, 'subsample': 0.85, 'colsample_bytree': 0.7, 'reg_alpha': 0.007523742884534853, 'reg_lambda': 1.4159046082342293, 'objective': 'binary:logistic', 'eval_metric': 'logloss', 'random_state': 42, 'n_jobs': -1}"
Cath,XGBoost,Config_B_OneHot,1,3,0.9109034663954573,"{'n_estimators': 250, 'learning_rate': 0.07076922519051031, 'max_depth': 2, 'min_child_weight': 4, 'subsample': 0.85, 'colsample_bytree': 0.7, 'reg_alpha': 0.06647135865318027, 'reg_lambda': 0.9263103092182288, 'objective': 'binary:logistic', 'eval_metric': 'logloss', 'random_state': 42, 'n_jobs': -1}"
Cath,XGBoost,Config_B_OneHot,1,4,0.9101300957708279,"{'n_estimators': 150, 'learning_rate': 0.09210273435223537, 'max_depth': 4, 'min_child_weight': 5, 'subsample': 0.75, 'colsample_bytree': 0.7, 'reg_alpha': 0.11290133559092672, 'reg_lambda': 1.6003812343490034, 'objective': 'binary:logistic', 'eval_metric': 'logloss', 'random_state': 42, 'n_jobs': -1}"
Cath,XGBoost,Config_B_OneHot,1,5,0.9287545554708027,"{'n_estimators': 150, 'learning_rate': 0.044375555500974335, 'max_depth': 2, 'min_child_weight': 6, 'subsample': 0.75, 'colsample_bytree': 0.85, 'reg_alpha': 0.00861257919259488, 'reg_lambda': 1.800170052944527, 'objective': 'binary:logistic', 'eval_metric': 'logloss', 'random_state': 42, 'n_jobs': -1}"
Cath,XGBoost,Config_B_OneHot,1,6,0.9257987965081788,"{'n_estimators': 300, 'learning_rate': 0.02693008444549291, 'max_depth': 4, 'min_child_weight': 5, 'subsample': 0.95, 'colsample_bytree': 0.95, 'reg_alpha': 0.062187047277690755, 'reg_lambda': 2.804685587557792, 'objective': 'binary:logistic', 'eval_metric': 'logloss', 'random_state': 42, 'n_jobs': -1}"
Cath,XGBoost,Config_B_OneHot,1,7,0.927165437748962,"{'n_estimators': 150, 'learning_rate': 0.02741676047408578, 'max_depth': 2, 'min_child_weight': 2, 'subsample': 0.7999999999999999, 'colsample_bytree': 0.75, 'reg_alpha': 0.3063462210622082, 'reg_lambda': 1.3918833167339733, 'objective': 'binary:logistic', 'eval_metric': 'logloss', 'random_state': 42, 'n_jobs': -1}"
Cath,XGBoost,Config_B_OneHot,1,8,0.9201627256547164,"{'n_estimators': 200, 'learning_rate': 0.04790251099825471, 'max_depth': 2, 'min_child_weight': 5, 'subsample': 0.7, 'colsample_bytree': 0.95, 'reg_alpha': 0.2073644517790503, 'reg_lambda': 0.996789203835431, 'objective': 'binary:logistic', 'eval_metric': 'logloss', 'random_state': 42, 'n_jobs': -1}"
Cath,XGBoost,Config_B_OneHot,1,9,0.9129905076701416,"{'n_estimators': 150, 'learning_rate': 0.07430415058177403, 'max_depth': 4, 'min_child_weight': 5, 'subsample': 0.8999999999999999, 'colsample_bytree': 0.7, 'reg_alpha': 0.011895896737553546, 'reg_lambda': 0.7896726488128243, 'objective': 'binary:logistic', 'eval_metric': 'logloss', 'random_state': 42, 'n_jobs': -1}"
Cath,XGBoost,Config_B_OneHot,2,0,0.8871726417493008,"{'n_estimators': 150, 'learning_rate': 0.05330270354549398, 'max_depth': 2, 'min_child_weight': 2, 'subsample': 0.75, 'colsample_bytree': 0.95, 'reg_alpha': 0.09960259174680089, 'reg_lambda': 1.8529055307085094, 'objective': 'binary:logistic', 'eval_metric': 'logloss', 'random_state': 42, 'n_jobs': -1}"
Cath,XGBoost,Config_B_OneHot,2,1,0.8943130773794389,"{'n_estimators': 150, 'learning_rate': 0.06514754364377333, 'max_depth': 3, 'min_child_weight': 5, 'subsample': 0.75, 'colsample_bytree': 0.7, 'reg_alpha': 0.39805760229403336, 'reg_lambda': 1.0525724897109283, 'objective': 'binary:logistic', 'eval_metric': 'logloss', 'random_state': 42, 'n_jobs': -1}"
Cath,XGBoost,Config_B_OneHot,2,2,0.8862933299432155,"{'n_estimators': 250, 'learning_rate': 0.03326380663299377, 'max_depth': 2, 'min_child_weight': 6, 'subsample': 0.95, 'colsample_bytree': 0.95, 'reg_alpha': 0.014326191204934084, 'reg_lambda': 2.886220312771663, 'objective': 'binary:logistic', 'eval_metric': 'logloss', 'random_state': 42, 'n_jobs': -1}"
Cath,XGBoost,Config_B_OneHot,2,3,0.8812929061784897,"{'n_estimators': 250, 'learning_rate': 0.05876888328083205, 'max_depth': 2, 'min_child_weight': 6, 'subsample': 0.75, 'colsample_bytree': 0.75, 'reg_alpha': 0.0010360689230125575, 'reg_lambda': 1.8580062882010149, 'objective': 'binary:logistic', 'eval_metric': 'logloss', 'random_state': 42, 'n_jobs': -1}"
Cath,XGBoost,Config_B_OneHot,2,4,0.8857636240359353,"{'n_estimators': 250, 'learning_rate': 0.055697552026511665, 'max_depth': 4, 'min_child_weight': 6, 'subsample': 0.95, 'colsample_bytree': 0.85, 'reg_alpha': 0.002051430695496562, 'reg_lambda': 0.9522864881447525, 'objective': 'binary:logistic', 'eval_metric': 'logloss', 'random_state': 42, 'n_jobs': -1}"
Cath,XGBoost,Config_B_OneHot,2,5,0.8880201712009493,"{'n_estimators': 400, 'learning_rate': 0.038812603375781164, 'max_depth': 4, 'min_child_weight': 5, 'subsample': 0.85, 'colsample_bytree': 0.75, 'reg_alpha': 0.49005159744312693, 'reg_lambda': 1.017228428358413, 'objective': 'binary:logistic', 'eval_metric': 'logloss', 'random_state': 42, 'n_jobs': -1}"
Cath,XGBoost,Config_B_OneHot,2,6,0.8775955589456733,"{'n_estimators': 250, 'learning_rate': 0.09897086476960257, 'max_depth': 4, 'min_child_weight': 3, 'subsample': 0.85, 'colsample_bytree': 0.7999999999999999, 'reg_alpha': 0.15169245355552202, 'reg_lambda': 1.497992214760187, 'objective': 'binary:logistic', 'eval_metric': 'logloss', 'random_state': 42, 'n_jobs': -1}"
Cath,XGBoost,Config_B_OneHot,2,7,0.8855941181456056,"{'n_estimators': 350, 'learning_rate': 0.062173464338216085, 'max_depth': 3, 'min_child_weight': 4, 'subsample': 0.75, 'colsample_bytree': 0.75, 'reg_alpha': 0.24390269240315787, 'reg_lambda': 1.2258319444268915, 'objective': 'binary:logistic', 'eval_metric': 'logloss', 'random_state': 42, 'n_jobs': -1}"
Cath,XGBoost,Config_B_OneHot,2,8,0.8890689888973641,"{'n_estimators': 300, 'learning_rate': 0.032393146470643217, 'max_depth': 2, 'min_child_weight': 3, 'subsample': 0.75, 'colsample_bytree': 0.75, 'reg_alpha': 0.05811819636457307, 'reg_lambda': 1.1133581324083994, 'objective': 'binary:logistic', 'eval_metric': 'logloss', 'random_state': 42, 'n_jobs': -1}"
Cath,XGBoost,Config_B_OneHot,2,9,0.882225188575303,"{'n_estimators': 350, 'learning_rate': 0.06373689479884309, 'max_depth': 4, 'min_child_weight': 1, 'subsample': 0.95, 'colsample_bytree': 0.85, 'reg_alpha': 0.5000585509899604, 'reg_lambda': 0.9964497110907848, 'objective': 'binary:logistic', 'eval_metric': 'logloss', 'random_state': 42, 'n_jobs': -1}"
Cath,XGBoost,Config_B_OneHot,3,0,0.9201309433002797,"{'n_estimators': 400, 'learning_rate': 0.02367441897362538, 'max_depth': 4, 'min_child_weight': 3, 'subsample': 0.7999999999999999, 'colsample_bytree': 0.85, 'reg_alpha': 0.015182337912426772, 'reg_lambda': 1.5226815246522467, 'objective': 'binary:logistic', 'eval_metric': 'logloss', 'random_state': 42, 'n_jobs': -1}"
Cath,XGBoost,Config_B_OneHot,3,1,0.91759894906348,"{'n_estimators': 300, 'learning_rate': 0.06271943561106422, 'max_depth': 4, 'min_child_weight': 3, 'subsample': 0.7999999999999999, 'colsample_bytree': 0.7, 'reg_alpha': 0.004505018803694761, 'reg_lambda': 2.8936801726697934, 'objective': 'binary:logistic', 'eval_metric': 'logloss', 'random_state': 42, 'n_jobs': -1}"
Cath,XGBoost,Config_B_OneHot,3,2,0.9176095431816255,"{'n_estimators': 400, 'learning_rate': 0.08267966671251838, 'max_depth': 3, 'min_child_weight': 2, 'subsample': 0.85, 'colsample_bytree': 0.7, 'reg_alpha': 0.023774544825111443, 'reg_lambda': 2.6846579628907956, 'objective': 'binary:logistic', 'eval_metric': 'logloss', 'random_state': 42, 'n_jobs': -1}"
Cath,XGBoost,Config_B_OneHot,3,3,0.922514619883041,"{'n_estimators': 200, 'learning_rate': 0.058309721930907325, 'max_depth': 4, 'min_child_weight': 1, 'subsample': 0.85, 'colsample_bytree': 0.7, 'reg_alpha': 0.0033012983873664564, 'reg_lambda': 0.7600574024755777, 'objective': 'binary:logistic', 'eval_metric': 'logloss', 'random_state': 42, 'n_jobs': -1}"
Cath,XGBoost,Config_B_OneHot,3,4,0.9233515552165438,"{'n_estimators': 200, 'learning_rate': 0.04160961144926409, 'max_depth': 4, 'min_child_weight': 6, 'subsample': 0.8999999999999999, 'colsample_bytree': 0.7999999999999999, 'reg_alpha': 0.03525431469306821, 'reg_lambda': 0.6472473034301935, 'objective': 'binary:logistic', 'eval_metric': 'logloss', 'random_state': 42, 'n_jobs': -1}"
Cath,XGBoost,Config_B_OneHot,3,5,0.9237541317060768,"{'n_estimators': 350, 'learning_rate': 0.022475573502479956, 'max_depth': 4, 'min_child_weight': 5, 'subsample': 0.95, 'colsample_bytree': 0.8999999999999999, 'reg_alpha': 0.12367723137453572, 'reg_lambda': 2.825257008520431, 'objective': 'binary:logistic', 'eval_metric': 'logloss', 'random_state': 42, 'n_jobs': -1}"
Cath,XGBoost,Config_B_OneHot,3,6,0.9207559962708705,"{'n_estimators': 400, 'learning_rate': 0.02330303906616458, 'max_depth': 3, 'min_child_weight': 3, 'subsample': 0.7, 'colsample_bytree': 0.7, 'reg_alpha': 0.8971232248969842, 'reg_lambda': 1.1789003842798715, 'objective': 'binary:logistic', 'eval_metric': 'logloss', 'random_state': 42, 'n_jobs': -1}"
Cath,XGBoost,Config_B_OneHot,3,7,0.9219849139757605,"{'n_estimators': 400, 'learning_rate': 0.026051041249631826, 'max_depth': 2, 'min_child_weight': 2, 'subsample': 0.75, 'colsample_bytree': 0.7999999999999999, 'reg_alpha': 0.009839865732284495, 'reg_lambda': 1.9201884323031173, 'objective': 'binary:logistic', 'eval_metric': 'logloss', 'random_state': 42, 'n_jobs': -1}"
Cath,XGBoost,Config_B_OneHot,3,8,0.9231078904991948,"{'n_estimators': 150, 'learning_rate': 0.07224242599239163, 'max_depth': 2, 'min_child_weight': 6, 'subsample': 0.95, 'colsample_bytree': 0.7, 'reg_alpha': 0.36395420207923074, 'reg_lambda': 2.1890154341751376, 'objective': 'binary:logistic', 'eval_metric': 'logloss', 'random_state': 42, 'n_jobs': -1}"
Cath,XGBoost,Config_B_OneHot,3,9,0.9170480549199086,"{'n_estimators': 150, 'learning_rate': 0.03288329008725892, 'max_depth': 3, 'min_child_weight': 4, 'subsample': 0.8999999999999999, 'colsample_bytree': 0.85, 'reg_alpha': 0.6547981875363488, 'reg_lambda': 2.3427989818524524, 'objective': 'binary:logistic', 'eval_metric': 'logloss', 'random_state': 42, 'n_jobs': -1}"
Cath,XGBoost,Config_B_OneHot,4,0,0.9037341786988801,"{'n_estimators': 400, 'learning_rate': 0.0484334355087889, 'max_depth': 2, 'min_child_weight': 1, 'subsample': 0.7999999999999999, 'colsample_bytree': 0.7999999999999999, 'reg_alpha': 0.0013981893916347238, 'reg_lambda': 0.9083111205206669, 'objective': 'binary:logistic', 'eval_metric': 'logloss', 'random_state': 42, 'n_jobs': -1}"
Cath,XGBoost,Config_B_OneHot,4,1,0.9076783463438121,"{'n_estimators': 150, 'learning_rate': 0.05489818202367424, 'max_depth': 4, 'min_child_weight': 4, 'subsample': 0.95, 'colsample_bytree': 0.7999999999999999, 'reg_alpha': 0.07159512484045231, 'reg_lambda': 1.2066680163279184, 'objective': 'binary:logistic', 'eval_metric': 'logloss', 'random_state': 42, 'n_jobs': -1}"
Cath,XGBoost,Config_B_OneHot,4,2,0.9007788705497942,"{'n_estimators': 400, 'learning_rate': 0.0590859656879139, 'max_depth': 3, 'min_child_weight': 2, 'subsample': 0.85, 'colsample_bytree': 0.7, 'reg_alpha': 0.0047958364927793195, 'reg_lambda': 1.6963807616542366, 'objective': 'binary:logistic', 'eval_metric': 'logloss', 'random_state': 42, 'n_jobs': -1}"
Cath,XGBoost,Config_B_OneHot,4,3,0.8972690617488319,"{'n_estimators': 200, 'learning_rate': 0.03734376811869567, 'max_depth': 4, 'min_child_weight': 1, 'subsample': 0.95, 'colsample_bytree': 0.75, 'reg_alpha': 0.1315571491786383, 'reg_lambda': 0.7764136419312782, 'objective': 'binary:logistic', 'eval_metric': 'logloss', 'random_state': 42, 'n_jobs': -1}"
Cath,XGBoost,Config_B_OneHot,4,4,0.9055496048168526,"{'n_estimators': 300, 'learning_rate': 0.03849158349396414, 'max_depth': 4, 'min_child_weight': 2, 'subsample': 0.7999999999999999, 'colsample_bytree': 0.85, 'reg_alpha': 0.0056996816514085415, 'reg_lambda': 0.7756033056643312, 'objective': 'binary:logistic', 'eval_metric': 'logloss', 'random_state': 42, 'n_jobs': -1}"
Cath,XGBoost,Config_B_OneHot,4,5,0.9124813137788453,"{'n_estimators': 350, 'learning_rate': 0.032942941656899545, 'max_depth': 4, 'min_child_weight': 3, 'subsample': 0.7, 'colsample_bytree': 0.95, 'reg_alpha': 0.16798185928502854, 'reg_lambda': 0.8048306885869976, 'objective': 'binary:logistic', 'eval_metric': 'logloss', 'random_state': 42, 'n_jobs': -1}"
Cath,XGBoost,Config_B_OneHot,4,6,0.9050701646190719,"{'n_estimators': 400, 'learning_rate': 0.02227500649629181, 'max_depth': 2, 'min_child_weight': 2, 'subsample': 0.95, 'colsample_bytree': 0.85, 'reg_alpha': 0.005823314772303196, 'reg_lambda': 1.128290632094629, 'objective': 'binary:logistic', 'eval_metric': 'logloss', 'random_state': 42, 'n_jobs': -1}"
Cath,XGBoost,Config_B_OneHot,4,7,0.9072656265496716,"{'n_estimators': 400, 'learning_rate': 0.05963312950353342, 'max_depth': 3, 'min_child_weight': 1, 'subsample': 0.7999999999999999, 'colsample_bytree': 0.75, 'reg_alpha': 0.009284742446565885, 'reg_lambda': 2.1237148758190827, 'objective': 'binary:logistic', 'eval_metric': 'logloss', 'random_state': 42, 'n_jobs': -1}"
Cath,XGBoost,Config_B_OneHot,4,8,0.9100705883837975,"{'n_estimators': 350, 'learning_rate': 0.04249916167287183, 'max_depth': 2, 'min_child_weight': 2, 'subsample': 0.7, 'colsample_bytree': 0.7, 'reg_alpha': 0.029873731347575504, 'reg_lambda': 2.9769467580716227, 'objective': 'binary:logistic', 'eval_metric': 'logloss', 'random_state': 42, 'n_jobs': -1}"
Cath,XGBoost,Config_B_OneHot,4,9,0.906112896332722,"{'n_estimators': 400, 'learning_rate': 0.025927405121442346, 'max_depth': 2, 'min_child_weight': 4, 'subsample': 0.95, 'colsample_bytree': 0.8999999999999999, 'reg_alpha': 0.001312983923940937, 'reg_lambda': 0.8999060774208579, 'objective': 'binary:logistic', 'eval_metric': 'logloss', 'random_state': 42, 'n_jobs': -1}"
Cath,XGBoost,Config_B_OneHot,5,0,0.922245935014327,"{'n_estimators': 350, 'learning_rate': 0.05555967721290319, 'max_depth': 2, 'min_child_weight': 5, 'subsample': 0.75, 'colsample_bytree': 0.95, 'reg_alpha': 0.0013446100254939565, 'reg_lambda': 1.6021680085745111, 'objective': 'binary:logistic', 'eval_metric': 'logloss', 'random_state': 42, 'n_jobs': -1}"
Cath,XGBoost,Config_B_OneHot,5,1,0.9342199934000899,"{'n_estimators': 400, 'learning_rate': 0.04159719890479545, 'max_depth': 3, 'min_child_weight': 1, 'subsample': 0.7999999999999999, 'colsample_bytree': 0.8999999999999999, 'reg_alpha': 0.3992493215720249, 'reg_lambda': 1.3091645672516765, 'objective': 'binary:logistic', 'eval_metric': 'logloss', 'random_state': 42, 'n_jobs': -1}"
Cath,XGBoost,Config_B_OneHot,5,2,0.93039461512245,"{'n_estimators': 150, 'learning_rate': 0.07272428509110154, 'max_depth': 3, 'min_child_weight': 4, 'subsample': 0.7, 'colsample_bytree': 0.75, 'reg_alpha': 0.0013898235258748496, 'reg_lambda': 1.430527694515313, 'objective': 'binary:logistic', 'eval_metric': 'logloss', 'random_state': 42, 'n_jobs': -1}"
Cath,XGBoost,Config_B_OneHot,5,3,0.9278984605619301,"{'n_estimators': 200, 'learning_rate': 0.09848681717299682, 'max_depth': 3, 'min_child_weight': 2, 'subsample': 0.75, 'colsample_bytree': 0.7999999999999999, 'reg_alpha': 0.0014915079372878957, 'reg_lambda': 1.2242501018196377, 'objective': 'binary:logistic', 'eval_metric': 'logloss', 'random_state': 42, 'n_jobs': -1}"
Cath,XGBoost,Config_B_OneHot,5,4,0.9209261783815074,"{'n_estimators': 200, 'learning_rate': 0.09428420793329491, 'max_depth': 3, 'min_child_weight': 6, 'subsample': 0.7, 'colsample_bytree': 0.7, 'reg_alpha': 0.10416573702496974, 'reg_lambda': 2.9474798120310846, 'objective': 'binary:logistic', 'eval_metric': 'logloss', 'random_state': 42, 'n_jobs': -1}"
Cath,XGBoost,Config_B_OneHot,5,5,0.9237568365873056,"{'n_estimators': 150, 'learning_rate': 0.08619777115317026, 'max_depth': 2, 'min_child_weight': 5, 'subsample': 0.7, 'colsample_bytree': 0.75, 'reg_alpha': 0.0032271807728235045, 'reg_lambda': 0.9878182418621777, 'objective': 'binary:logistic', 'eval_metric': 'logloss', 'random_state': 42, 'n_jobs': -1}"
Cath,XGBoost,Config_B_OneHot,5,6,0.9275515595443536,"{'n_estimators': 150, 'learning_rate': 0.046243032354801046, 'max_depth': 2, 'min_child_weight': 5, 'subsample': 0.7, 'colsample_bytree': 0.7, 'reg_alpha': 0.019444800458854605, 'reg_lambda': 1.0474321934383655, 'objective': 'binary:logistic', 'eval_metric': 'logloss', 'random_state': 42, 'n_jobs': -1}"
Cath,XGBoost,Config_B_OneHot,5,7,0.9253752571891235,"{'n_estimators': 400, 'learning_rate': 0.020189996737357576, 'max_depth': 2, 'min_child_weight': 5, 'subsample': 0.7, 'colsample_bytree': 0.95, 'reg_alpha': 0.03483041512605283, 'reg_lambda': 1.5620006405723044, 'objective': 'binary:logistic', 'eval_metric': 'logloss', 'random_state': 42, 'n_jobs': -1}"
Cath,XGBoost,Config_B_OneHot,5,8,0.9376337789174345,"{'n_estimators': 150, 'learning_rate': 0.04431482008164259, 'max_depth': 4, 'min_child_weight': 3, 'subsample': 0.7999999999999999, 'colsample_bytree': 0.8999999999999999, 'reg_alpha': 0.13869033270953285, 'reg_lambda': 1.7164294282554504, 'objective': 'binary:logistic', 'eval_metric': 'logloss', 'random_state': 42, 'n_jobs': -1}"
Cath,XGBoost,Config_B_OneHot,5,9,0.9292524790236462,"{'n_estimators': 200, 'learning_rate': 0.05898415803569665, 'max_depth': 3, 'min_child_weight': 3, 'subsample': 0.85, 'colsample_bytree': 0.75, 'reg_alpha': 0.09040950355856664, 'reg_lambda': 0.7273765036255824, 'objective': 'binary:logistic', 'eval_metric': 'logloss', 'random_state': 42, 'n_jobs': -1}"
Cath,XGBoost,Config_B_OneHot,6,0,0.9120794135096194,"{'n_estimators': 150, 'learning_rate': 0.09597639835434915, 'max_depth': 4, 'min_child_weight': 3, 'subsample': 0.8999999999999999, 'colsample_bytree': 0.8999999999999999, 'reg_alpha': 0.086434189417616, 'reg_lambda': 1.5364990179704159, 'objective': 'binary:logistic', 'eval_metric': 'logloss', 'random_state': 42, 'n_jobs': -1}"
Cath,XGBoost,Config_B_OneHot,6,1,0.9181710314433427,"{'n_estimators': 350, 'learning_rate': 0.02974613297949653, 'max_depth': 2, 'min_child_weight': 1, 'subsample': 0.7, 'colsample_bytree': 0.75, 'reg_alpha': 0.08366947297714275, 'reg_lambda': 1.3055198701736974, 'objective': 'binary:logistic', 'eval_metric': 'logloss', 'random_state': 42, 'n_jobs': -1}"
Cath,XGBoost,Config_B_OneHot,6,2,0.9136579371133147,"{'n_estimators': 200, 'learning_rate': 0.08752271366454631, 'max_depth': 2, 'min_child_weight': 2, 'subsample': 0.95, 'colsample_bytree': 0.7, 'reg_alpha': 0.17449964574957397, 'reg_lambda': 0.5130948892472565, 'objective': 'binary:logistic', 'eval_metric': 'logloss', 'random_state': 42, 'n_jobs': -1}"
Cath,XGBoost,Config_B_OneHot,6,3,0.9038371895923385,"{'n_estimators': 400, 'learning_rate': 0.06130310960796044, 'max_depth': 3, 'min_child_weight': 6, 'subsample': 0.85, 'colsample_bytree': 0.75, 'reg_alpha': 0.04079410199446408, 'reg_lambda': 1.2336495449497418, 'objective': 'binary:logistic', 'eval_metric': 'logloss', 'random_state': 42, 'n_jobs': -1}"
Cath,XGBoost,Config_B_OneHot,6,4,0.9071849309263497,"{'n_estimators': 150, 'learning_rate': 0.08294308550725901, 'max_depth': 3, 'min_child_weight': 6, 'subsample': 0.8999999999999999, 'colsample_bytree': 0.75, 'reg_alpha': 0.012178355108396106, 'reg_lambda': 1.8160097139320426, 'objective': 'binary:logistic', 'eval_metric': 'logloss', 'random_state': 42, 'n_jobs': -1}"
Cath,XGBoost,Config_B_OneHot,6,5,0.9154589371980677,"{'n_estimators': 300, 'learning_rate': 0.03032723336579277, 'max_depth': 2, 'min_child_weight': 3, 'subsample': 0.7, 'colsample_bytree': 0.7999999999999999, 'reg_alpha': 0.026041440414973645, 'reg_lambda': 2.9220673075619508, 'objective': 'binary:logistic', 'eval_metric': 'logloss', 'random_state': 42, 'n_jobs': -1}"
Cath,XGBoost,Config_B_OneHot,6,6,0.9102254428341384,"{'n_estimators': 150, 'learning_rate': 0.04575922082091726, 'max_depth': 3, 'min_child_weight': 2, 'subsample': 0.7, 'colsample_bytree': 0.85, 'reg_alpha': 0.0020473233146825888, 'reg_lambda': 1.9199152212972468, 'objective': 'binary:logistic', 'eval_metric': 'logloss', 'random_state': 42, 'n_jobs': -1}"
Cath,XGBoost,Config_B_OneHot,6,7,0.9183617255699635,"{'n_estimators': 250, 'learning_rate': 0.0229217708043841, 'max_depth': 3, 'min_child_weight': 4, 'subsample': 0.85, 'colsample_bytree': 0.75, 'reg_alpha': 0.7283277146238132, 'reg_lambda': 0.6475611406741715, 'objective': 'binary:logistic', 'eval_metric': 'logloss', 'random_state': 42, 'n_jobs': -1}"
Cath,XGBoost,Config_B_OneHot,6,8,0.9072167132807865,"{'n_estimators': 400, 'learning_rate': 0.07060792368122924, 'max_depth': 2, 'min_child_weight': 6, 'subsample': 0.7999999999999999, 'colsample_bytree': 0.7999999999999999, 'reg_alpha': 0.4802533891156786, 'reg_lambda': 2.3851346741829174, 'objective': 'binary:logistic', 'eval_metric': 'logloss', 'random_state': 42, 'n_jobs': -1}"
Cath,XGBoost,Config_B_OneHot,6,9,0.9092084074921604,"{'n_estimators': 350, 'learning_rate': 0.0823111249489445, 'max_depth': 3, 'min_child_weight': 2, 'subsample': 0.7999999999999999, 'colsample_bytree': 0.85, 'reg_alpha': 0.06674732459110708, 'reg_lambda': 1.8131124283803848, 'objective': 'binary:logistic', 'eval_metric': 'logloss', 'random_state': 42, 'n_jobs': -1}"
Cath,XGBoost,Config_B_OneHot,7,0,0.9058712602762946,"{'n_estimators': 150, 'learning_rate': 0.08398717355973007, 'max_depth': 2, 'min_child_weight': 2, 'subsample': 0.8999999999999999, 'colsample_bytree': 0.75, 'reg_alpha': 0.39276353491451815, 'reg_lambda': 1.6187815805346855, 'objective': 'binary:logistic', 'eval_metric': 'logloss', 'random_state': 42, 'n_jobs': -1}"
Cath,XGBoost,Config_B_OneHot,7,1,0.9053097720145775,"{'n_estimators': 300, 'learning_rate': 0.035537142718999944, 'max_depth': 2, 'min_child_weight': 1, 'subsample': 0.7999999999999999, 'colsample_bytree': 0.8999999999999999, 'reg_alpha': 0.024005109125923164, 'reg_lambda': 1.981861022438431, 'objective': 'binary:logistic', 'eval_metric': 'logloss', 'random_state': 42, 'n_jobs': -1}"
Cath,XGBoost,Config_B_OneHot,7,2,0.907174336808204,"{'n_estimators': 250, 'learning_rate': 0.041558648101322274, 'max_depth': 2, 'min_child_weight': 3, 'subsample': 0.7, 'colsample_bytree': 0.7, 'reg_alpha': 0.0017618279370659924, 'reg_lambda': 1.0335998777008533, 'objective': 'binary:logistic', 'eval_metric': 'logloss', 'random_state': 42, 'n_jobs': -1}"
Cath,XGBoost,Config_B_OneHot,7,3,0.9086892957030256,"{'n_estimators': 300, 'learning_rate': 0.05739865607856581, 'max_depth': 3, 'min_child_weight': 4, 'subsample': 0.7999999999999999, 'colsample_bytree': 0.7999999999999999, 'reg_alpha': 0.016029577507559015, 'reg_lambda': 2.1983120803471046, 'objective': 'binary:logistic', 'eval_metric': 'logloss', 'random_state': 42, 'n_jobs': -1}"
Cath,XGBoost,Config_B_OneHot,7,4,0.9129799135519958,"{'n_estimators': 150, 'learning_rate': 0.07118139650341943, 'max_depth': 2, 'min_child_weight': 4, 'subsample': 0.7, 'colsample_bytree': 0.8999999999999999, 'reg_alpha': 0.0061568293986750955, 'reg_lambda': 2.429923074495372, 'objective': 'binary:logistic', 'eval_metric': 'logloss', 'random_state': 42, 'n_jobs': -1}"
Cath,XGBoost,Config_B_OneHot,7,5,0.9153635901347572,"{'n_estimators': 200, 'learning_rate': 0.05708662007797162, 'max_depth': 4, 'min_child_weight': 6, 'subsample': 0.7, 'colsample_bytree': 0.7999999999999999, 'reg_alpha': 0.0018629487074258546, 'reg_lambda': 2.232095830312237, 'objective': 'binary:logistic', 'eval_metric': 'logloss', 'random_state': 42, 'n_jobs': -1}"
Cath,XGBoost,Config_B_OneHot,7,6,0.9062738367658277,"{'n_estimators': 350, 'learning_rate': 0.08639916152073042, 'max_depth': 2, 'min_child_weight': 2, 'subsample': 0.7, 'colsample_bytree': 0.7999999999999999, 'reg_alpha': 0.7736457449215157, 'reg_lambda': 1.9481133503758485, 'objective': 'binary:logistic', 'eval_metric': 'logloss', 'random_state': 42, 'n_jobs': -1}"
Cath,XGBoost,Config_B_OneHot,7,7,0.8985401305195356,"{'n_estimators': 400, 'learning_rate': 0.04601364599415404, 'max_depth': 4, 'min_child_weight': 3, 'subsample': 0.95, 'colsample_bytree': 0.7999999999999999, 'reg_alpha': 0.0026791457190218073, 'reg_lambda': 2.7675510514760076, 'objective': 'binary:logistic', 'eval_metric': 'logloss', 'random_state': 42, 'n_jobs': -1}"
Cath,XGBoost,Config_B_OneHot,7,8,0.8918764302059498,"{'n_estimators': 150, 'learning_rate': 0.023178518020255966, 'max_depth': 3, 'min_child_weight': 1, 'subsample': 0.8999999999999999, 'colsample_bytree': 0.7999999999999999, 'reg_alpha': 0.1372793238892058, 'reg_lambda': 2.016905933400257, 'objective': 'binary:logistic', 'eval_metric': 'logloss', 'random_state': 42, 'n_jobs': -1}"
Cath,XGBoost,Config_B_OneHot,7,9,0.9125455547080262,"{'n_estimators': 400, 'learning_rate': 0.02274467045722856, 'max_depth': 3, 'min_child_weight': 4, 'subsample': 0.7999999999999999, 'colsample_bytree': 0.7999999999999999, 'reg_alpha': 0.0011132565607220588, 'reg_lambda': 2.5774509515144737, 'objective': 'binary:logistic', 'eval_metric': 'logloss', 'random_state': 42, 'n_jobs': -1}"
Cath,XGBoost,Config_B_OneHot,8,0,0.9052462073057038,"{'n_estimators': 200, 'learning_rate': 0.02976588540355519, 'max_depth': 4, 'min_child_weight': 6, 'subsample': 0.8999999999999999, 'colsample_bytree': 0.85, 'reg_alpha': 0.043741899731708535, 'reg_lambda': 1.0260595899669145, 'objective': 'binary:logistic', 'eval_metric': 'logloss', 'random_state': 42, 'n_jobs': -1}"
Cath,XGBoost,Config_B_OneHot,8,1,0.8864734299516909,"{'n_estimators': 350, 'learning_rate': 0.084619012575562, 'max_depth': 4, 'min_child_weight': 3, 'subsample': 0.7999999999999999, 'colsample_bytree': 0.8999999999999999, 'reg_alpha': 0.3423685923375879, 'reg_lambda': 1.0728455110318198, 'objective': 'binary:logistic', 'eval_metric': 'logloss', 'random_state': 42, 'n_jobs': -1}"
Cath,XGBoost,Config_B_OneHot,8,2,0.904515213153657,"{'n_estimators': 400, 'learning_rate': 0.02198933749420546, 'max_depth': 2, 'min_child_weight': 2, 'subsample': 0.8999999999999999, 'colsample_bytree': 0.8999999999999999, 'reg_alpha': 0.6746620783299525, 'reg_lambda': 2.0159579171036914, 'objective': 'binary:logistic', 'eval_metric': 'logloss', 'random_state': 42, 'n_jobs': -1}"
Cath,XGBoost,Config_B_OneHot,8,3,0.9005000423764725,"{'n_estimators': 250, 'learning_rate': 0.03936915003890607, 'max_depth': 4, 'min_child_weight': 2, 'subsample': 0.75, 'colsample_bytree': 0.7, 'reg_alpha': 0.005681710676081756, 'reg_lambda': 2.7765889761697893, 'objective': 'binary:logistic', 'eval_metric': 'logloss', 'random_state': 42, 'n_jobs': -1}"
Cath,XGBoost,Config_B_OneHot,8,4,0.8918976184422408,"{'n_estimators': 400, 'learning_rate': 0.055771175070257105, 'max_depth': 4, 'min_child_weight': 6, 'subsample': 0.95, 'colsample_bytree': 0.95, 'reg_alpha': 0.09937340043653158, 'reg_lambda': 1.4826384625126154, 'objective': 'binary:logistic', 'eval_metric': 'logloss', 'random_state': 42, 'n_jobs': -1}"
Cath,XGBoost,Config_B_OneHot,8,5,0.8971946775150436,"{'n_estimators': 300, 'learning_rate': 0.03671382209161652, 'max_depth': 3, 'min_child_weight': 3, 'subsample': 0.7, 'colsample_bytree': 0.95, 'reg_alpha': 0.04257917107079235, 'reg_lambda': 2.5582531004039644, 'objective': 'binary:logistic', 'eval_metric': 'logloss', 'random_state': 42, 'n_jobs': -1}"
Cath,XGBoost,Config_B_OneHot,8,6,0.9021421306890414,"{'n_estimators': 300, 'learning_rate': 0.020215903507480225, 'max_depth': 3, 'min_child_weight': 5, 'subsample': 0.75, 'colsample_bytree': 0.7, 'reg_alpha': 0.0018722080855166697, 'reg_lambda': 1.13953326492302, 'objective': 'binary:logistic', 'eval_metric': 'logloss', 'random_state': 42, 'n_jobs': -1}"
Cath,XGBoost,Config_B_OneHot,8,7,0.8926921773031613,"{'n_estimators': 300, 'learning_rate': 0.07621361293070887, 'max_depth': 2, 'min_child_weight': 5, 'subsample': 0.7, 'colsample_bytree': 0.95, 'reg_alpha': 0.07333093586251178, 'reg_lambda': 2.974076780123529, 'objective': 'binary:logistic', 'eval_metric': 'logloss', 'random_state': 42, 'n_jobs': -1}"
Cath,XGBoost,Config_B_OneHot,8,8,0.9023434189338079,"{'n_estimators': 200, 'learning_rate': 0.052051275322715834, 'max_depth': 3, 'min_child_weight': 5, 'subsample': 0.85, 'colsample_bytree': 0.85, 'reg_alpha': 0.8122683872844335, 'reg_lambda': 2.024509215107348, 'objective': 'binary:logistic', 'eval_metric': 'logloss', 'random_state': 42, 'n_jobs': -1}"
Cath,XGBoost,Config_B_OneHot,8,9,0.889312653614713,"{'n_estimators': 300, 'learning_rate': 0.06811855334965983, 'max_depth': 2, 'min_child_weight': 6, 'subsample': 0.8999999999999999, 'colsample_bytree': 0.95, 'reg_alpha': 0.03898282811042262, 'reg_lambda': 0.5132423837421164, 'objective': 'binary:logistic', 'eval_metric': 'logloss', 'random_state': 42, 'n_jobs': -1}"
Cath,XGBoost,Config_B_OneHot,9,0,0.918469019192034,"{'n_estimators': 250, 'learning_rate': 0.028870429454998316, 'max_depth': 2, 'min_child_weight': 3, 'subsample': 0.7999999999999999, 'colsample_bytree': 0.95, 'reg_alpha': 0.016772260574480478, 'reg_lambda': 2.429734987099284, 'objective': 'binary:logistic', 'eval_metric': 'logloss', 'random_state': 42, 'n_jobs': -1}"
Cath,XGBoost,Config_B_OneHot,9,1,0.9161827183335047,"{'n_estimators': 350, 'learning_rate': 0.032939517359661816, 'max_depth': 3, 'min_child_weight': 3, 'subsample': 0.7, 'colsample_bytree': 0.95, 'reg_alpha': 0.5339926925906314, 'reg_lambda': 1.8998927593053125, 'objective': 'binary:logistic', 'eval_metric': 'logloss', 'random_state': 42, 'n_jobs': -1}"
Cath,XGBoost,Config_B_OneHot,9,2,0.9150595164033014,"{'n_estimators': 200, 'learning_rate': 0.08353244236958593, 'max_depth': 4, 'min_child_weight': 3, 'subsample': 0.85, 'colsample_bytree': 0.85, 'reg_alpha': 0.608138898907299, 'reg_lambda': 1.9284326725973164, 'objective': 'binary:logistic', 'eval_metric': 'logloss', 'random_state': 42, 'n_jobs': -1}"
Cath,XGBoost,Config_B_OneHot,9,3,0.911248564158881,"{'n_estimators': 350, 'learning_rate': 0.021754908109300614, 'max_depth': 2, 'min_child_weight': 1, 'subsample': 0.75, 'colsample_bytree': 0.95, 'reg_alpha': 0.6516969205342049, 'reg_lambda': 2.285231768585234, 'objective': 'binary:logistic', 'eval_metric': 'logloss', 'random_state': 42, 'n_jobs': -1}"
Cath,XGBoost,Config_B_OneHot,9,4,0.910991375035389,"{'n_estimators': 350, 'learning_rate': 0.042051139708930596, 'max_depth': 4, 'min_child_weight': 3, 'subsample': 0.8999999999999999, 'colsample_bytree': 0.85, 'reg_alpha': 0.06255982655523418, 'reg_lambda': 1.0550984801991896, 'objective': 'binary:logistic', 'eval_metric': 'logloss', 'random_state': 42, 'n_jobs': -1}"
Cath,XGBoost,Config_B_OneHot,9,5,0.9074811154208885,"{'n_estimators': 350, 'learning_rate': 0.08217978738078108, 'max_depth': 4, 'min_child_weight': 3, 'subsample': 0.95, 'colsample_bytree': 0.8999999999999999, 'reg_alpha': 0.15040103851170483, 'reg_lambda': 0.812136733723982, 'objective': 'binary:logistic', 'eval_metric': 'logloss', 'random_state': 42, 'n_jobs': -1}"
Cath,XGBoost,Config_B_OneHot,9,6,0.9109194702760601,"{'n_estimators': 400, 'learning_rate': 0.03732745242659247, 'max_depth': 2, 'min_child_weight': 4, 'subsample': 0.7999999999999999, 'colsample_bytree': 0.75, 'reg_alpha': 0.3288422916796942, 'reg_lambda': 0.9465480058991961, 'objective': 'binary:logistic', 'eval_metric': 'logloss', 'random_state': 42, 'n_jobs': -1}"
Cath,XGBoost,Config_B_OneHot,9,7,0.9124030976299831,"{'n_estimators': 200, 'learning_rate': 0.05784473529280553, 'max_depth': 3, 'min_child_weight': 1, 'subsample': 0.7, 'colsample_bytree': 0.7, 'reg_alpha': 0.027124072482626636, 'reg_lambda': 1.8507405731760547, 'objective': 'binary:logistic', 'eval_metric': 'logloss', 'random_state': 42, 'n_jobs': -1}"
Cath,XGBoost,Config_B_OneHot,9,8,0.8986050476690234,"{'n_estimators': 400, 'learning_rate': 0.051178000017559774, 'max_depth': 3, 'min_child_weight': 6, 'subsample': 0.95, 'colsample_bytree': 0.75, 'reg_alpha': 0.11166005364121517, 'reg_lambda': 2.91069029650434, 'objective': 'binary:logistic', 'eval_metric': 'logloss', 'random_state': 42, 'n_jobs': -1}"
Cath,XGBoost,Config_B_OneHot,9,9,0.9015375897344349,"{'n_estimators': 200, 'learning_rate': 0.0633146980469855, 'max_depth': 4, 'min_child_weight': 6, 'subsample': 0.95, 'colsample_bytree': 0.7999999999999999, 'reg_alpha': 0.00103829223615431, 'reg_lambda': 0.5871633219535175, 'objective': 'binary:logistic', 'eval_metric': 'logloss', 'random_state': 42, 'n_jobs': -1}"
Cath,XGBoost,Config_B_OneHot,10,0,0.9516110272597929,"{'n_estimators': 350, 'learning_rate': 0.02149227900821476, 'max_depth': 3, 'min_child_weight': 4, 'subsample': 0.75, 'colsample_bytree': 0.95, 'reg_alpha': 0.00297173792225714, 'reg_lambda': 1.469932406056906, 'objective': 'binary:logistic', 'eval_metric': 'logloss', 'random_state': 42, 'n_jobs': -1}"
Cath,XGBoost,Config_B_OneHot,10,1,0.9534433588854446,"{'n_estimators': 300, 'learning_rate': 0.04385151700824109, 'max_depth': 2, 'min_child_weight': 2, 'subsample': 0.85, 'colsample_bytree': 0.75, 'reg_alpha': 0.017011552833442776, 'reg_lambda': 0.619314457491073, 'objective': 'binary:logistic', 'eval_metric': 'logloss', 'random_state': 42, 'n_jobs': -1}"
Cath,XGBoost,Config_B_OneHot,10,2,0.9507477193343107,"{'n_estimators': 200, 'learning_rate': 0.03200886392508788, 'max_depth': 3, 'min_child_weight': 1, 'subsample': 0.8999999999999999, 'colsample_bytree': 0.8999999999999999, 'reg_alpha': 0.04946326910461367, 'reg_lambda': 2.2853034885297627, 'objective': 'binary:logistic', 'eval_metric': 'logloss', 'random_state': 42, 'n_jobs': -1}"
Cath,XGBoost,Config_B_OneHot,10,3,0.9393060717370568,"{'n_estimators': 300, 'learning_rate': 0.05594600304914312, 'max_depth': 4, 'min_child_weight': 6, 'subsample': 0.7999999999999999, 'colsample_bytree': 0.75, 'reg_alpha': 0.06473986730561755, 'reg_lambda': 1.430370446803253, 'objective': 'binary:logistic', 'eval_metric': 'logloss', 'random_state': 42, 'n_jobs': -1}"
Cath,XGBoost,Config_B_OneHot,10,4,0.9394178734945081,"{'n_estimators': 400, 'learning_rate': 0.0628655112042302, 'max_depth': 3, 'min_child_weight': 6, 'subsample': 0.7, 'colsample_bytree': 0.7999999999999999, 'reg_alpha': 0.0032161876171455154, 'reg_lambda': 2.6071868204854667, 'objective': 'binary:logistic', 'eval_metric': 'logloss', 'random_state': 42, 'n_jobs': -1}"
Cath,XGBoost,Config_B_OneHot,10,5,0.9546824198949424,"{'n_estimators': 150, 'learning_rate': 0.06611639558706942, 'max_depth': 4, 'min_child_weight': 2, 'subsample': 0.75, 'colsample_bytree': 0.95, 'reg_alpha': 0.08884674653725019, 'reg_lambda': 1.2921120418071792, 'objective': 'binary:logistic', 'eval_metric': 'logloss', 'random_state': 42, 'n_jobs': -1}"
Cath,XGBoost,Config_B_OneHot,10,6,0.95429877757401,"{'n_estimators': 250, 'learning_rate': 0.026058758948319015, 'max_depth': 2, 'min_child_weight': 2, 'subsample': 0.95, 'colsample_bytree': 0.8999999999999999, 'reg_alpha': 0.002025726575787627, 'reg_lambda': 1.316815713174386, 'objective': 'binary:logistic', 'eval_metric': 'logloss', 'random_state': 42, 'n_jobs': -1}"
Cath,XGBoost,Config_B_OneHot,10,7,0.9503034425925024,"{'n_estimators': 300, 'learning_rate': 0.020387499947404807, 'max_depth': 2, 'min_child_weight': 5, 'subsample': 0.75, 'colsample_bytree': 0.7999999999999999, 'reg_alpha': 0.00133341377708802, 'reg_lambda': 0.6855301515663077, 'objective': 'binary:logistic', 'eval_metric': 'logloss', 'random_state': 42, 'n_jobs': -1}"
Cath,XGBoost,Config_B_OneHot,10,8,0.9504364325862452,"{'n_estimators': 200, 'learning_rate': 0.02094192403491227, 'max_depth': 2, 'min_child_weight': 3, 'subsample': 0.8999999999999999, 'colsample_bytree': 0.85, 'reg_alpha': 0.5152128154657382, 'reg_lambda': 2.092677065296135, 'objective': 'binary:logistic', 'eval_metric': 'logloss', 'random_state': 42, 'n_jobs': -1}"
Cath,XGBoost,Config_B_OneHot,10,9,0.9469523201569553,"{'n_estimators': 300, 'learning_rate': 0.03323111935532939, 'max_depth': 2, 'min_child_weight': 5, 'subsample': 0.85, 'colsample_bytree': 0.7999999999999999, 'reg_alpha': 0.06347959244913043, 'reg_lambda': 1.7882068442246108, 'objective': 'binary:logistic', 'eval_metric': 'logloss', 'random_state': 42, 'n_jobs': -1}"
Cath,XGBoost,Config_B_OneHot,11,0,0.9105220781422155,"{'n_estimators': 350, 'learning_rate': 0.02085862524022234, 'max_depth': 2, 'min_child_weight': 4, 'subsample': 0.7, 'colsample_bytree': 0.85, 'reg_alpha': 0.0014510108462867314, 'reg_lambda': 2.901635144510596, 'objective': 'binary:logistic', 'eval_metric': 'logloss', 'random_state': 42, 'n_jobs': -1}"
Cath,XGBoost,Config_B_OneHot,11,1,0.8989638952453598,"{'n_estimators': 400, 'learning_rate': 0.04626819866064603, 'max_depth': 3, 'min_child_weight': 5, 'subsample': 0.8999999999999999, 'colsample_bytree': 0.7999999999999999, 'reg_alpha': 0.20249575295548286, 'reg_lambda': 1.5580043760300792, 'objective': 'binary:logistic', 'eval_metric': 'logloss', 'random_state': 42, 'n_jobs': -1}"
Cath,XGBoost,Config_B_OneHot,11,2,0.8959233833375709,"{'n_estimators': 400, 'learning_rate': 0.05993439886344456, 'max_depth': 3, 'min_child_weight': 6, 'subsample': 0.7999999999999999, 'colsample_bytree': 0.7, 'reg_alpha': 0.009433484515370637, 'reg_lambda': 1.5377804653562281, 'objective': 'binary:logistic', 'eval_metric': 'logloss', 'random_state': 42, 'n_jobs': -1}"
Cath,XGBoost,Config_B_OneHot,11,3,0.8985507246376813,"{'n_estimators': 350, 'learning_rate': 0.05766184836499113, 'max_depth': 2, 'min_child_weight': 5, 'subsample': 0.8999999999999999, 'colsample_bytree': 0.7999999999999999, 'reg_alpha': 0.03402896224602408, 'reg_lambda': 2.490398853755061, 'objective': 'binary:logistic', 'eval_metric': 'logloss', 'random_state': 42, 'n_jobs': -1}"
Cath,XGBoost,Config_B_OneHot,11,4,0.9063374014747012,"{'n_estimators': 250, 'learning_rate': 0.06613197262898333, 'max_depth': 2, 'min_child_weight': 3, 'subsample': 0.7999999999999999, 'colsample_bytree': 0.75, 'reg_alpha': 0.38452285201073605, 'reg_lambda': 0.5500563977949628, 'objective': 'binary:logistic', 'eval_metric': 'logloss', 'random_state': 42, 'n_jobs': -1}"
Cath,XGBoost,Config_B_OneHot,11,5,0.9126620900076277,"{'n_estimators': 250, 'learning_rate': 0.021586248003813896, 'max_depth': 3, 'min_child_weight': 6, 'subsample': 0.7999999999999999, 'colsample_bytree': 0.95, 'reg_alpha': 0.0023370212530145987, 'reg_lambda': 0.8935843673331579, 'objective': 'binary:logistic', 'eval_metric': 'logloss', 'random_state': 42, 'n_jobs': -1}"
Cath,XGBoost,Config_B_OneHot,11,6,0.9030956013221458,"{'n_estimators': 350, 'learning_rate': 0.05831797720482754, 'max_depth': 4, 'min_child_weight': 4, 'subsample': 0.7999999999999999, 'colsample_bytree': 0.95, 'reg_alpha': 0.013290384094026747, 'reg_lambda': 1.8194661122744296, 'objective': 'binary:logistic', 'eval_metric': 'logloss', 'random_state': 42, 'n_jobs': -1}"
Cath,XGBoost,Config_B_OneHot,11,7,0.9058712602762946,"{'n_estimators': 350, 'learning_rate': 0.03967248879379902, 'max_depth': 3, 'min_child_weight': 4, 'subsample': 0.7999999999999999, 'colsample_bytree': 0.95, 'reg_alpha': 0.17068769310324403, 'reg_lambda': 2.8237145046000145, 'objective': 'binary:logistic', 'eval_metric': 'logloss', 'random_state': 42, 'n_jobs': -1}"
Cath,XGBoost,Config_B_OneHot,11,8,0.9154271548436309,"{'n_estimators': 400, 'learning_rate': 0.033491399690303826, 'max_depth': 4, 'min_child_weight': 1, 'subsample': 0.75, 'colsample_bytree': 0.8999999999999999, 'reg_alpha': 0.18031413425198967, 'reg_lambda': 1.238452818603025, 'objective': 'binary:logistic', 'eval_metric': 'logloss', 'random_state': 42, 'n_jobs': -1}"
Cath,XGBoost,Config_B_OneHot,11,9,0.9127150605983557,"{'n_estimators': 400, 'learning_rate': 0.020140942656637868, 'max_depth': 3, 'min_child_weight': 2, 'subsample': 0.7999999999999999, 'colsample_bytree': 0.95, 'reg_alpha': 0.006930051203466111, 'reg_lambda': 1.5697097480522237, 'objective': 'binary:logistic', 'eval_metric': 'logloss', 'random_state': 42, 'n_jobs': -1}"
Cath,XGBoost,Config_B_OneHot,12,0,0.9070895838630393,"{'n_estimators': 400, 'learning_rate': 0.04934780907290226, 'max_depth': 3, 'min_child_weight': 3, 'subsample': 0.85, 'colsample_bytree': 0.85, 'reg_alpha': 0.3036468850849575, 'reg_lambda': 1.161355496805086, 'objective': 'binary:logistic', 'eval_metric': 'logloss', 'random_state': 42, 'n_jobs': -1}"
Cath,XGBoost,Config_B_OneHot,12,1,0.9148021018730401,"{'n_estimators': 250, 'learning_rate': 0.0350042917254292, 'max_depth': 2, 'min_child_weight': 2, 'subsample': 0.7, 'colsample_bytree': 0.7999999999999999, 'reg_alpha': 0.013027124876601858, 'reg_lambda': 1.891832308213857, 'objective': 'binary:logistic', 'eval_metric': 'logloss', 'random_state': 42, 'n_jobs': -1}"
Cath,XGBoost,Config_B_OneHot,12,2,0.9075557250614459,"{'n_estimators': 400, 'learning_rate': 0.026181815072842746, 'max_depth': 3, 'min_child_weight': 4, 'subsample': 0.85, 'colsample_bytree': 0.85, 'reg_alpha': 0.03741668423008987, 'reg_lambda': 2.018950060702857, 'objective': 'binary:logistic', 'eval_metric': 'logloss', 'random_state': 42, 'n_jobs': -1}"
Cath,XGBoost,Config_B_OneHot,12,3,0.9020944571573862,"{'n_estimators': 150, 'learning_rate': 0.027124574309818024, 'max_depth': 3, 'min_child_weight': 6, 'subsample': 0.95, 'colsample_bytree': 0.75, 'reg_alpha': 0.025052009566249592, 'reg_lambda': 1.6764033659332616, 'objective': 'binary:logistic', 'eval_metric': 'logloss', 'random_state': 42, 'n_jobs': -1}"
Cath,XGBoost,Config_B_OneHot,12,4,0.8965166539537249,"{'n_estimators': 250, 'learning_rate': 0.09528702776023557, 'max_depth': 4, 'min_child_weight': 5, 'subsample': 0.75, 'colsample_bytree': 0.7, 'reg_alpha': 0.6668564096239122, 'reg_lambda': 2.4429498327578516, 'objective': 'binary:logistic', 'eval_metric': 'logloss', 'random_state': 42, 'n_jobs': -1}"
Cath,XGBoost,Config_B_OneHot,12,5,0.8887723535892874,"{'n_estimators': 200, 'learning_rate': 0.0628135505847513, 'max_depth': 2, 'min_child_weight': 6, 'subsample': 0.75, 'colsample_bytree': 0.75, 'reg_alpha': 0.0012163668884429177, 'reg_lambda': 1.7397128882178707, 'objective': 'binary:logistic', 'eval_metric': 'logloss', 'random_state': 42, 'n_jobs': -1}"
Cath,XGBoost,Config_B_OneHot,12,6,0.9063479955928467,"{'n_estimators': 350, 'learning_rate': 0.035066322937229166, 'max_depth': 2, 'min_child_weight': 5, 'subsample': 0.8999999999999999, 'colsample_bytree': 0.7, 'reg_alpha': 0.36466270335558376, 'reg_lambda': 2.244182412689672, 'objective': 'binary:logistic', 'eval_metric': 'logloss', 'random_state': 42, 'n_jobs': -1}"
Cath,XGBoost,Config_B_OneHot,12,7,0.9167832019662683,"{'n_estimators': 150, 'learning_rate': 0.03772498542733504, 'max_depth': 3, 'min_child_weight': 1, 'subsample': 0.95, 'colsample_bytree': 0.7, 'reg_alpha': 0.15655443033863076, 'reg_lambda': 0.8239085317973678, 'objective': 'binary:logistic', 'eval_metric': 'logloss', 'random_state': 42, 'n_jobs': -1}"
Cath,XGBoost,Config_B_OneHot,12,8,0.9035193660479702,"{'n_estimators': 250, 'learning_rate': 0.02142414795765083, 'max_depth': 3, 'min_child_weight': 5, 'subsample': 0.8999999999999999, 'colsample_bytree': 0.95, 'reg_alpha': 0.6642662963451267, 'reg_lambda': 2.5687197839970746, 'objective': 'binary:logistic', 'eval_metric': 'logloss', 'random_state': 42, 'n_jobs': -1}"
Cath,XGBoost,Config_B_OneHot,12,9,0.8920141537418426,"{'n_estimators': 350, 'learning_rate': 0.048209051693452576, 'max_depth': 3, 'min_child_weight': 6, 'subsample': 0.95, 'colsample_bytree': 0.85, 'reg_alpha': 0.0015241341107624156, 'reg_lambda': 2.2120847964176473, 'objective': 'binary:logistic', 'eval_metric': 'logloss', 'random_state': 42, 'n_jobs': -1}"
Cath,XGBoost,Config_B_OneHot,13,0,0.9378019323671497,"{'n_estimators': 250, 'learning_rate': 0.03588587238862821, 'max_depth': 2, 'min_child_weight': 4, 'subsample': 0.7, 'colsample_bytree': 0.95, 'reg_alpha': 0.25359679937567364, 'reg_lambda': 2.393279971521636, 'objective': 'binary:logistic', 'eval_metric': 'logloss', 'random_state': 42, 'n_jobs': -1}"
Cath,XGBoost,Config_B_OneHot,13,1,0.9340304263073141,"{'n_estimators': 350, 'learning_rate': 0.020977771726760342, 'max_depth': 3, 'min_child_weight': 3, 'subsample': 0.75, 'colsample_bytree': 0.8999999999999999, 'reg_alpha': 0.07082220367046994, 'reg_lambda': 2.815684909977209, 'objective': 'binary:logistic', 'eval_metric': 'logloss', 'random_state': 42, 'n_jobs': -1}"
Cath,XGBoost,Config_B_OneHot,13,2,0.9328121027205696,"{'n_estimators': 200, 'learning_rate': 0.03005919144492802, 'max_depth': 4, 'min_child_weight': 6, 'subsample': 0.75, 'colsample_bytree': 0.75, 'reg_alpha': 0.003358563601194485, 'reg_lambda': 0.9095664803717272, 'objective': 'binary:logistic', 'eval_metric': 'logloss', 'random_state': 42, 'n_jobs': -1}"
Cath,XGBoost,Config_B_OneHot,13,3,0.9405564030850071,"{'n_estimators': 300, 'learning_rate': 0.042856544012253, 'max_depth': 3, 'min_child_weight': 2, 'subsample': 0.95, 'colsample_bytree': 0.7999999999999999, 'reg_alpha': 0.0014579757294885447, 'reg_lambda': 2.9831426988713976, 'objective': 'binary:logistic', 'eval_metric': 'logloss', 'random_state': 42, 'n_jobs': -1}"
Cath,XGBoost,Config_B_OneHot,13,4,0.9314772438342233,"{'n_estimators': 200, 'learning_rate': 0.06295982560179506, 'max_depth': 4, 'min_child_weight': 3, 'subsample': 0.75, 'colsample_bytree': 0.7999999999999999, 'reg_alpha': 0.004247651350226336, 'reg_lambda': 1.6822595299124528, 'objective': 'binary:logistic', 'eval_metric': 'logloss', 'random_state': 42, 'n_jobs': -1}"
Cath,XGBoost,Config_B_OneHot,13,5,0.9392003559623697,"{'n_estimators': 200, 'learning_rate': 0.025923154459285776, 'max_depth': 2, 'min_child_weight': 1, 'subsample': 0.95, 'colsample_bytree': 0.85, 'reg_alpha': 0.15358715386225136, 'reg_lambda': 2.690228068848767, 'objective': 'binary:logistic', 'eval_metric': 'logloss', 'random_state': 42, 'n_jobs': -1}"
Cath,XGBoost,Config_B_OneHot,13,6,0.9393910500889907,"{'n_estimators': 400, 'learning_rate': 0.02429785983114311, 'max_depth': 4, 'min_child_weight': 1, 'subsample': 0.8999999999999999, 'colsample_bytree': 0.85, 'reg_alpha': 0.443320152041643, 'reg_lambda': 2.1340197415262754, 'objective': 'binary:logistic', 'eval_metric': 'logloss', 'random_state': 42, 'n_jobs': -1}"
Cath,XGBoost,Config_B_OneHot,13,7,0.9318374438511738,"{'n_estimators': 150, 'learning_rate': 0.055194731952399476, 'max_depth': 4, 'min_child_weight': 3, 'subsample': 0.8999999999999999, 'colsample_bytree': 0.8999999999999999, 'reg_alpha': 0.0038644922155174977, 'reg_lambda': 0.92305722043812, 'objective': 'binary:logistic', 'eval_metric': 'logloss', 'random_state': 42, 'n_jobs': -1}"
Cath,XGBoost,Config_B_OneHot,13,8,0.9385011441647598,"{'n_estimators': 150, 'learning_rate': 0.06687644670343404, 'max_depth': 4, 'min_child_weight': 1, 'subsample': 0.7, 'colsample_bytree': 0.8999999999999999, 'reg_alpha': 0.19232725461052744, 'reg_lambda': 2.435056121001702, 'objective': 'binary:logistic', 'eval_metric': 'logloss', 'random_state': 42, 'n_jobs': -1}"
Cath,XGBoost,Config_B_OneHot,13,9,0.9378972794304604,"{'n_estimators': 250, 'learning_rate': 0.03982148378946531, 'max_depth': 4, 'min_child_weight': 2, 'subsample': 0.85, 'colsample_bytree': 0.7999999999999999, 'reg_alpha': 0.3019379344491409, 'reg_lambda': 2.281224711190193, 'objective': 'binary:logistic', 'eval_metric': 'logloss', 'random_state': 42, 'n_jobs': -1}"
Cath,XGBoost,Config_B_OneHot,14,0,0.9019872762387005,"{'n_estimators': 150, 'learning_rate': 0.09554068225976456, 'max_depth': 3, 'min_child_weight': 2, 'subsample': 0.85, 'colsample_bytree': 0.75, 'reg_alpha': 0.3871605794271587, 'reg_lambda': 0.6027503836521843, 'objective': 'binary:logistic', 'eval_metric': 'logloss', 'random_state': 42, 'n_jobs': -1}"
Cath,XGBoost,Config_B_OneHot,14,1,0.906348220999616,"{'n_estimators': 150, 'learning_rate': 0.06874670001216535, 'max_depth': 2, 'min_child_weight': 5, 'subsample': 0.7, 'colsample_bytree': 0.85, 'reg_alpha': 0.28584328759648164, 'reg_lambda': 2.746464307453792, 'objective': 'binary:logistic', 'eval_metric': 'logloss', 'random_state': 42, 'n_jobs': -1}"
Cath,XGBoost,Config_B_OneHot,14,2,0.8946216592462758,"{'n_estimators': 400, 'learning_rate': 0.044487683898204726, 'max_depth': 3, 'min_child_weight': 6, 'subsample': 0.7999999999999999, 'colsample_bytree': 0.85, 'reg_alpha': 0.0011517545576662045, 'reg_lambda': 2.5202113574734963, 'objective': 'binary:logistic', 'eval_metric': 'logloss', 'random_state': 42, 'n_jobs': -1}"
Cath,XGBoost,Config_B_OneHot,14,3,0.9102502375787346,"{'n_estimators': 250, 'learning_rate': 0.04914023860651583, 'max_depth': 4, 'min_child_weight': 3, 'subsample': 0.95, 'colsample_bytree': 0.85, 'reg_alpha': 0.15199058320939512, 'reg_lambda': 2.448902599961966, 'objective': 'binary:logistic', 'eval_metric': 'logloss', 'random_state': 42, 'n_jobs': -1}"
Cath,XGBoost,Config_B_OneHot,14,4,0.9011713037347197,"{'n_estimators': 250, 'learning_rate': 0.020642946653430534, 'max_depth': 3, 'min_child_weight': 2, 'subsample': 0.95, 'colsample_bytree': 0.75, 'reg_alpha': 0.005290105262063567, 'reg_lambda': 2.7748078682004023, 'objective': 'binary:logistic', 'eval_metric': 'logloss', 'random_state': 42, 'n_jobs': -1}"
Cath,XGBoost,Config_B_OneHot,14,5,0.901452611382501,"{'n_estimators': 350, 'learning_rate': 0.039941415555934355, 'max_depth': 4, 'min_child_weight': 5, 'subsample': 0.7, 'colsample_bytree': 0.75, 'reg_alpha': 0.3430509981979261, 'reg_lambda': 2.0892323727786675, 'objective': 'binary:logistic', 'eval_metric': 'logloss', 'random_state': 42, 'n_jobs': -1}"
Cath,XGBoost,Config_B_OneHot,14,6,0.90631621323841,"{'n_estimators': 300, 'learning_rate': 0.07345434941209185, 'max_depth': 3, 'min_child_weight': 2, 'subsample': 0.7999999999999999, 'colsample_bytree': 0.7999999999999999, 'reg_alpha': 0.0039901501910373435, 'reg_lambda': 1.150579702200305, 'objective': 'binary:logistic', 'eval_metric': 'logloss', 'random_state': 42, 'n_jobs': -1}"
Cath,XGBoost,Config_B_OneHot,14,7,0.8883848793532808,"{'n_estimators': 350, 'learning_rate': 0.07834517092233759, 'max_depth': 2, 'min_child_weight': 5, 'subsample': 0.8999999999999999, 'colsample_bytree': 0.85, 'reg_alpha': 0.013103566634881037, 'reg_lambda': 1.0079544606399629, 'objective': 'binary:logistic', 'eval_metric': 'logloss', 'random_state': 42, 'n_jobs': -1}"
Cath,XGBoost,Config_B_OneHot,14,8,0.9012328397826718,"{'n_estimators': 200, 'learning_rate': 0.03367366626582742, 'max_depth': 2, 'min_child_weight': 2, 'subsample': 0.95, 'colsample_bytree': 0.85, 'reg_alpha': 0.0012936207274786167, 'reg_lambda': 1.1853712051066996, 'objective': 'binary:logistic', 'eval_metric': 'logloss', 'random_state': 42, 'n_jobs': -1}"
Cath,XGBoost,Config_B_OneHot,14,9,0.8945991185693702,"{'n_estimators': 350, 'learning_rate': 0.08993153389620875, 'max_depth': 3, 'min_child_weight': 5, 'subsample': 0.8999999999999999, 'colsample_bytree': 0.7, 'reg_alpha': 0.3020161397845519, 'reg_lambda': 1.695064235529879, 'objective': 'binary:logistic', 'eval_metric': 'logloss', 'random_state': 42, 'n_jobs': -1}"
Cath,XGBoost,Config_B_OneHot,15,0,0.9170782594269621,"{'n_estimators': 400, 'learning_rate': 0.034203863822340856, 'max_depth': 4, 'min_child_weight': 2, 'subsample': 0.7999999999999999, 'colsample_bytree': 0.8999999999999999, 'reg_alpha': 0.005540496189614052, 'reg_lambda': 1.6465283128655346, 'objective': 'binary:logistic', 'eval_metric': 'logloss', 'random_state': 42, 'n_jobs': -1}"
Cath,XGBoost,Config_B_OneHot,15,1,0.9123882207832255,"{'n_estimators': 400, 'learning_rate': 0.03756535626293883, 'max_depth': 2, 'min_child_weight': 1, 'subsample': 0.95, 'colsample_bytree': 0.7, 'reg_alpha': 0.08762645580347321, 'reg_lambda': 1.8737599709183634, 'objective': 'binary:logistic', 'eval_metric': 'logloss', 'random_state': 42, 'n_jobs': -1}"
Cath,XGBoost,Config_B_OneHot,15,2,0.9061762356348266,"{'n_estimators': 400, 'learning_rate': 0.0306534134337462, 'max_depth': 3, 'min_child_weight': 6, 'subsample': 0.8999999999999999, 'colsample_bytree': 0.8999999999999999, 'reg_alpha': 0.001279428164649291, 'reg_lambda': 0.5493280723562817, 'objective': 'binary:logistic', 'eval_metric': 'logloss', 'random_state': 42, 'n_jobs': -1}"
Cath,XGBoost,Config_B_OneHot,15,3,0.9113687059667877,"{'n_estimators': 200, 'learning_rate': 0.04949504624076443, 'max_depth': 4, 'min_child_weight': 5, 'subsample': 0.95, 'colsample_bytree': 0.95, 'reg_alpha': 0.04472867207535056, 'reg_lambda': 2.970654178043609, 'objective': 'binary:logistic', 'eval_metric': 'logloss', 'random_state': 42, 'n_jobs': -1}"
Cath,XGBoost,Config_B_OneHot,15,4,0.9137118093311191,"{'n_estimators': 300, 'learning_rate': 0.03511643642000418, 'max_depth': 4, 'min_child_weight': 2, 'subsample': 0.7999999999999999, 'colsample_bytree': 0.7999999999999999, 'reg_alpha': 0.0025910877297541405, 'reg_lambda': 2.313006799029278, 'objective': 'binary:logistic', 'eval_metric': 'logloss', 'random_state': 42, 'n_jobs': -1}"
Cath,XGBoost,Config_B_OneHot,15,5,0.9113375998326579,"{'n_estimators': 300, 'learning_rate': 0.02572982166332638, 'max_depth': 4, 'min_child_weight': 1, 'subsample': 0.8999999999999999, 'colsample_bytree': 0.75, 'reg_alpha': 0.18060480349699445, 'reg_lambda': 0.8223104416758917, 'objective': 'binary:logistic', 'eval_metric': 'logloss', 'random_state': 42, 'n_jobs': -1}"
Cath,XGBoost,Config_B_OneHot,15,6,0.904319334671348,"{'n_estimators': 150, 'learning_rate': 0.02657387735827619, 'max_depth': 4, 'min_child_weight': 2, 'subsample': 0.8999999999999999, 'colsample_bytree': 0.7999999999999999, 'reg_alpha': 0.02552374228378426, 'reg_lambda': 0.9709711958543197, 'objective': 'binary:logistic', 'eval_metric': 'logloss', 'random_state': 42, 'n_jobs': -1}"
Cath,XGBoost,Config_B_OneHot,15,7,0.8978053044524148,"{'n_estimators': 150, 'learning_rate': 0.020052937920751256, 'max_depth': 3, 'min_child_weight': 1, 'subsample': 0.8999999999999999, 'colsample_bytree': 0.8999999999999999, 'reg_alpha': 0.002743344883974575, 'reg_lambda': 1.8381833061843509, 'objective': 'binary:logistic', 'eval_metric': 'logloss', 'random_state': 42, 'n_jobs': -1}"
Cath,XGBoost,Config_B_OneHot,15,8,0.9171443036102951,"{'n_estimators': 400, 'learning_rate': 0.06557313105186667, 'max_depth': 4, 'min_child_weight': 2, 'subsample': 0.95, 'colsample_bytree': 0.95, 'reg_alpha': 0.002832716315495231, 'reg_lambda': 0.5435340670261029, 'objective': 'binary:logistic', 'eval_metric': 'logloss', 'random_state': 42, 'n_jobs': -1}"
Cath,XGBoost,Config_B_OneHot,15,9,0.9202799371746253,"{'n_estimators': 250, 'learning_rate': 0.03827075486515099, 'max_depth': 3, 'min_child_weight': 1, 'subsample': 0.75, 'colsample_bytree': 0.7999999999999999, 'reg_alpha': 0.03827858411198602, 'reg_lambda': 2.3846443281039327, 'objective': 'binary:logistic', 'eval_metric': 'logloss', 'random_state': 42, 'n_jobs': -1}"
LAD,RandomForest,Config_A_Ordinal,1,0,0.8434391712900484,"{'n_estimators': 250, 'max_depth': None, 'min_samples_split': 3, 'min_samples_leaf': 1, 'max_features': 'sqrt', 'class_weight': None, 'random_state': 42, 'n_jobs': -1}"
LAD,RandomForest,Config_A_Ordinal,1,1,0.8558317089018844,"{'n_estimators': 450, 'max_depth': None, 'min_samples_split': 4, 'min_samples_leaf': 3, 'max_features': 'sqrt', 'class_weight': None, 'random_state': 42, 'n_jobs': -1}"
LAD,RandomForest,Config_A_Ordinal,1,2,0.8599240265906932,"{'n_estimators': 250, 'max_depth': 5, 'min_samples_split': 5, 'min_samples_leaf': 3, 'max_features': 'log2', 'class_weight': None, 'random_state': 42, 'n_jobs': -1}"
LAD,RandomForest,Config_A_Ordinal,1,3,0.8592242715049733,"{'n_estimators': 450, 'max_depth': None, 'min_samples_split': 6, 'min_samples_leaf': 2, 'max_features': 'log2', 'class_weight': 'balanced', 'random_state': 42, 'n_jobs': -1}"
LAD,RandomForest,Config_A_Ordinal,1,4,0.8573624231518968,"{'n_estimators': 200, 'max_depth': None, 'min_samples_split': 3, 'min_samples_leaf': 4, 'max_features': 'log2', 'class_weight': None, 'random_state': 42, 'n_jobs': -1}"
LAD,RandomForest,Config_A_Ordinal,1,5,0.8529952016794123,"{'n_estimators': 450, 'max_depth': 7, 'min_samples_split': 4, 'min_samples_leaf': 2, 'max_features': 'sqrt', 'class_weight': 'balanced', 'random_state': 42, 'n_jobs': -1}"
LAD,RandomForest,Config_A_Ordinal,1,6,0.8448480531813866,"{'n_estimators': 150, 'max_depth': 5, 'min_samples_split': 3, 'min_samples_leaf': 1, 'max_features': 'sqrt', 'class_weight': 'balanced', 'random_state': 42, 'n_jobs': -1}"
LAD,RandomForest,Config_A_Ordinal,1,7,0.8600739741090618,"{'n_estimators': 150, 'max_depth': 5, 'min_samples_split': 4, 'min_samples_leaf': 1, 'max_features': 'log2', 'class_weight': None, 'random_state': 42, 'n_jobs': -1}"
LAD,RandomForest,Config_A_Ordinal,1,8,0.8567126505722996,"{'n_estimators': 450, 'max_depth': 7, 'min_samples_split': 5, 'min_samples_leaf': 4, 'max_features': 'log2', 'class_weight': None, 'random_state': 42, 'n_jobs': -1}"
LAD,RandomForest,Config_A_Ordinal,1,9,0.8502024291497977,"{'n_estimators': 150, 'max_depth': 3, 'min_samples_split': 8, 'min_samples_leaf': 1, 'max_features': 'log2', 'class_weight': None, 'random_state': 42, 'n_jobs': -1}"
LAD,RandomForest,Config_A_Ordinal,2,0,0.8280164442445144,"{'n_estimators': 150, 'max_depth': None, 'min_samples_split': 8, 'min_samples_leaf': 3, 'max_features': 'sqrt', 'class_weight': None, 'random_state': 42, 'n_jobs': -1}"
LAD,RandomForest,Config_A_Ordinal,2,1,0.8394311990803218,"{'n_estimators': 400, 'max_depth': 5, 'min_samples_split': 4, 'min_samples_leaf': 2, 'max_features': 'log2', 'class_weight': 'balanced', 'random_state': 42, 'n_jobs': -1}"
LAD,RandomForest,Config_A_Ordinal,2,2,0.8352389163792672,"{'n_estimators': 250, 'max_depth': None, 'min_samples_split': 8, 'min_samples_leaf': 2, 'max_features': 'sqrt', 'class_weight': None, 'random_state': 42, 'n_jobs': -1}"
LAD,RandomForest,Config_A_Ordinal,2,3,0.8317495126705653,"{'n_estimators': 350, 'max_depth': None, 'min_samples_split': 2, 'min_samples_leaf': 1, 'max_features': 'sqrt', 'class_weight': None, 'random_state': 42, 'n_jobs': -1}"
LAD,RandomForest,Config_A_Ordinal,2,4,0.8430924176538213,"{'n_estimators': 350, 'max_depth': 3, 'min_samples_split': 8, 'min_samples_leaf': 3, 'max_features': 'log2', 'class_weight': 'balanced', 'random_state': 42, 'n_jobs': -1}"
LAD,RandomForest,Config_A_Ordinal,2,5,0.8468348577997702,"{'n_estimators': 250, 'max_depth': 3, 'min_samples_split': 3, 'min_samples_leaf': 1, 'max_features': 'sqrt', 'class_weight': None, 'random_state': 42, 'n_jobs': -1}"
LAD,RandomForest,Config_A_Ordinal,2,6,0.8302469135802469,"{'n_estimators': 200, 'max_depth': 7, 'min_samples_split': 3, 'min_samples_leaf': 3, 'max_features': 'sqrt', 'class_weight': 'balanced', 'random_state': 42, 'n_jobs': -1}"
LAD,RandomForest,Config_A_Ordinal,2,7,0.8318276103363823,"{'n_estimators': 300, 'max_depth': 7, 'min_samples_split': 8, 'min_samples_leaf': 1, 'max_features': 'sqrt', 'class_weight': 'balanced', 'random_state': 42, 'n_jobs': -1}"
LAD,RandomForest,Config_A_Ordinal,2,8,0.8276478232618584,"{'n_estimators': 150, 'max_depth': 7, 'min_samples_split': 7, 'min_samples_leaf': 1, 'max_features': 'log2', 'class_weight': 'balanced', 'random_state': 42, 'n_jobs': -1}"
LAD,RandomForest,Config_A_Ordinal,2,9,0.8446856100364873,"{'n_estimators': 350, 'max_depth': 3, 'min_samples_split': 7, 'min_samples_leaf': 3, 'max_features': 'sqrt', 'class_weight': 'balanced', 'random_state': 42, 'n_jobs': -1}"
LAD,RandomForest,Config_A_Ordinal,3,0,0.8302719048333081,"{'n_estimators': 400, 'max_depth': 3, 'min_samples_split': 6, 'min_samples_leaf': 2, 'max_features': 'log2', 'class_weight': 'balanced', 'random_state': 42, 'n_jobs': -1}"
LAD,RandomForest,Config_A_Ordinal,3,1,0.834482930974159,"{'n_estimators': 300, 'max_depth': 7, 'min_samples_split': 8, 'min_samples_leaf': 4, 'max_features': 'sqrt', 'class_weight': None, 'random_state': 42, 'n_jobs': -1}"
LAD,RandomForest,Config_A_Ordinal,3,2,0.8272292197730794,"{'n_estimators': 300, 'max_depth': None, 'min_samples_split': 3, 'min_samples_leaf': 3, 'max_features': 'log2', 'class_weight': 'balanced', 'random_state': 42, 'n_jobs': -1}"
LAD,RandomForest,Config_A_Ordinal,3,3,0.831352776528215,"{'n_estimators': 300, 'max_depth': 3, 'min_samples_split': 5, 'min_samples_leaf': 1, 'max_features': 'sqrt', 'class_weight': None, 'random_state': 42, 'n_jobs': -1}"
LAD,RandomForest,Config_A_Ordinal,3,4,0.8302594092067777,"{'n_estimators': 400, 'max_depth': 5, 'min_samples_split': 2, 'min_samples_leaf': 2, 'max_features': 'sqrt', 'class_weight': 'balanced', 'random_state': 42, 'n_jobs': -1}"
LAD,RandomForest,Config_A_Ordinal,3,5,0.8250174938771431,"{'n_estimators': 200, 'max_depth': None, 'min_samples_split': 4, 'min_samples_leaf': 2, 'max_features': 'log2', 'class_weight': 'balanced', 'random_state': 42, 'n_jobs': -1}"
LAD,RandomForest,Config_A_Ordinal,3,6,0.8177637826760634,"{'n_estimators': 200, 'max_depth': None, 'min_samples_split': 6, 'min_samples_leaf': 1, 'max_features': 'log2', 'class_weight': 'balanced', 'random_state': 42, 'n_jobs': -1}"
LAD,RandomForest,Config_A_Ordinal,3,7,0.8236429749587645,"{'n_estimators': 350, 'max_depth': None, 'min_samples_split': 5, 'min_samples_leaf': 4, 'max_features': 'log2', 'class_weight': 'balanced', 'random_state': 42, 'n_jobs': -1}"
LAD,RandomForest,Config_A_Ordinal,3,8,0.824336482231219,"{'n_estimators': 150, 'max_depth': 5, 'min_samples_split': 8, 'min_samples_leaf': 2, 'max_features': 'sqrt', 'class_weight': 'balanced', 'random_state': 42, 'n_jobs': -1}"
LAD,RandomForest,Config_A_Ordinal,3,9,0.8347203478782426,"{'n_estimators': 400, 'max_depth': 5, 'min_samples_split': 2, 'min_samples_leaf': 2, 'max_features': 'sqrt', 'class_weight': None, 'random_state': 42, 'n_jobs': -1}"
LAD,RandomForest,Config_A_Ordinal,4,0,0.851503416112053,"{'n_estimators': 450, 'max_depth': None, 'min_samples_split': 5, 'min_samples_leaf': 1, 'max_features': 'sqrt', 'class_weight': 'balanced', 'random_state': 42, 'n_jobs': -1}"
LAD,RandomForest,Config_A_Ordinal,4,1,0.8572350638814877,"{'n_estimators': 350, 'max_depth': None, 'min_samples_split': 8, 'min_samples_leaf': 3, 'max_features': 'sqrt', 'class_weight': None, 'random_state': 42, 'n_jobs': -1}"
LAD,RandomForest,Config_A_Ordinal,4,2,0.8525578547508372,"{'n_estimators': 200, 'max_depth': 7, 'min_samples_split': 2, 'min_samples_leaf': 4, 'max_features': 'log2', 'class_weight': 'balanced', 'random_state': 42, 'n_jobs': -1}"
LAD,RandomForest,Config_A_Ordinal,4,3,0.8540039832212573,"{'n_estimators': 250, 'max_depth': None, 'min_samples_split': 3, 'min_samples_leaf': 1, 'max_features': 'sqrt', 'class_weight': None, 'random_state': 42, 'n_jobs': -1}"
LAD,RandomForest,Config_A_Ordinal,4,4,0.853825439942174,"{'n_estimators': 150, 'max_depth': None, 'min_samples_split': 2, 'min_samples_leaf': 1, 'max_features': 'log2', 'class_weight': None, 'random_state': 42, 'n_jobs': -1}"
LAD,RandomForest,Config_A_Ordinal,4,5,0.8540655001518699,"{'n_estimators': 200, 'max_depth': None, 'min_samples_split': 5, 'min_samples_leaf': 1, 'max_features': 'log2', 'class_weight': None, 'random_state': 42, 'n_jobs': -1}"
LAD,RandomForest,Config_A_Ordinal,4,6,0.8525578547508372,"{'n_estimators': 200, 'max_depth': 7, 'min_samples_split': 8, 'min_samples_leaf': 4, 'max_features': 'log2', 'class_weight': 'balanced', 'random_state': 42, 'n_jobs': -1}"
LAD,RandomForest,Config_A_Ordinal,4,7,0.8597072755304874,"{'n_estimators': 400, 'max_depth': 7, 'min_samples_split': 7, 'min_samples_leaf': 3, 'max_features': 'sqrt', 'class_weight': None, 'random_state': 42, 'n_jobs': -1}"
LAD,RandomForest,Config_A_Ordinal,4,8,0.8512760918293981,"{'n_estimators': 200, 'max_depth': None, 'min_samples_split': 7, 'min_samples_leaf': 1, 'max_features': 'sqrt', 'class_weight': 'balanced', 'random_state': 42, 'n_jobs': -1}"
LAD,RandomForest,Config_A_Ordinal,4,9,0.8624217100937749,"{'n_estimators': 350, 'max_depth': 7, 'min_samples_split': 2, 'min_samples_leaf': 2, 'max_features': 'sqrt', 'class_weight': None, 'random_state': 42, 'n_jobs': -1}"
LAD,RandomForest,Config_A_Ordinal,5,0,0.8553482242753497,"{'n_estimators': 400, 'max_depth': 5, 'min_samples_split': 8, 'min_samples_leaf': 1, 'max_features': 'log2', 'class_weight': 'balanced', 'random_state': 42, 'n_jobs': -1}"
LAD,RandomForest,Config_A_Ordinal,5,1,0.8457112126140465,"{'n_estimators': 150, 'max_depth': 5, 'min_samples_split': 2, 'min_samples_leaf': 4, 'max_features': 'log2', 'class_weight': 'balanced', 'random_state': 42, 'n_jobs': -1}"
LAD,RandomForest,Config_A_Ordinal,5,2,0.8611956968907037,"{'n_estimators': 150, 'max_depth': 5, 'min_samples_split': 4, 'min_samples_leaf': 1, 'max_features': 'sqrt', 'class_weight': None, 'random_state': 42, 'n_jobs': -1}"
LAD,RandomForest,Config_A_Ordinal,5,3,0.8496862636538749,"{'n_estimators': 450, 'max_depth': 3, 'min_samples_split': 6, 'min_samples_leaf': 4, 'max_features': 'log2', 'class_weight': 'balanced', 'random_state': 42, 'n_jobs': -1}"
LAD,RandomForest,Config_A_Ordinal,5,4,0.8465705272385434,"{'n_estimators': 150, 'max_depth': None, 'min_samples_split': 5, 'min_samples_leaf': 1, 'max_features': 'sqrt', 'class_weight': 'balanced', 'random_state': 42, 'n_jobs': -1}"
LAD,RandomForest,Config_A_Ordinal,5,5,0.8475024126171226,"{'n_estimators': 200, 'max_depth': None, 'min_samples_split': 3, 'min_samples_leaf': 4, 'max_features': 'sqrt', 'class_weight': 'balanced', 'random_state': 42, 'n_jobs': -1}"
LAD,RandomForest,Config_A_Ordinal,5,6,0.8577915998631248,"{'n_estimators': 450, 'max_depth': 5, 'min_samples_split': 5, 'min_samples_leaf': 1, 'max_features': 'sqrt', 'class_weight': 'balanced', 'random_state': 42, 'n_jobs': -1}"
LAD,RandomForest,Config_A_Ordinal,5,7,0.851320307123276,"{'n_estimators': 250, 'max_depth': None, 'min_samples_split': 7, 'min_samples_leaf': 2, 'max_features': 'sqrt', 'class_weight': None, 'random_state': 42, 'n_jobs': -1}"
LAD,RandomForest,Config_A_Ordinal,5,8,0.8566237393835233,"{'n_estimators': 450, 'max_depth': 7, 'min_samples_split': 2, 'min_samples_leaf': 1, 'max_features': 'log2', 'class_weight': 'balanced', 'random_state': 42, 'n_jobs': -1}"
LAD,RandomForest,Config_A_Ordinal,5,9,0.8478772814130439,"{'n_estimators': 250, 'max_depth': 5, 'min_samples_split': 2, 'min_samples_leaf': 2, 'max_features': 'log2', 'class_weight': 'balanced', 'random_state': 42, 'n_jobs': -1}"
LAD,RandomForest,Config_A_Ordinal,6,0,0.8660281401509472,"{'n_estimators': 150, 'max_depth': None, 'min_samples_split': 7, 'min_samples_leaf': 3, 'max_features': 'log2', 'class_weight': 'balanced', 'random_state': 42, 'n_jobs': -1}"
LAD,RandomForest,Config_A_Ordinal,6,1,0.8661156095366621,"{'n_estimators': 150, 'max_depth': 5, 'min_samples_split': 3, 'min_samples_leaf': 4, 'max_features': 'log2', 'class_weight': None, 'random_state': 42, 'n_jobs': -1}"
LAD,RandomForest,Config_A_Ordinal,6,2,0.8654720847703303,"{'n_estimators': 400, 'max_depth': 3, 'min_samples_split': 8, 'min_samples_leaf': 3, 'max_features': 'log2', 'class_weight': None, 'random_state': 42, 'n_jobs': -1}"
LAD,RandomForest,Config_A_Ordinal,6,3,0.8679774578897387,"{'n_estimators': 450, 'max_depth': 3, 'min_samples_split': 4, 'min_samples_leaf': 3, 'max_features': 'sqrt', 'class_weight': 'balanced', 'random_state': 42, 'n_jobs': -1}"
LAD,RandomForest,Config_A_Ordinal,6,4,0.8617671315039738,"{'n_estimators': 150, 'max_depth': 5, 'min_samples_split': 5, 'min_samples_leaf': 3, 'max_features': 'sqrt', 'class_weight': None, 'random_state': 42, 'n_jobs': -1}"
LAD,RandomForest,Config_A_Ordinal,6,5,0.8715199680111961,"{'n_estimators': 300, 'max_depth': 7, 'min_samples_split': 6, 'min_samples_leaf': 1, 'max_features': 'sqrt', 'class_weight': None, 'random_state': 42, 'n_jobs': -1}"
LAD,RandomForest,Config_A_Ordinal,6,6,0.8581309041835358,"{'n_estimators': 200, 'max_depth': None, 'min_samples_split': 7, 'min_samples_leaf': 4, 'max_features': 'sqrt', 'class_weight': 'balanced', 'random_state': 42, 'n_jobs': -1}"
LAD,RandomForest,Config_A_Ordinal,6,7,0.869976758134653,"{'n_estimators': 300, 'max_depth': 5, 'min_samples_split': 7, 'min_samples_leaf': 1, 'max_features': 'log2', 'class_weight': None, 'random_state': 42, 'n_jobs': -1}"
LAD,RandomForest,Config_A_Ordinal,6,8,0.8659781576448244,"{'n_estimators': 250, 'max_depth': 3, 'min_samples_split': 6, 'min_samples_leaf': 2, 'max_features': 'log2', 'class_weight': 'balanced', 'random_state': 42, 'n_jobs': -1}"
LAD,RandomForest,Config_A_Ordinal,6,9,0.8657407407407408,"{'n_estimators': 350, 'max_depth': 3, 'min_samples_split': 7, 'min_samples_leaf': 4, 'max_features': 'log2', 'class_weight': 'balanced', 'random_state': 42, 'n_jobs': -1}"
LAD,RandomForest,Config_A_Ordinal,7,0,0.8432923476783127,"{'n_estimators': 150, 'max_depth': None, 'min_samples_split': 4, 'min_samples_leaf': 4, 'max_features': 'log2', 'class_weight': None, 'random_state': 42, 'n_jobs': -1}"
LAD,RandomForest,Config_A_Ordinal,7,1,0.853501274553906,"{'n_estimators': 150, 'max_depth': 3, 'min_samples_split': 4, 'min_samples_leaf': 2, 'max_features': 'log2', 'class_weight': None, 'random_state': 42, 'n_jobs': -1}"
LAD,RandomForest,Config_A_Ordinal,7,2,0.8457040035987404,"{'n_estimators': 150, 'max_depth': 5, 'min_samples_split': 6, 'min_samples_leaf': 2, 'max_features': 'log2', 'class_weight': None, 'random_state': 42, 'n_jobs': -1}"
LAD,RandomForest,Config_A_Ordinal,7,3,0.8365447093517268,"{'n_estimators': 400, 'max_depth': 7, 'min_samples_split': 3, 'min_samples_leaf': 4, 'max_features': 'log2', 'class_weight': None, 'random_state': 42, 'n_jobs': -1}"
LAD,RandomForest,Config_A_Ordinal,7,4,0.8472034787824261,"{'n_estimators': 200, 'max_depth': 5, 'min_samples_split': 8, 'min_samples_leaf': 2, 'max_features': 'sqrt', 'class_weight': 'balanced', 'random_state': 42, 'n_jobs': -1}"
LAD,RandomForest,Config_A_Ordinal,7,5,0.8341455490578298,"{'n_estimators': 350, 'max_depth': None, 'min_samples_split': 8, 'min_samples_leaf': 2, 'max_features': 'log2', 'class_weight': 'balanced', 'random_state': 42, 'n_jobs': -1}"
LAD,RandomForest,Config_A_Ordinal,7,6,0.8408369570650273,"{'n_estimators': 300, 'max_depth': 7, 'min_samples_split': 6, 'min_samples_leaf': 4, 'max_features': 'log2', 'class_weight': None, 'random_state': 42, 'n_jobs': -1}"
LAD,RandomForest,Config_A_Ordinal,7,7,0.8516831608936871,"{'n_estimators': 250, 'max_depth': 3, 'min_samples_split': 5, 'min_samples_leaf': 3, 'max_features': 'log2', 'class_weight': None, 'random_state': 42, 'n_jobs': -1}"
LAD,RandomForest,Config_A_Ordinal,7,8,0.848371819863048,"{'n_estimators': 150, 'max_depth': 7, 'min_samples_split': 7, 'min_samples_leaf': 2, 'max_features': 'log2', 'class_weight': None, 'random_state': 42, 'n_jobs': -1}"
LAD,RandomForest,Config_A_Ordinal,7,9,0.8425113710201431,"{'n_estimators': 350, 'max_depth': None, 'min_samples_split': 5, 'min_samples_leaf': 1, 'max_features': 'log2', 'class_weight': None, 'random_state': 42, 'n_jobs': -1}"
LAD,RandomForest,Config_A_Ordinal,8,0,0.8328647473384315,"{'n_estimators': 250, 'max_depth': 3, 'min_samples_split': 5, 'min_samples_leaf': 3, 'max_features': 'log2', 'class_weight': None, 'random_state': 42, 'n_jobs': -1}"
LAD,RandomForest,Config_A_Ordinal,8,1,0.8309154295996403,"{'n_estimators': 300, 'max_depth': 5, 'min_samples_split': 8, 'min_samples_leaf': 1, 'max_features': 'log2', 'class_weight': 'balanced', 'random_state': 42, 'n_jobs': -1}"
LAD,RandomForest,Config_A_Ordinal,8,2,0.8296533713200379,"{'n_estimators': 450, 'max_depth': 7, 'min_samples_split': 3, 'min_samples_leaf': 2, 'max_features': 'log2', 'class_weight': None, 'random_state': 42, 'n_jobs': -1}"
LAD,RandomForest,Config_A_Ordinal,8,3,0.8403996101364523,"{'n_estimators': 350, 'max_depth': None, 'min_samples_split': 6, 'min_samples_leaf': 2, 'max_features': 'sqrt', 'class_weight': None, 'random_state': 42, 'n_jobs': -1}"
LAD,RandomForest,Config_A_Ordinal,8,4,0.833258359574149,"{'n_estimators': 200, 'max_depth': None, 'min_samples_split': 2, 'min_samples_leaf': 3, 'max_features': 'sqrt', 'class_weight': 'balanced', 'random_state': 42, 'n_jobs': -1}"
LAD,RandomForest,Config_A_Ordinal,8,5,0.8310903683710701,"{'n_estimators': 200, 'max_depth': 3, 'min_samples_split': 2, 'min_samples_leaf': 4, 'max_features': 'log2', 'class_weight': 'balanced', 'random_state': 42, 'n_jobs': -1}"
LAD,RandomForest,Config_A_Ordinal,8,6,0.8389626130854199,"{'n_estimators': 300, 'max_depth': 7, 'min_samples_split': 6, 'min_samples_leaf': 3, 'max_features': 'sqrt', 'class_weight': None, 'random_state': 42, 'n_jobs': -1}"
LAD,RandomForest,Config_A_Ordinal,8,7,0.8335457589843555,"{'n_estimators': 450, 'max_depth': 5, 'min_samples_split': 8, 'min_samples_leaf': 1, 'max_features': 'log2', 'class_weight': 'balanced', 'random_state': 42, 'n_jobs': -1}"
LAD,RandomForest,Config_A_Ordinal,8,8,0.8291410506322787,"{'n_estimators': 200, 'max_depth': 5, 'min_samples_split': 8, 'min_samples_leaf': 3, 'max_features': 'log2', 'class_weight': 'balanced', 'random_state': 42, 'n_jobs': -1}"
LAD,RandomForest,Config_A_Ordinal,8,9,0.837350677262958,"{'n_estimators': 250, 'max_depth': 3, 'min_samples_split': 8, 'min_samples_leaf': 4, 'max_features': 'sqrt', 'class_weight': None, 'random_state': 42, 'n_jobs': -1}"
LAD,RandomForest,Config_A_Ordinal,9,0,0.845290686721186,"{'n_estimators': 300, 'max_depth': 5, 'min_samples_split': 8, 'min_samples_leaf': 2, 'max_features': 'sqrt', 'class_weight': 'balanced', 'random_state': 42, 'n_jobs': -1}"
LAD,RandomForest,Config_A_Ordinal,9,1,0.8491811519814219,"{'n_estimators': 250, 'max_depth': 3, 'min_samples_split': 4, 'min_samples_leaf': 4, 'max_features': 'sqrt', 'class_weight': 'balanced', 'random_state': 42, 'n_jobs': -1}"
LAD,RandomForest,Config_A_Ordinal,9,2,0.8394566709344038,"{'n_estimators': 450, 'max_depth': 3, 'min_samples_split': 2, 'min_samples_leaf': 1, 'max_features': 'log2', 'class_weight': 'balanced', 'random_state': 42, 'n_jobs': -1}"
LAD,RandomForest,Config_A_Ordinal,9,3,0.8324927621486325,"{'n_estimators': 300, 'max_depth': None, 'min_samples_split': 6, 'min_samples_leaf': 1, 'max_features': 'log2', 'class_weight': None, 'random_state': 42, 'n_jobs': -1}"
LAD,RandomForest,Config_A_Ordinal,9,4,0.8422407926456509,"{'n_estimators': 450, 'max_depth': 7, 'min_samples_split': 4, 'min_samples_leaf': 2, 'max_features': 'sqrt', 'class_weight': 'balanced', 'random_state': 42, 'n_jobs': -1}"
LAD,RandomForest,Config_A_Ordinal,9,5,0.840841282474211,"{'n_estimators': 200, 'max_depth': 3, 'min_samples_split': 2, 'min_samples_leaf': 1, 'max_features': 'log2', 'class_weight': None, 'random_state': 42, 'n_jobs': -1}"
LAD,RandomForest,Config_A_Ordinal,9,6,0.8318780734435256,"{'n_estimators': 300, 'max_depth': None, 'min_samples_split': 8, 'min_samples_leaf': 1, 'max_features': 'log2', 'class_weight': None, 'random_state': 42, 'n_jobs': -1}"
LAD,RandomForest,Config_A_Ordinal,9,7,0.8415069148874816,"{'n_estimators': 250, 'max_depth': 7, 'min_samples_split': 4, 'min_samples_leaf': 1, 'max_features': 'sqrt', 'class_weight': 'balanced', 'random_state': 42, 'n_jobs': -1}"
LAD,RandomForest,Config_A_Ordinal,9,8,0.8399939828752244,"{'n_estimators': 250, 'max_depth': None, 'min_samples_split': 6, 'min_samples_leaf': 2, 'max_features': 'sqrt', 'class_weight': 'balanced', 'random_state': 42, 'n_jobs': -1}"
LAD,RandomForest,Config_A_Ordinal,9,9,0.8459241188660892,"{'n_estimators': 200, 'max_depth': 7, 'min_samples_split': 2, 'min_samples_leaf': 3, 'max_features': 'sqrt', 'class_weight': 'balanced', 'random_state': 42, 'n_jobs': -1}"
LAD,RandomForest,Config_A_Ordinal,10,0,0.8233983490393747,"{'n_estimators': 350, 'max_depth': 5, 'min_samples_split': 8, 'min_samples_leaf': 1, 'max_features': 'log2', 'class_weight': None, 'random_state': 42, 'n_jobs': -1}"
LAD,RandomForest,Config_A_Ordinal,10,1,0.8172764532413654,"{'n_estimators': 200, 'max_depth': None, 'min_samples_split': 4, 'min_samples_leaf': 2, 'max_features': 'sqrt', 'class_weight': None, 'random_state': 42, 'n_jobs': -1}"
LAD,RandomForest,Config_A_Ordinal,10,2,0.8163594664944194,"{'n_estimators': 300, 'max_depth': 7, 'min_samples_split': 8, 'min_samples_leaf': 2, 'max_features': 'log2', 'class_weight': 'balanced', 'random_state': 42, 'n_jobs': -1}"
LAD,RandomForest,Config_A_Ordinal,10,3,0.8251193812934704,"{'n_estimators': 350, 'max_depth': 3, 'min_samples_split': 3, 'min_samples_leaf': 4, 'max_features': 'log2', 'class_weight': None, 'random_state': 42, 'n_jobs': -1}"
LAD,RandomForest,Config_A_Ordinal,10,4,0.8199702219607753,"{'n_estimators': 200, 'max_depth': None, 'min_samples_split': 3, 'min_samples_leaf': 1, 'max_features': 'log2', 'class_weight': None, 'random_state': 42, 'n_jobs': -1}"
LAD,RandomForest,Config_A_Ordinal,10,5,0.8237439011730509,"{'n_estimators': 250, 'max_depth': 7, 'min_samples_split': 3, 'min_samples_leaf': 2, 'max_features': 'log2', 'class_weight': None, 'random_state': 42, 'n_jobs': -1}"
LAD,RandomForest,Config_A_Ordinal,10,6,0.8117365652790753,"{'n_estimators': 200, 'max_depth': 7, 'min_samples_split': 6, 'min_samples_leaf': 3, 'max_features': 'sqrt', 'class_weight': None, 'random_state': 42, 'n_jobs': -1}"
LAD,RandomForest,Config_A_Ordinal,10,7,0.8231080660230456,"{'n_estimators': 300, 'max_depth': 5, 'min_samples_split': 3, 'min_samples_leaf': 4, 'max_features': 'log2', 'class_weight': 'balanced', 'random_state': 42, 'n_jobs': -1}"
LAD,RandomForest,Config_A_Ordinal,10,8,0.8250064400536736,"{'n_estimators': 300, 'max_depth': 5, 'min_samples_split': 4, 'min_samples_leaf': 3, 'max_features': 'log2', 'class_weight': 'balanced', 'random_state': 42, 'n_jobs': -1}"
LAD,RandomForest,Config_A_Ordinal,10,9,0.8238832754689706,"{'n_estimators': 450, 'max_depth': 5, 'min_samples_split': 8, 'min_samples_leaf': 1, 'max_features': 'log2', 'class_weight': 'balanced', 'random_state': 42, 'n_jobs': -1}"
LAD,RandomForest,Config_A_Ordinal,11,0,0.8130529314739842,"{'n_estimators': 400, 'max_depth': 5, 'min_samples_split': 6, 'min_samples_leaf': 1, 'max_features': 'log2', 'class_weight': 'balanced', 'random_state': 42, 'n_jobs': -1}"
LAD,RandomForest,Config_A_Ordinal,11,1,0.8177262957964713,"{'n_estimators': 400, 'max_depth': 5, 'min_samples_split': 8, 'min_samples_leaf': 3, 'max_features': 'log2', 'class_weight': None, 'random_state': 42, 'n_jobs': -1}"
LAD,RandomForest,Config_A_Ordinal,11,2,0.8114097565851952,"{'n_estimators': 250, 'max_depth': 3, 'min_samples_split': 7, 'min_samples_leaf': 4, 'max_features': 'log2', 'class_weight': None, 'random_state': 42, 'n_jobs': -1}"
LAD,RandomForest,Config_A_Ordinal,11,3,0.8182386164842305,"{'n_estimators': 400, 'max_depth': 3, 'min_samples_split': 8, 'min_samples_leaf': 1, 'max_features': 'sqrt', 'class_weight': 'balanced', 'random_state': 42, 'n_jobs': -1}"
LAD,RandomForest,Config_A_Ordinal,11,4,0.813190383365822,"{'n_estimators': 250, 'max_depth': None, 'min_samples_split': 6, 'min_samples_leaf': 3, 'max_features': 'sqrt', 'class_weight': None, 'random_state': 42, 'n_jobs': -1}"
LAD,RandomForest,Config_A_Ordinal,11,5,0.8112035787474384,"{'n_estimators': 300, 'max_depth': None, 'min_samples_split': 5, 'min_samples_leaf': 4, 'max_features': 'log2', 'class_weight': None, 'random_state': 42, 'n_jobs': -1}"
LAD,RandomForest,Config_A_Ordinal,11,6,0.8097103513770181,"{'n_estimators': 350, 'max_depth': 7, 'min_samples_split': 4, 'min_samples_leaf': 4, 'max_features': 'log2', 'class_weight': 'balanced', 'random_state': 42, 'n_jobs': -1}"
LAD,RandomForest,Config_A_Ordinal,11,7,0.8165579547158495,"{'n_estimators': 450, 'max_depth': 7, 'min_samples_split': 8, 'min_samples_leaf': 2, 'max_features': 'log2', 'class_weight': None, 'random_state': 42, 'n_jobs': -1}"
LAD,RandomForest,Config_A_Ordinal,11,8,0.8130341880341879,"{'n_estimators': 250, 'max_depth': 7, 'min_samples_split': 8, 'min_samples_leaf': 4, 'max_features': 'log2', 'class_weight': 'balanced', 'random_state': 42, 'n_jobs': -1}"
LAD,RandomForest,Config_A_Ordinal,11,9,0.8141025641025642,"{'n_estimators': 450, 'max_depth': 3, 'min_samples_split': 2, 'min_samples_leaf': 1, 'max_features': 'log2', 'class_weight': 'balanced', 'random_state': 42, 'n_jobs': -1}"
LAD,RandomForest,Config_A_Ordinal,12,0,0.8515519568151148,"{'n_estimators': 400, 'max_depth': 7, 'min_samples_split': 5, 'min_samples_leaf': 4, 'max_features': 'log2', 'class_weight': None, 'random_state': 42, 'n_jobs': -1}"
LAD,RandomForest,Config_A_Ordinal,12,1,0.8481468985854951,"{'n_estimators': 200, 'max_depth': 7, 'min_samples_split': 8, 'min_samples_leaf': 1, 'max_features': 'log2', 'class_weight': None, 'random_state': 42, 'n_jobs': -1}"
LAD,RandomForest,Config_A_Ordinal,12,2,0.8503586244814315,"{'n_estimators': 300, 'max_depth': None, 'min_samples_split': 8, 'min_samples_leaf': 4, 'max_features': 'log2', 'class_weight': None, 'random_state': 42, 'n_jobs': -1}"
LAD,RandomForest,Config_A_Ordinal,12,3,0.8544759334233017,"{'n_estimators': 450, 'max_depth': None, 'min_samples_split': 8, 'min_samples_leaf': 4, 'max_features': 'log2', 'class_weight': 'balanced', 'random_state': 42, 'n_jobs': -1}"
LAD,RandomForest,Config_A_Ordinal,12,4,0.8436484730344379,"{'n_estimators': 200, 'max_depth': 7, 'min_samples_split': 4, 'min_samples_leaf': 2, 'max_features': 'log2', 'class_weight': 'balanced', 'random_state': 42, 'n_jobs': -1}"
LAD,RandomForest,Config_A_Ordinal,12,5,0.8522329684610387,"{'n_estimators': 350, 'max_depth': 5, 'min_samples_split': 8, 'min_samples_leaf': 1, 'max_features': 'sqrt', 'class_weight': None, 'random_state': 42, 'n_jobs': -1}"
LAD,RandomForest,Config_A_Ordinal,12,6,0.8513520267906233,"{'n_estimators': 350, 'max_depth': 7, 'min_samples_split': 7, 'min_samples_leaf': 3, 'max_features': 'log2', 'class_weight': None, 'random_state': 42, 'n_jobs': -1}"
LAD,RandomForest,Config_A_Ordinal,12,7,0.8528889888539011,"{'n_estimators': 350, 'max_depth': 7, 'min_samples_split': 3, 'min_samples_leaf': 3, 'max_features': 'sqrt', 'class_weight': 'balanced', 'random_state': 42, 'n_jobs': -1}"
LAD,RandomForest,Config_A_Ordinal,12,8,0.8568001199580147,"{'n_estimators': 450, 'max_depth': None, 'min_samples_split': 6, 'min_samples_leaf': 4, 'max_features': 'sqrt', 'class_weight': None, 'random_state': 42, 'n_jobs': -1}"
LAD,RandomForest,Config_A_Ordinal,12,9,0.8554131054131053,"{'n_estimators': 250, 'max_depth': 3, 'min_samples_split': 5, 'min_samples_leaf': 2, 'max_features': 'log2', 'class_weight': None, 'random_state': 42, 'n_jobs': -1}"
LAD,RandomForest,Config_A_Ordinal,13,0,0.8375131204078571,"{'n_estimators': 250, 'max_depth': 5, 'min_samples_split': 8, 'min_samples_leaf': 4, 'max_features': 'sqrt', 'class_weight': 'balanced', 'random_state': 42, 'n_jobs': -1}"
LAD,RandomForest,Config_A_Ordinal,13,1,0.8262920477832759,"{'n_estimators': 250, 'max_depth': 7, 'min_samples_split': 4, 'min_samples_leaf': 2, 'max_features': 'log2', 'class_weight': None, 'random_state': 42, 'n_jobs': -1}"
LAD,RandomForest,Config_A_Ordinal,13,2,0.8347016044384467,"{'n_estimators': 200, 'max_depth': 3, 'min_samples_split': 3, 'min_samples_leaf': 4, 'max_features': 'sqrt', 'class_weight': None, 'random_state': 42, 'n_jobs': -1}"
LAD,RandomForest,Config_A_Ordinal,13,3,0.8348265607037537,"{'n_estimators': 350, 'max_depth': None, 'min_samples_split': 3, 'min_samples_leaf': 2, 'max_features': 'sqrt', 'class_weight': None, 'random_state': 42, 'n_jobs': -1}"
LAD,RandomForest,Config_A_Ordinal,13,4,0.8311903333833158,"{'n_estimators': 450, 'max_depth': 7, 'min_samples_split': 2, 'min_samples_leaf': 4, 'max_features': 'log2', 'class_weight': 'balanced', 'random_state': 42, 'n_jobs': -1}"
LAD,RandomForest,Config_A_Ordinal,13,5,0.8350389863547757,"{'n_estimators': 350, 'max_depth': 5, 'min_samples_split': 6, 'min_samples_leaf': 4, 'max_features': 'sqrt', 'class_weight': 'balanced', 'random_state': 42, 'n_jobs': -1}"
LAD,RandomForest,Config_A_Ordinal,13,6,0.8400934672864498,"{'n_estimators': 400, 'max_depth': 5, 'min_samples_split': 7, 'min_samples_leaf': 2, 'max_features': 'log2', 'class_weight': 'balanced', 'random_state': 42, 'n_jobs': -1}"
LAD,RandomForest,Config_A_Ordinal,13,7,0.8300657269955516,"{'n_estimators': 250, 'max_depth': None, 'min_samples_split': 5, 'min_samples_leaf': 2, 'max_features': 'sqrt', 'class_weight': None, 'random_state': 42, 'n_jobs': -1}"
LAD,RandomForest,Config_A_Ordinal,13,8,0.8309591642924977,"{'n_estimators': 200, 'max_depth': 5, 'min_samples_split': 4, 'min_samples_leaf': 4, 'max_features': 'sqrt', 'class_weight': None, 'random_state': 42, 'n_jobs': -1}"
LAD,RandomForest,Config_A_Ordinal,13,9,0.8432048782925975,"{'n_estimators': 150, 'max_depth': 3, 'min_samples_split': 6, 'min_samples_leaf': 3, 'max_features': 'log2', 'class_weight': None, 'random_state': 42, 'n_jobs': -1}"
LAD,RandomForest,Config_A_Ordinal,14,0,0.846594557289564,"{'n_estimators': 150, 'max_depth': None, 'min_samples_split': 3, 'min_samples_leaf': 4, 'max_features': 'log2', 'class_weight': None, 'random_state': 42, 'n_jobs': -1}"
LAD,RandomForest,Config_A_Ordinal,14,1,0.8419836710997305,"{'n_estimators': 400, 'max_depth': 7, 'min_samples_split': 8, 'min_samples_leaf': 2, 'max_features': 'log2', 'class_weight': 'balanced', 'random_state': 42, 'n_jobs': -1}"
LAD,RandomForest,Config_A_Ordinal,14,2,0.846594557289564,"{'n_estimators': 150, 'max_depth': None, 'min_samples_split': 4, 'min_samples_leaf': 4, 'max_features': 'log2', 'class_weight': None, 'random_state': 42, 'n_jobs': -1}"
LAD,RandomForest,Config_A_Ordinal,14,3,0.8478921800446767,"{'n_estimators': 150, 'max_depth': 5, 'min_samples_split': 3, 'min_samples_leaf': 4, 'max_features': 'sqrt', 'class_weight': None, 'random_state': 42, 'n_jobs': -1}"
LAD,RandomForest,Config_A_Ordinal,14,4,0.8474668481416119,"{'n_estimators': 150, 'max_depth': 3, 'min_samples_split': 7, 'min_samples_leaf': 3, 'max_features': 'log2', 'class_weight': None, 'random_state': 42, 'n_jobs': -1}"
LAD,RandomForest,Config_A_Ordinal,14,5,0.849735284957957,"{'n_estimators': 200, 'max_depth': 3, 'min_samples_split': 7, 'min_samples_leaf': 3, 'max_features': 'sqrt', 'class_weight': 'balanced', 'random_state': 42, 'n_jobs': -1}"
LAD,RandomForest,Config_A_Ordinal,14,6,0.846159613366091,"{'n_estimators': 150, 'max_depth': 3, 'min_samples_split': 3, 'min_samples_leaf': 3, 'max_features': 'sqrt', 'class_weight': 'balanced', 'random_state': 42, 'n_jobs': -1}"
LAD,RandomForest,Config_A_Ordinal,14,7,0.8428586052573906,"{'n_estimators': 150, 'max_depth': None, 'min_samples_split': 2, 'min_samples_leaf': 1, 'max_features': 'log2', 'class_weight': 'balanced', 'random_state': 42, 'n_jobs': -1}"
LAD,RandomForest,Config_A_Ordinal,14,8,0.8509175634681707,"{'n_estimators': 400, 'max_depth': 5, 'min_samples_split': 6, 'min_samples_leaf': 2, 'max_features': 'sqrt', 'class_weight': None, 'random_state': 42, 'n_jobs': -1}"
LAD,RandomForest,Config_A_Ordinal,14,9,0.8444582857538324,"{'n_estimators': 200, 'max_depth': 7, 'min_samples_split': 2, 'min_samples_leaf': 4, 'max_features': 'log2', 'class_weight': None, 'random_state': 42, 'n_jobs': -1}"
LAD,RandomForest,Config_A_Ordinal,15,0,0.8412257632905406,"{'n_estimators': 450, 'max_depth': 3, 'min_samples_split': 7, 'min_samples_leaf': 1, 'max_features': 'log2', 'class_weight': None, 'random_state': 42, 'n_jobs': -1}"
LAD,RandomForest,Config_A_Ordinal,15,1,0.8281668723639034,"{'n_estimators': 150, 'max_depth': None, 'min_samples_split': 7, 'min_samples_leaf': 2, 'max_features': 'log2', 'class_weight': None, 'random_state': 42, 'n_jobs': -1}"
LAD,RandomForest,Config_A_Ordinal,15,2,0.829473626538404,"{'n_estimators': 150, 'max_depth': 7, 'min_samples_split': 7, 'min_samples_leaf': 4, 'max_features': 'sqrt', 'class_weight': None, 'random_state': 42, 'n_jobs': -1}"
LAD,RandomForest,Config_A_Ordinal,15,3,0.8318035802853615,"{'n_estimators': 250, 'max_depth': None, 'min_samples_split': 2, 'min_samples_leaf': 3, 'max_features': 'sqrt', 'class_weight': None, 'random_state': 42, 'n_jobs': -1}"
LAD,RandomForest,Config_A_Ordinal,15,4,0.8358843635496807,"{'n_estimators': 400, 'max_depth': 3, 'min_samples_split': 3, 'min_samples_leaf': 4, 'max_features': 'log2', 'class_weight': 'balanced', 'random_state': 42, 'n_jobs': -1}"
LAD,RandomForest,Config_A_Ordinal,15,5,0.8276300410241032,"{'n_estimators': 200, 'max_depth': 5, 'min_samples_split': 7, 'min_samples_leaf': 3, 'max_features': 'log2', 'class_weight': None, 'random_state': 42, 'n_jobs': -1}"
LAD,RandomForest,Config_A_Ordinal,15,6,0.8359256952374361,"{'n_estimators': 450, 'max_depth': 5, 'min_samples_split': 2, 'min_samples_leaf': 2, 'max_features': 'sqrt', 'class_weight': 'balanced', 'random_state': 42, 'n_jobs': -1}"
LAD,RandomForest,Config_A_Ordinal,15,7,0.8372473480435693,"{'n_estimators': 250, 'max_depth': 3, 'min_samples_split': 8, 'min_samples_leaf': 4, 'max_features': 'log2', 'class_weight': None, 'random_state': 42, 'n_jobs': -1}"
LAD,RandomForest,Config_A_Ordinal,15,8,0.842128812607895,"{'n_estimators': 250, 'max_depth': 3, 'min_samples_split': 6, 'min_samples_leaf': 4, 'max_features': 'sqrt', 'class_weight': None, 'random_state': 42, 'n_jobs': -1}"
LAD,RandomForest,Config_A_Ordinal,15,9,0.8451119031415928,"{'n_estimators': 150, 'max_depth': 3, 'min_samples_split': 2, 'min_samples_leaf': 4, 'max_features': 'sqrt', 'class_weight': 'balanced', 'random_state': 42, 'n_jobs': -1}"
LCX,XGBoost,Config_B_OneHot,1,0,0.7055379273504273,"{'n_estimators': 250, 'learning_rate': 0.09237421878009823, 'max_depth': 4, 'min_child_weight': 4, 'subsample': 0.7, 'colsample_bytree': 0.7, 'reg_alpha': 0.0014936568554617625, 'reg_lambda': 2.665440364437338, 'objective': 'binary:logistic', 'eval_metric': 'logloss', 'random_state': 42, 'n_jobs': -1}"
LCX,XGBoost,Config_B_OneHot,1,1,0.7272067307692308,"{'n_estimators': 300, 'learning_rate': 0.06251028636335225, 'max_depth': 2, 'min_child_weight': 6, 'subsample': 0.8999999999999999, 'colsample_bytree': 0.75, 'reg_alpha': 0.0035113563139704067, 'reg_lambda': 0.9585112746335845, 'objective': 'binary:logistic', 'eval_metric': 'logloss', 'random_state': 42, 'n_jobs': -1}"
LCX,XGBoost,Config_B_OneHot,1,2,0.7000074786324787,"{'n_estimators': 200, 'learning_rate': 0.04653920936389926, 'max_depth': 3, 'min_child_weight': 2, 'subsample': 0.85, 'colsample_bytree': 0.7, 'reg_alpha': 0.007523742884534853, 'reg_lambda': 1.4159046082342293, 'objective': 'binary:logistic', 'eval_metric': 'logloss', 'random_state': 42, 'n_jobs': -1}"
LCX,XGBoost,Config_B_OneHot,1,3,0.7130534188034189,"{'n_estimators': 250, 'learning_rate': 0.07076922519051031, 'max_depth': 2, 'min_child_weight': 4, 'subsample': 0.85, 'colsample_bytree': 0.7, 'reg_alpha': 0.06647135865318027, 'reg_lambda': 0.9263103092182288, 'objective': 'binary:logistic', 'eval_metric': 'logloss', 'random_state': 42, 'n_jobs': -1}"
LCX,XGBoost,Config_B_OneHot,1,4,0.7123365384615385,"{'n_estimators': 150, 'learning_rate': 0.09210273435223537, 'max_depth': 4, 'min_child_weight': 5, 'subsample': 0.75, 'colsample_bytree': 0.7, 'reg_alpha': 0.11290133559092672, 'reg_lambda': 1.6003812343490034, 'objective': 'binary:logistic', 'eval_metric': 'logloss', 'random_state': 42, 'n_jobs': -1}"
LCX,XGBoost,Config_B_OneHot,1,5,0.7207638888888889,"{'n_estimators': 150, 'learning_rate': 0.044375555500974335, 'max_depth': 2, 'min_child_weight': 6, 'subsample': 0.75, 'colsample_bytree': 0.85, 'reg_alpha': 0.00861257919259488, 'reg_lambda': 1.800170052944527, 'objective': 'binary:logistic', 'eval_metric': 'logloss', 'random_state': 42, 'n_jobs': -1}"
LCX,XGBoost,Config_B_OneHot,1,6,0.717834935897436,"{'n_estimators': 300, 'learning_rate': 0.02693008444549291, 'max_depth': 4, 'min_child_weight': 5, 'subsample': 0.95, 'colsample_bytree': 0.95, 'reg_alpha': 0.062187047277690755, 'reg_lambda': 2.804685587557792, 'objective': 'binary:logistic', 'eval_metric': 'logloss', 'random_state': 42, 'n_jobs': -1}"
LCX,XGBoost,Config_B_OneHot,1,7,0.7015106837606838,"{'n_estimators': 150, 'learning_rate': 0.02741676047408578, 'max_depth': 2, 'min_child_weight': 2, 'subsample': 0.7999999999999999, 'colsample_bytree': 0.75, 'reg_alpha': 0.3063462210622082, 'reg_lambda': 1.3918833167339733, 'objective': 'binary:logistic', 'eval_metric': 'logloss', 'random_state': 42, 'n_jobs': -1}"
LCX,XGBoost,Config_B_OneHot,1,8,0.7178317307692308,"{'n_estimators': 200, 'learning_rate': 0.04790251099825471, 'max_depth': 2, 'min_child_weight': 5, 'subsample': 0.7, 'colsample_bytree': 0.95, 'reg_alpha': 0.2073644517790503, 'reg_lambda': 0.996789203835431, 'objective': 'binary:logistic', 'eval_metric': 'logloss', 'random_state': 42, 'n_jobs': -1}"
LCX,XGBoost,Config_B_OneHot,1,9,0.7141041666666665,"{'n_estimators': 150, 'learning_rate': 0.07430415058177403, 'max_depth': 4, 'min_child_weight': 5, 'subsample': 0.8999999999999999, 'colsample_bytree': 0.7, 'reg_alpha': 0.011895896737553546, 'reg_lambda': 0.7896726488128243, 'objective': 'binary:logistic', 'eval_metric': 'logloss', 'random_state': 42, 'n_jobs': -1}"
LCX,XGBoost,Config_B_OneHot,2,0,0.6805395299145299,"{'n_estimators': 150, 'learning_rate': 0.05330270354549398, 'max_depth': 2, 'min_child_weight': 2, 'subsample': 0.75, 'colsample_bytree': 0.95, 'reg_alpha': 0.09960259174680089, 'reg_lambda': 1.8529055307085094, 'objective': 'binary:logistic', 'eval_metric': 'logloss', 'random_state': 42, 'n_jobs': -1}"
LCX,XGBoost,Config_B_OneHot,2,1,0.6966137820512821,"{'n_estimators': 150, 'learning_rate': 0.06514754364377333, 'max_depth': 3, 'min_child_weight': 5, 'subsample': 0.75, 'colsample_bytree': 0.7, 'reg_alpha': 0.39805760229403336, 'reg_lambda': 1.0525724897109283, 'objective': 'binary:logistic', 'eval_metric': 'logloss', 'random_state': 42, 'n_jobs': -1}"
LCX,XGBoost,Config_B_OneHot,2,2,0.670326923076923,"{'n_estimators': 250, 'learning_rate': 0.03326380663299377, 'max_depth': 2, 'min_child_weight': 6, 'subsample': 0.95, 'colsample_bytree': 0.95, 'reg_alpha': 0.014326191204934084, 'reg_lambda': 2.886220312771663, 'objective': 'binary:logistic', 'eval_metric': 'logloss', 'random_state': 42, 'n_jobs': -1}"
LCX,XGBoost,Config_B_OneHot,2,3,0.6968872863247864,"{'n_estimators': 250, 'learning_rate': 0.05876888328083205, 'max_depth': 2, 'min_child_weight': 6, 'subsample': 0.75, 'colsample_bytree': 0.75, 'reg_alpha': 0.0010360689230125575, 'reg_lambda': 1.8580062882010149, 'objective': 'binary:logistic', 'eval_metric': 'logloss', 'random_state': 42, 'n_jobs': -1}"
LCX,XGBoost,Config_B_OneHot,2,4,0.6737115384615384,"{'n_estimators': 250, 'learning_rate': 0.055697552026511665, 'max_depth': 4, 'min_child_weight': 6, 'subsample': 0.95, 'colsample_bytree': 0.85, 'reg_alpha': 0.002051430695496562, 'reg_lambda': 0.9522864881447525, 'objective': 'binary:logistic', 'eval_metric': 'logloss', 'random_state': 42, 'n_jobs': -1}"
LCX,XGBoost,Config_B_OneHot,2,5,0.6894476495726495,"{'n_estimators': 400, 'learning_rate': 0.038812603375781164, 'max_depth': 4, 'min_child_weight': 5, 'subsample': 0.85, 'colsample_bytree': 0.75, 'reg_alpha': 0.49005159744312693, 'reg_lambda': 1.017228428358413, 'objective': 'binary:logistic', 'eval_metric': 'logloss', 'random_state': 42, 'n_jobs': -1}"
LCX,XGBoost,Config_B_OneHot,2,6,0.681236111111111,"{'n_estimators': 250, 'learning_rate': 0.09897086476960257, 'max_depth': 4, 'min_child_weight': 3, 'subsample': 0.85, 'colsample_bytree': 0.7999999999999999, 'reg_alpha': 0.15169245355552202, 'reg_lambda': 1.497992214760187, 'objective': 'binary:logistic', 'eval_metric': 'logloss', 'random_state': 42, 'n_jobs': -1}"
LCX,XGBoost,Config_B_OneHot,2,7,0.6918648504273505,"{'n_estimators': 350, 'learning_rate': 0.062173464338216085, 'max_depth': 3, 'min_child_weight': 4, 'subsample': 0.75, 'colsample_bytree': 0.75, 'reg_alpha': 0.24390269240315787, 'reg_lambda': 1.2258319444268915, 'objective': 'binary:logistic', 'eval_metric': 'logloss', 'random_state': 42, 'n_jobs': -1}"
LCX,XGBoost,Config_B_OneHot,2,8,0.6842216880341881,"{'n_estimators': 300, 'learning_rate': 0.032393146470643217, 'max_depth': 2, 'min_child_weight': 3, 'subsample': 0.75, 'colsample_bytree': 0.75, 'reg_alpha': 0.05811819636457307, 'reg_lambda': 1.1133581324083994, 'objective': 'binary:logistic', 'eval_metric': 'logloss', 'random_state': 42, 'n_jobs': -1}"
LCX,XGBoost,Config_B_OneHot,2,9,0.6753456196581196,"{'n_estimators': 350, 'learning_rate': 0.06373689479884309, 'max_depth': 4, 'min_child_weight': 1, 'subsample': 0.95, 'colsample_bytree': 0.85, 'reg_alpha': 0.5000585509899604, 'reg_lambda': 0.9964497110907848, 'objective': 'binary:logistic', 'eval_metric': 'logloss', 'random_state': 42, 'n_jobs': -1}"
LCX,XGBoost,Config_B_OneHot,3,0,0.6981527777777777,"{'n_estimators': 400, 'learning_rate': 0.02367441897362538, 'max_depth': 4, 'min_child_weight': 3, 'subsample': 0.7999999999999999, 'colsample_bytree': 0.85, 'reg_alpha': 0.015182337912426772, 'reg_lambda': 1.5226815246522467, 'objective': 'binary:logistic', 'eval_metric': 'logloss', 'random_state': 42, 'n_jobs': -1}"
LCX,XGBoost,Config_B_OneHot,3,1,0.7019305555555554,"{'n_estimators': 300, 'learning_rate': 0.06271943561106422, 'max_depth': 4, 'min_child_weight': 3, 'subsample': 0.7999999999999999, 'colsample_bytree': 0.7, 'reg_alpha': 0.004505018803694761, 'reg_lambda': 2.8936801726697934, 'objective': 'binary:logistic', 'eval_metric': 'logloss', 'random_state': 42, 'n_jobs': -1}"
LCX,XGBoost,Config_B_OneHot,3,2,0.6911944444444443,"{'n_estimators': 400, 'learning_rate': 0.08267966671251838, 'max_depth': 3, 'min_child_weight': 2, 'subsample': 0.85, 'colsample_bytree': 0.7, 'reg_alpha': 0.023774544825111443, 'reg_lambda': 2.6846579628907956, 'objective': 'binary:logistic', 'eval_metric': 'logloss', 'random_state': 42, 'n_jobs': -1}"
LCX,XGBoost,Config_B_OneHot,3,3,0.6884861111111111,"{'n_estimators': 200, 'learning_rate': 0.058309721930907325, 'max_depth': 4, 'min_child_weight': 1, 'subsample': 0.85, 'colsample_bytree': 0.7, 'reg_alpha': 0.0033012983873664564, 'reg_lambda': 0.7600574024755777, 'objective': 'binary:logistic', 'eval_metric': 'logloss', 'random_state': 42, 'n_jobs': -1}"
LCX,XGBoost,Config_B_OneHot,3,4,0.7183611111111111,"{'n_estimators': 200, 'learning_rate': 0.04160961144926409, 'max_depth': 4, 'min_child_weight': 6, 'subsample': 0.8999999999999999, 'colsample_bytree': 0.7999999999999999, 'reg_alpha': 0.03525431469306821, 'reg_lambda': 0.6472473034301935, 'objective': 'binary:logistic', 'eval_metric': 'logloss', 'random_state': 42, 'n_jobs': -1}"
LCX,XGBoost,Config_B_OneHot,3,5,0.7021319444444444,"{'n_estimators': 350, 'learning_rate': 0.022475573502479956, 'max_depth': 4, 'min_child_weight': 5, 'subsample': 0.95, 'colsample_bytree': 0.8999999999999999, 'reg_alpha': 0.12367723137453572, 'reg_lambda': 2.825257008520431, 'objective': 'binary:logistic', 'eval_metric': 'logloss', 'random_state': 42, 'n_jobs': -1}"
LCX,XGBoost,Config_B_OneHot,3,6,0.7091527777777777,"{'n_estimators': 400, 'learning_rate': 0.02330303906616458, 'max_depth': 3, 'min_child_weight': 3, 'subsample': 0.7, 'colsample_bytree': 0.7, 'reg_alpha': 0.8971232248969842, 'reg_lambda': 1.1789003842798715, 'objective': 'binary:logistic', 'eval_metric': 'logloss', 'random_state': 42, 'n_jobs': -1}"
LCX,XGBoost,Config_B_OneHot,3,7,0.704875,"{'n_estimators': 400, 'learning_rate': 0.026051041249631826, 'max_depth': 2, 'min_child_weight': 2, 'subsample': 0.75, 'colsample_bytree': 0.7999999999999999, 'reg_alpha': 0.009839865732284495, 'reg_lambda': 1.9201884323031173, 'objective': 'binary:logistic', 'eval_metric': 'logloss', 'random_state': 42, 'n_jobs': -1}"
LCX,XGBoost,Config_B_OneHot,3,8,0.7162152777777778,"{'n_estimators': 150, 'learning_rate': 0.07224242599239163, 'max_depth': 2, 'min_child_weight': 6, 'subsample': 0.95, 'colsample_bytree': 0.7, 'reg_alpha': 0.36395420207923074, 'reg_lambda': 2.1890154341751376, 'objective': 'binary:logistic', 'eval_metric': 'logloss', 'random_state': 42, 'n_jobs': -1}"
LCX,XGBoost,Config_B_OneHot,3,9,0.702076388888889,"{'n_estimators': 150, 'learning_rate': 0.03288329008725892, 'max_depth': 3, 'min_child_weight': 4, 'subsample': 0.8999999999999999, 'colsample_bytree': 0.85, 'reg_alpha': 0.6547981875363488, 'reg_lambda': 2.3427989818524524, 'objective': 'binary:logistic', 'eval_metric': 'logloss', 'random_state': 42, 'n_jobs': -1}"
LCX,XGBoost,Config_B_OneHot,4,0,0.7265042735042734,"{'n_estimators': 400, 'learning_rate': 0.0484334355087889, 'max_depth': 2, 'min_child_weight': 1, 'subsample': 0.7999999999999999, 'colsample_bytree': 0.7999999999999999, 'reg_alpha': 0.0013981893916347238, 'reg_lambda': 0.9083111205206669, 'objective': 'binary:logistic', 'eval_metric': 'logloss', 'random_state': 42, 'n_jobs': -1}"
LCX,XGBoost,Config_B_OneHot,4,1,0.7096923076923076,"{'n_estimators': 150, 'learning_rate': 0.05489818202367424, 'max_depth': 4, 'min_child_weight': 4, 'subsample': 0.95, 'colsample_bytree': 0.7999999999999999, 'reg_alpha': 0.07159512484045231, 'reg_lambda': 1.2066680163279184, 'objective': 'binary:logistic', 'eval_metric': 'logloss', 'random_state': 42, 'n_jobs': -1}"
LCX,XGBoost,Config_B_OneHot,4,2,0.7214529914529915,"{'n_estimators': 400, 'learning_rate': 0.0590859656879139, 'max_depth': 3, 'min_child_weight': 2, 'subsample': 0.85, 'colsample_bytree': 0.7, 'reg_alpha': 0.0047958364927793195, 'reg_lambda': 1.6963807616542366, 'objective': 'binary:logistic', 'eval_metric': 'logloss', 'random_state': 42, 'n_jobs': -1}"
LCX,XGBoost,Config_B_OneHot,4,3,0.7128376068376068,"{'n_estimators': 200, 'learning_rate': 0.03734376811869567, 'max_depth': 4, 'min_child_weight': 1, 'subsample': 0.95, 'colsample_bytree': 0.75, 'reg_alpha': 0.1315571491786383, 'reg_lambda': 0.7764136419312782, 'objective': 'binary:logistic', 'eval_metric': 'logloss', 'random_state': 42, 'n_jobs': -1}"
LCX,XGBoost,Config_B_OneHot,4,4,0.718653846153846,"{'n_estimators': 300, 'learning_rate': 0.03849158349396414, 'max_depth': 4, 'min_child_weight': 2, 'subsample': 0.7999999999999999, 'colsample_bytree': 0.85, 'reg_alpha': 0.0056996816514085415, 'reg_lambda': 0.7756033056643312, 'objective': 'binary:logistic', 'eval_metric': 'logloss', 'random_state': 42, 'n_jobs': -1}"
LCX,XGBoost,Config_B_OneHot,4,5,0.7146837606837607,"{'n_estimators': 350, 'learning_rate': 0.032942941656899545, 'max_depth': 4, 'min_child_weight': 3, 'subsample': 0.7, 'colsample_bytree': 0.95, 'reg_alpha': 0.16798185928502854, 'reg_lambda': 0.8048306885869976, 'objective': 'binary:logistic', 'eval_metric': 'logloss', 'random_state': 42, 'n_jobs': -1}"
LCX,XGBoost,Config_B_OneHot,4,6,0.6940726495726496,"{'n_estimators': 400, 'learning_rate': 0.02227500649629181, 'max_depth': 2, 'min_child_weight': 2, 'subsample': 0.95, 'colsample_bytree': 0.85, 'reg_alpha': 0.005823314772303196, 'reg_lambda': 1.128290632094629, 'objective': 'binary:logistic', 'eval_metric': 'logloss', 'random_state': 42, 'n_jobs': -1}"
LCX,XGBoost,Config_B_OneHot,4,7,0.7265341880341879,"{'n_estimators': 400, 'learning_rate': 0.05963312950353342, 'max_depth': 3, 'min_child_weight': 1, 'subsample': 0.7999999999999999, 'colsample_bytree': 0.75, 'reg_alpha': 0.009284742446565885, 'reg_lambda': 2.1237148758190827, 'objective': 'binary:logistic', 'eval_metric': 'logloss', 'random_state': 42, 'n_jobs': -1}"
LCX,XGBoost,Config_B_OneHot,4,8,0.7179615384615387,"{'n_estimators': 350, 'learning_rate': 0.04249916167287183, 'max_depth': 2, 'min_child_weight': 2, 'subsample': 0.7, 'colsample_bytree': 0.7, 'reg_alpha': 0.029873731347575504, 'reg_lambda': 2.9769467580716227, 'objective': 'binary:logistic', 'eval_metric': 'logloss', 'random_state': 42, 'n_jobs': -1}"
LCX,XGBoost,Config_B_OneHot,4,9,0.7048247863247864,"{'n_estimators': 400, 'learning_rate': 0.025927405121442346, 'max_depth': 2, 'min_child_weight': 4, 'subsample': 0.95, 'colsample_bytree': 0.8999999999999999, 'reg_alpha': 0.001312983923940937, 'reg_lambda': 0.8999060774208579, 'objective': 'binary:logistic', 'eval_metric': 'logloss', 'random_state': 42, 'n_jobs': -1}"
LCX,XGBoost,Config_B_OneHot,5,0,0.7264700854700855,"{'n_estimators': 350, 'learning_rate': 0.05555967721290319, 'max_depth': 2, 'min_child_weight': 5, 'subsample': 0.75, 'colsample_bytree': 0.95, 'reg_alpha': 0.0013446100254939565, 'reg_lambda': 1.6021680085745111, 'objective': 'binary:logistic', 'eval_metric': 'logloss', 'random_state': 42, 'n_jobs': -1}"
LCX,XGBoost,Config_B_OneHot,5,1,0.7518846153846154,"{'n_estimators': 400, 'learning_rate': 0.04159719890479545, 'max_depth': 3, 'min_child_weight': 1, 'subsample': 0.7999999999999999, 'colsample_bytree': 0.8999999999999999, 'reg_alpha': 0.3992493215720249, 'reg_lambda': 1.3091645672516765, 'objective': 'binary:logistic', 'eval_metric': 'logloss', 'random_state': 42, 'n_jobs': -1}"
LCX,XGBoost,Config_B_OneHot,5,2,0.7277094017094017,"{'n_estimators': 150, 'learning_rate': 0.07272428509110154, 'max_depth': 3, 'min_child_weight': 4, 'subsample': 0.7, 'colsample_bytree': 0.75, 'reg_alpha': 0.0013898235258748496, 'reg_lambda': 1.430527694515313, 'objective': 'binary:logistic', 'eval_metric': 'logloss', 'random_state': 42, 'n_jobs': -1}"
LCX,XGBoost,Config_B_OneHot,5,3,0.7448418803418804,"{'n_estimators': 200, 'learning_rate': 0.09848681717299682, 'max_depth': 3, 'min_child_weight': 2, 'subsample': 0.75, 'colsample_bytree': 0.7999999999999999, 'reg_alpha': 0.0014915079372878957, 'reg_lambda': 1.2242501018196377, 'objective': 'binary:logistic', 'eval_metric': 'logloss', 'random_state': 42, 'n_jobs': -1}"
LCX,XGBoost,Config_B_OneHot,5,4,0.7166282051282051,"{'n_estimators': 200, 'learning_rate': 0.09428420793329491, 'max_depth': 3, 'min_child_weight': 6, 'subsample': 0.7, 'colsample_bytree': 0.7, 'reg_alpha': 0.10416573702496974, 'reg_lambda': 2.9474798120310846, 'objective': 'binary:logistic', 'eval_metric': 'logloss', 'random_state': 42, 'n_jobs': -1}"
LCX,XGBoost,Config_B_OneHot,5,5,0.7170128205128204,"{'n_estimators': 150, 'learning_rate': 0.08619777115317026, 'max_depth': 2, 'min_child_weight': 5, 'subsample': 0.7, 'colsample_bytree': 0.75, 'reg_alpha': 0.0032271807728235045, 'reg_lambda': 0.9878182418621777, 'objective': 'binary:logistic', 'eval_metric': 'logloss', 'random_state': 42, 'n_jobs': -1}"
LCX,XGBoost,Config_B_OneHot,5,6,0.7309145299145299,"{'n_estimators': 150, 'learning_rate': 0.046243032354801046, 'max_depth': 2, 'min_child_weight': 5, 'subsample': 0.7, 'colsample_bytree': 0.7, 'reg_alpha': 0.019444800458854605, 'reg_lambda': 1.0474321934383655, 'objective': 'binary:logistic', 'eval_metric': 'logloss', 'random_state': 42, 'n_jobs': -1}"
LCX,XGBoost,Config_B_OneHot,5,7,0.7346196581196581,"{'n_estimators': 400, 'learning_rate': 0.020189996737357576, 'max_depth': 2, 'min_child_weight': 5, 'subsample': 0.7, 'colsample_bytree': 0.95, 'reg_alpha': 0.03483041512605283, 'reg_lambda': 1.5620006405723044, 'objective': 'binary:logistic', 'eval_metric': 'logloss', 'random_state': 42, 'n_jobs': -1}"
LCX,XGBoost,Config_B_OneHot,5,8,0.7355555555555555,"{'n_estimators': 150, 'learning_rate': 0.04431482008164259, 'max_depth': 4, 'min_child_weight': 3, 'subsample': 0.7999999999999999, 'colsample_bytree': 0.8999999999999999, 'reg_alpha': 0.13869033270953285, 'reg_lambda': 1.7164294282554504, 'objective': 'binary:logistic', 'eval_metric': 'logloss', 'random_state': 42, 'n_jobs': -1}"
LCX,XGBoost,Config_B_OneHot,5,9,0.7374273504273505,"{'n_estimators': 200, 'learning_rate': 0.05898415803569665, 'max_depth': 3, 'min_child_weight': 3, 'subsample': 0.85, 'colsample_bytree': 0.75, 'reg_alpha': 0.09040950355856664, 'reg_lambda': 0.7273765036255824, 'objective': 'binary:logistic', 'eval_metric': 'logloss', 'random_state': 42, 'n_jobs': -1}"
LCX,XGBoost,Config_B_OneHot,6,0,0.7386169871794871,"{'n_estimators': 150, 'learning_rate': 0.09597639835434915, 'max_depth': 4, 'min_child_weight': 3, 'subsample': 0.8999999999999999, 'colsample_bytree': 0.8999999999999999, 'reg_alpha': 0.086434189417616, 'reg_lambda': 1.5364990179704159, 'objective': 'binary:logistic', 'eval_metric': 'logloss', 'random_state': 42, 'n_jobs': -1}"
LCX,XGBoost,Config_B_OneHot,6,1,0.7524027777777779,"{'n_estimators': 350, 'learning_rate': 0.02974613297949653, 'max_depth': 2, 'min_child_weight': 1, 'subsample': 0.7, 'colsample_bytree': 0.75, 'reg_alpha': 0.08366947297714275, 'reg_lambda': 1.3055198701736974, 'objective': 'binary:logistic', 'eval_metric': 'logloss', 'random_state': 42, 'n_jobs': -1}"
LCX,XGBoost,Config_B_OneHot,6,2,0.7540240384615385,"{'n_estimators': 200, 'learning_rate': 0.08752271366454631, 'max_depth': 2, 'min_child_weight': 2, 'subsample': 0.95, 'colsample_bytree': 0.7, 'reg_alpha': 0.17449964574957397, 'reg_lambda': 0.5130948892472565, 'objective': 'binary:logistic', 'eval_metric': 'logloss', 'random_state': 42, 'n_jobs': -1}"
LCX,XGBoost,Config_B_OneHot,6,3,0.7577489316239315,"{'n_estimators': 400, 'learning_rate': 0.06130310960796044, 'max_depth': 3, 'min_child_weight': 6, 'subsample': 0.85, 'colsample_bytree': 0.75, 'reg_alpha': 0.04079410199446408, 'reg_lambda': 1.2336495449497418, 'objective': 'binary:logistic', 'eval_metric': 'logloss', 'random_state': 42, 'n_jobs': -1}"
LCX,XGBoost,Config_B_OneHot,6,4,0.7416073717948718,"{'n_estimators': 150, 'learning_rate': 0.08294308550725901, 'max_depth': 3, 'min_child_weight': 6, 'subsample': 0.8999999999999999, 'colsample_bytree': 0.75, 'reg_alpha': 0.012178355108396106, 'reg_lambda': 1.8160097139320426, 'objective': 'binary:logistic', 'eval_metric': 'logloss', 'random_state': 42, 'n_jobs': -1}"
LCX,XGBoost,Config_B_OneHot,6,5,0.7521570512820511,"{'n_estimators': 300, 'learning_rate': 0.03032723336579277, 'max_depth': 2, 'min_child_weight': 3, 'subsample': 0.7, 'colsample_bytree': 0.7999999999999999, 'reg_alpha': 0.026041440414973645, 'reg_lambda': 2.9220673075619508, 'objective': 'binary:logistic', 'eval_metric': 'logloss', 'random_state': 42, 'n_jobs': -1}"
LCX,XGBoost,Config_B_OneHot,6,6,0.7515571581196582,"{'n_estimators': 150, 'learning_rate': 0.04575922082091726, 'max_depth': 3, 'min_child_weight': 2, 'subsample': 0.7, 'colsample_bytree': 0.85, 'reg_alpha': 0.0020473233146825888, 'reg_lambda': 1.9199152212972468, 'objective': 'binary:logistic', 'eval_metric': 'logloss', 'random_state': 42, 'n_jobs': -1}"
LCX,XGBoost,Config_B_OneHot,6,7,0.7392788461538462,"{'n_estimators': 250, 'learning_rate': 0.0229217708043841, 'max_depth': 3, 'min_child_weight': 4, 'subsample': 0.85, 'colsample_bytree': 0.75, 'reg_alpha': 0.7283277146238132, 'reg_lambda': 0.6475611406741715, 'objective': 'binary:logistic', 'eval_metric': 'logloss', 'random_state': 42, 'n_jobs': -1}"
LCX,XGBoost,Config_B_OneHot,6,8,0.7617190170940171,"{'n_estimators': 400, 'learning_rate': 0.07060792368122924, 'max_depth': 2, 'min_child_weight': 6, 'subsample': 0.7999999999999999, 'colsample_bytree': 0.7999999999999999, 'reg_alpha': 0.4802533891156786, 'reg_lambda': 2.3851346741829174, 'objective': 'binary:logistic', 'eval_metric': 'logloss', 'random_state': 42, 'n_jobs': -1}"
LCX,XGBoost,Config_B_OneHot,6,9,0.7506004273504274,"{'n_estimators': 350, 'learning_rate': 0.0823111249489445, 'max_depth': 3, 'min_child_weight': 2, 'subsample': 0.7999999999999999, 'colsample_bytree': 0.85, 'reg_alpha': 0.06674732459110708, 'reg_lambda': 1.8131124283803848, 'objective': 'binary:logistic', 'eval_metric': 'logloss', 'random_state': 42, 'n_jobs': -1}"
LCX,XGBoost,Config_B_OneHot,7,0,0.7242489316239317,"{'n_estimators': 150, 'learning_rate': 0.08398717355973007, 'max_depth': 2, 'min_child_weight': 2, 'subsample': 0.8999999999999999, 'colsample_bytree': 0.75, 'reg_alpha': 0.39276353491451815, 'reg_lambda': 1.6187815805346855, 'objective': 'binary:logistic', 'eval_metric': 'logloss', 'random_state': 42, 'n_jobs': -1}"
LCX,XGBoost,Config_B_OneHot,7,1,0.7439396367521368,"{'n_estimators': 300, 'learning_rate': 0.035537142718999944, 'max_depth': 2, 'min_child_weight': 1, 'subsample': 0.7999999999999999, 'colsample_bytree': 0.8999999999999999, 'reg_alpha': 0.024005109125923164, 'reg_lambda': 1.981861022438431, 'objective': 'binary:logistic', 'eval_metric': 'logloss', 'random_state': 42, 'n_jobs': -1}"
LCX,XGBoost,Config_B_OneHot,7,2,0.7413498931623933,"{'n_estimators': 250, 'learning_rate': 0.041558648101322274, 'max_depth': 2, 'min_child_weight': 3, 'subsample': 0.7, 'colsample_bytree': 0.7, 'reg_alpha': 0.0017618279370659924, 'reg_lambda': 1.0335998777008533, 'objective': 'binary:logistic', 'eval_metric': 'logloss', 'random_state': 42, 'n_jobs': -1}"
LCX,XGBoost,Config_B_OneHot,7,3,0.7373707264957264,"{'n_estimators': 300, 'learning_rate': 0.05739865607856581, 'max_depth': 3, 'min_child_weight': 4, 'subsample': 0.7999999999999999, 'colsample_bytree': 0.7999999999999999, 'reg_alpha': 0.016029577507559015, 'reg_lambda': 2.1983120803471046, 'objective': 'binary:logistic', 'eval_metric': 'logloss', 'random_state': 42, 'n_jobs': -1}"
LCX,XGBoost,Config_B_OneHot,7,4,0.7461100427350428,"{'n_estimators': 150, 'learning_rate': 0.07118139650341943, 'max_depth': 2, 'min_child_weight': 4, 'subsample': 0.7, 'colsample_bytree': 0.8999999999999999, 'reg_alpha': 0.0061568293986750955, 'reg_lambda': 2.429923074495372, 'objective': 'binary:logistic', 'eval_metric': 'logloss', 'random_state': 42, 'n_jobs': -1}"
LCX,XGBoost,Config_B_OneHot,7,5,0.7339278846153846,"{'n_estimators': 200, 'learning_rate': 0.05708662007797162, 'max_depth': 4, 'min_child_weight': 6, 'subsample': 0.7, 'colsample_bytree': 0.7999999999999999, 'reg_alpha': 0.0018629487074258546, 'reg_lambda': 2.232095830312237, 'objective': 'binary:logistic', 'eval_metric': 'logloss', 'random_state': 42, 'n_jobs': -1}"
LCX,XGBoost,Config_B_OneHot,7,6,0.7332601495726495,"{'n_estimators': 350, 'learning_rate': 0.08639916152073042, 'max_depth': 2, 'min_child_weight': 2, 'subsample': 0.7, 'colsample_bytree': 0.7999999999999999, 'reg_alpha': 0.7736457449215157, 'reg_lambda': 1.9481133503758485, 'objective': 'binary:logistic', 'eval_metric': 'logloss', 'random_state': 42, 'n_jobs': -1}"
LCX,XGBoost,Config_B_OneHot,7,7,0.7312553418803418,"{'n_estimators': 400, 'learning_rate': 0.04601364599415404, 'max_depth': 4, 'min_child_weight': 3, 'subsample': 0.95, 'colsample_bytree': 0.7999999999999999, 'reg_alpha': 0.0026791457190218073, 'reg_lambda': 2.7675510514760076, 'objective': 'binary:logistic', 'eval_metric': 'logloss', 'random_state': 42, 'n_jobs': -1}"
LCX,XGBoost,Config_B_OneHot,7,8,0.7547932692307694,"{'n_estimators': 150, 'learning_rate': 0.023178518020255966, 'max_depth': 3, 'min_child_weight': 1, 'subsample': 0.8999999999999999, 'colsample_bytree': 0.7999999999999999, 'reg_alpha': 0.1372793238892058, 'reg_lambda': 2.016905933400257, 'objective': 'binary:logistic', 'eval_metric': 'logloss', 'random_state': 42, 'n_jobs': -1}"
LCX,XGBoost,Config_B_OneHot,7,9,0.7337462606837608,"{'n_estimators': 400, 'learning_rate': 0.02274467045722856, 'max_depth': 3, 'min_child_weight': 4, 'subsample': 0.7999999999999999, 'colsample_bytree': 0.7999999999999999, 'reg_alpha': 0.0011132565607220588, 'reg_lambda': 2.5774509515144737, 'objective': 'binary:logistic', 'eval_metric': 'logloss', 'random_state': 42, 'n_jobs': -1}"
LCX,XGBoost,Config_B_OneHot,8,0,0.6621875,"{'n_estimators': 200, 'learning_rate': 0.02976588540355519, 'max_depth': 4, 'min_child_weight': 6, 'subsample': 0.8999999999999999, 'colsample_bytree': 0.85, 'reg_alpha': 0.043741899731708535, 'reg_lambda': 1.0260595899669145, 'objective': 'binary:logistic', 'eval_metric': 'logloss', 'random_state': 42, 'n_jobs': -1}"
LCX,XGBoost,Config_B_OneHot,8,1,0.6740416666666667,"{'n_estimators': 350, 'learning_rate': 0.084619012575562, 'max_depth': 4, 'min_child_weight': 3, 'subsample': 0.7999999999999999, 'colsample_bytree': 0.8999999999999999, 'reg_alpha': 0.3423685923375879, 'reg_lambda': 1.0728455110318198, 'objective': 'binary:logistic', 'eval_metric': 'logloss', 'random_state': 42, 'n_jobs': -1}"
LCX,XGBoost,Config_B_OneHot,8,2,0.6889097222222222,"{'n_estimators': 400, 'learning_rate': 0.02198933749420546, 'max_depth': 2, 'min_child_weight': 2, 'subsample': 0.8999999999999999, 'colsample_bytree': 0.8999999999999999, 'reg_alpha': 0.6746620783299525, 'reg_lambda': 2.0159579171036914, 'objective': 'binary:logistic', 'eval_metric': 'logloss', 'random_state': 42, 'n_jobs': -1}"
LCX,XGBoost,Config_B_OneHot,8,3,0.6929652777777778,"{'n_estimators': 250, 'learning_rate': 0.03936915003890607, 'max_depth': 4, 'min_child_weight': 2, 'subsample': 0.75, 'colsample_bytree': 0.7, 'reg_alpha': 0.005681710676081756, 'reg_lambda': 2.7765889761697893, 'objective': 'binary:logistic', 'eval_metric': 'logloss', 'random_state': 42, 'n_jobs': -1}"
LCX,XGBoost,Config_B_OneHot,8,4,0.6565,"{'n_estimators': 400, 'learning_rate': 0.055771175070257105, 'max_depth': 4, 'min_child_weight': 6, 'subsample': 0.95, 'colsample_bytree': 0.95, 'reg_alpha': 0.09937340043653158, 'reg_lambda': 1.4826384625126154, 'objective': 'binary:logistic', 'eval_metric': 'logloss', 'random_state': 42, 'n_jobs': -1}"
LCX,XGBoost,Config_B_OneHot,8,5,0.6823402777777777,"{'n_estimators': 300, 'learning_rate': 0.03671382209161652, 'max_depth': 3, 'min_child_weight': 3, 'subsample': 0.7, 'colsample_bytree': 0.95, 'reg_alpha': 0.04257917107079235, 'reg_lambda': 2.5582531004039644, 'objective': 'binary:logistic', 'eval_metric': 'logloss', 'random_state': 42, 'n_jobs': -1}"
LCX,XGBoost,Config_B_OneHot,8,6,0.6644166666666667,"{'n_estimators': 300, 'learning_rate': 0.020215903507480225, 'max_depth': 3, 'min_child_weight': 5, 'subsample': 0.75, 'colsample_bytree': 0.7, 'reg_alpha': 0.0018722080855166697, 'reg_lambda': 1.13953326492302, 'objective': 'binary:logistic', 'eval_metric': 'logloss', 'random_state': 42, 'n_jobs': -1}"
LCX,XGBoost,Config_B_OneHot,8,7,0.6633263888888888,"{'n_estimators': 300, 'learning_rate': 0.07621361293070887, 'max_depth': 2, 'min_child_weight': 5, 'subsample': 0.7, 'colsample_bytree': 0.95, 'reg_alpha': 0.07333093586251178, 'reg_lambda': 2.974076780123529, 'objective': 'binary:logistic', 'eval_metric': 'logloss', 'random_state': 42, 'n_jobs': -1}"
LCX,XGBoost,Config_B_OneHot,8,8,0.6625555555555556,"{'n_estimators': 200, 'learning_rate': 0.052051275322715834, 'max_depth': 3, 'min_child_weight': 5, 'subsample': 0.85, 'colsample_bytree': 0.85, 'reg_alpha': 0.8122683872844335, 'reg_lambda': 2.024509215107348, 'objective': 'binary:logistic', 'eval_metric': 'logloss', 'random_state': 42, 'n_jobs': -1}"
LCX,XGBoost,Config_B_OneHot,8,9,0.6526875,"{'n_estimators': 300, 'learning_rate': 0.06811855334965983, 'max_depth': 2, 'min_child_weight': 6, 'subsample': 0.8999999999999999, 'colsample_bytree': 0.95, 'reg_alpha': 0.03898282811042262, 'reg_lambda': 0.5132423837421164, 'objective': 'binary:logistic', 'eval_metric': 'logloss', 'random_state': 42, 'n_jobs': -1}"
LCX,XGBoost,Config_B_OneHot,9,0,0.694948717948718,"{'n_estimators': 250, 'learning_rate': 0.028870429454998316, 'max_depth': 2, 'min_child_weight': 3, 'subsample': 0.7999999999999999, 'colsample_bytree': 0.95, 'reg_alpha': 0.016772260574480478, 'reg_lambda': 2.429734987099284, 'objective': 'binary:logistic', 'eval_metric': 'logloss', 'random_state': 42, 'n_jobs': -1}"
LCX,XGBoost,Config_B_OneHot,9,1,0.6991623931623931,"{'n_estimators': 350, 'learning_rate': 0.032939517359661816, 'max_depth': 3, 'min_child_weight': 3, 'subsample': 0.7, 'colsample_bytree': 0.95, 'reg_alpha': 0.5339926925906314, 'reg_lambda': 1.8998927593053125, 'objective': 'binary:logistic', 'eval_metric': 'logloss', 'random_state': 42, 'n_jobs': -1}"
LCX,XGBoost,Config_B_OneHot,9,2,0.6968675213675214,"{'n_estimators': 200, 'learning_rate': 0.08353244236958593, 'max_depth': 4, 'min_child_weight': 3, 'subsample': 0.85, 'colsample_bytree': 0.85, 'reg_alpha': 0.608138898907299, 'reg_lambda': 1.9284326725973164, 'objective': 'binary:logistic', 'eval_metric': 'logloss', 'random_state': 42, 'n_jobs': -1}"
LCX,XGBoost,Config_B_OneHot,9,3,0.6938717948717948,"{'n_estimators': 350, 'learning_rate': 0.021754908109300614, 'max_depth': 2, 'min_child_weight': 1, 'subsample': 0.75, 'colsample_bytree': 0.95, 'reg_alpha': 0.6516969205342049, 'reg_lambda': 2.285231768585234, 'objective': 'binary:logistic', 'eval_metric': 'logloss', 'random_state': 42, 'n_jobs': -1}"
LCX,XGBoost,Config_B_OneHot,9,4,0.6924743589743589,"{'n_estimators': 350, 'learning_rate': 0.042051139708930596, 'max_depth': 4, 'min_child_weight': 3, 'subsample': 0.8999999999999999, 'colsample_bytree': 0.85, 'reg_alpha': 0.06255982655523418, 'reg_lambda': 1.0550984801991896, 'objective': 'binary:logistic', 'eval_metric': 'logloss', 'random_state': 42, 'n_jobs': -1}"
LCX,XGBoost,Config_B_OneHot,9,5,0.6978504273504273,"{'n_estimators': 350, 'learning_rate': 0.08217978738078108, 'max_depth': 4, 'min_child_weight': 3, 'subsample': 0.95, 'colsample_bytree': 0.8999999999999999, 'reg_alpha': 0.15040103851170483, 'reg_lambda': 0.812136733723982, 'objective': 'binary:logistic', 'eval_metric': 'logloss', 'random_state': 42, 'n_jobs': -1}"
LCX,XGBoost,Config_B_OneHot,9,6,0.7064615384615385,"{'n_estimators': 400, 'learning_rate': 0.03732745242659247, 'max_depth': 2, 'min_child_weight': 4, 'subsample': 0.7999999999999999, 'colsample_bytree': 0.75, 'reg_alpha': 0.3288422916796942, 'reg_lambda': 0.9465480058991961, 'objective': 'binary:logistic', 'eval_metric': 'logloss', 'random_state': 42, 'n_jobs': -1}"
LCX,XGBoost,Config_B_OneHot,9,7,0.6976538461538461,"{'n_estimators': 200, 'learning_rate': 0.05784473529280553, 'max_depth': 3, 'min_child_weight': 1, 'subsample': 0.7, 'colsample_bytree': 0.7, 'reg_alpha': 0.027124072482626636, 'reg_lambda': 1.8507405731760547, 'objective': 'binary:logistic', 'eval_metric': 'logloss', 'random_state': 42, 'n_jobs': -1}"
LCX,XGBoost,Config_B_OneHot,9,8,0.7166709401709402,"{'n_estimators': 400, 'learning_rate': 0.051178000017559774, 'max_depth': 3, 'min_child_weight': 6, 'subsample': 0.95, 'colsample_bytree': 0.75, 'reg_alpha': 0.11166005364121517, 'reg_lambda': 2.91069029650434, 'objective': 'binary:logistic', 'eval_metric': 'logloss', 'random_state': 42, 'n_jobs': -1}"
LCX,XGBoost,Config_B_OneHot,9,9,0.7100982905982907,"{'n_estimators': 200, 'learning_rate': 0.0633146980469855, 'max_depth': 4, 'min_child_weight': 6, 'subsample': 0.95, 'colsample_bytree': 0.7999999999999999, 'reg_alpha': 0.00103829223615431, 'reg_lambda': 0.5871633219535175, 'objective': 'binary:logistic', 'eval_metric': 'logloss', 'random_state': 42, 'n_jobs': -1}"
LCX,XGBoost,Config_B_OneHot,10,0,0.7056025641025642,"{'n_estimators': 350, 'learning_rate': 0.02149227900821476, 'max_depth': 3, 'min_child_weight': 4, 'subsample': 0.75, 'colsample_bytree': 0.95, 'reg_alpha': 0.00297173792225714, 'reg_lambda': 1.469932406056906, 'objective': 'binary:logistic', 'eval_metric': 'logloss', 'random_state': 42, 'n_jobs': -1}"
LCX,XGBoost,Config_B_OneHot,10,1,0.6977264957264957,"{'n_estimators': 300, 'learning_rate': 0.04385151700824109, 'max_depth': 2, 'min_child_weight': 2, 'subsample': 0.85, 'colsample_bytree': 0.75, 'reg_alpha': 0.017011552833442776, 'reg_lambda': 0.619314457491073, 'objective': 'binary:logistic', 'eval_metric': 'logloss', 'random_state': 42, 'n_jobs': -1}"
LCX,XGBoost,Config_B_OneHot,10,2,0.7022991452991453,"{'n_estimators': 200, 'learning_rate': 0.03200886392508788, 'max_depth': 3, 'min_child_weight': 1, 'subsample': 0.8999999999999999, 'colsample_bytree': 0.8999999999999999, 'reg_alpha': 0.04946326910461367, 'reg_lambda': 2.2853034885297627, 'objective': 'binary:logistic', 'eval_metric': 'logloss', 'random_state': 42, 'n_jobs': -1}"
LCX,XGBoost,Config_B_OneHot,10,3,0.6977435897435896,"{'n_estimators': 300, 'learning_rate': 0.05594600304914312, 'max_depth': 4, 'min_child_weight': 6, 'subsample': 0.7999999999999999, 'colsample_bytree': 0.75, 'reg_alpha': 0.06473986730561755, 'reg_lambda': 1.430370446803253, 'objective': 'binary:logistic', 'eval_metric': 'logloss', 'random_state': 42, 'n_jobs': -1}"
LCX,XGBoost,Config_B_OneHot,10,4,0.6940213675213674,"{'n_estimators': 400, 'learning_rate': 0.0628655112042302, 'max_depth': 3, 'min_child_weight': 6, 'subsample': 0.7, 'colsample_bytree': 0.7999999999999999, 'reg_alpha': 0.0032161876171455154, 'reg_lambda': 2.6071868204854667, 'objective': 'binary:logistic', 'eval_metric': 'logloss', 'random_state': 42, 'n_jobs': -1}"
LCX,XGBoost,Config_B_OneHot,10,5,0.7018290598290599,"{'n_estimators': 150, 'learning_rate': 0.06611639558706942, 'max_depth': 4, 'min_child_weight': 2, 'subsample': 0.75, 'colsample_bytree': 0.95, 'reg_alpha': 0.08884674653725019, 'reg_lambda': 1.2921120418071792, 'objective': 'binary:logistic', 'eval_metric': 'logloss', 'random_state': 42, 'n_jobs': -1}"
LCX,XGBoost,Config_B_OneHot,10,6,0.7002735042735043,"{'n_estimators': 250, 'learning_rate': 0.026058758948319015, 'max_depth': 2, 'min_child_weight': 2, 'subsample': 0.95, 'colsample_bytree': 0.8999999999999999, 'reg_alpha': 0.002025726575787627, 'reg_lambda': 1.316815713174386, 'objective': 'binary:logistic', 'eval_metric': 'logloss', 'random_state': 42, 'n_jobs': -1}"
LCX,XGBoost,Config_B_OneHot,10,7,0.7075940170940171,"{'n_estimators': 300, 'learning_rate': 0.020387499947404807, 'max_depth': 2, 'min_child_weight': 5, 'subsample': 0.75, 'colsample_bytree': 0.7999999999999999, 'reg_alpha': 0.00133341377708802, 'reg_lambda': 0.6855301515663077, 'objective': 'binary:logistic', 'eval_metric': 'logloss', 'random_state': 42, 'n_jobs': -1}"
LCX,XGBoost,Config_B_OneHot,10,8,0.7013461538461537,"{'n_estimators': 200, 'learning_rate': 0.02094192403491227, 'max_depth': 2, 'min_child_weight': 3, 'subsample': 0.8999999999999999, 'colsample_bytree': 0.85, 'reg_alpha': 0.5152128154657382, 'reg_lambda': 2.092677065296135, 'objective': 'binary:logistic', 'eval_metric': 'logloss', 'random_state': 42, 'n_jobs': -1}"
LCX,XGBoost,Config_B_OneHot,10,9,0.7086025641025642,"{'n_estimators': 300, 'learning_rate': 0.03323111935532939, 'max_depth': 2, 'min_child_weight': 5, 'subsample': 0.85, 'colsample_bytree': 0.7999999999999999, 'reg_alpha': 0.06347959244913043, 'reg_lambda': 1.7882068442246108, 'objective': 'binary:logistic', 'eval_metric': 'logloss', 'random_state': 42, 'n_jobs': -1}"
LCX,XGBoost,Config_B_OneHot,11,0,0.7346041666666667,"{'n_estimators': 350, 'learning_rate': 0.02085862524022234, 'max_depth': 2, 'min_child_weight': 4, 'subsample': 0.7, 'colsample_bytree': 0.85, 'reg_alpha': 0.0014510108462867314, 'reg_lambda': 2.901635144510596, 'objective': 'binary:logistic', 'eval_metric': 'logloss', 'random_state': 42, 'n_jobs': -1}"
LCX,XGBoost,Config_B_OneHot,11,1,0.729084935897436,"{'n_estimators': 400, 'learning_rate': 0.04626819866064603, 'max_depth': 3, 'min_child_weight': 5, 'subsample': 0.8999999999999999, 'colsample_bytree': 0.7999999999999999, 'reg_alpha': 0.20249575295548286, 'reg_lambda': 1.5580043760300792, 'objective': 'binary:logistic', 'eval_metric': 'logloss', 'random_state': 42, 'n_jobs': -1}"
LCX,XGBoost,Config_B_OneHot,11,2,0.7184690170940171,"{'n_estimators': 400, 'learning_rate': 0.05993439886344456, 'max_depth': 3, 'min_child_weight': 6, 'subsample': 0.7999999999999999, 'colsample_bytree': 0.7, 'reg_alpha': 0.009433484515370637, 'reg_lambda': 1.5377804653562281, 'objective': 'binary:logistic', 'eval_metric': 'logloss', 'random_state': 42, 'n_jobs': -1}"
LCX,XGBoost,Config_B_OneHot,11,3,0.7383044871794873,"{'n_estimators': 350, 'learning_rate': 0.05766184836499113, 'max_depth': 2, 'min_child_weight': 5, 'subsample': 0.8999999999999999, 'colsample_bytree': 0.7999999999999999, 'reg_alpha': 0.03402896224602408, 'reg_lambda': 2.490398853755061, 'objective': 'binary:logistic', 'eval_metric': 'logloss', 'random_state': 42, 'n_jobs': -1}"
LCX,XGBoost,Config_B_OneHot,11,4,0.7318616452991452,"{'n_estimators': 250, 'learning_rate': 0.06613197262898333, 'max_depth': 2, 'min_child_weight': 3, 'subsample': 0.7999999999999999, 'colsample_bytree': 0.75, 'reg_alpha': 0.38452285201073605, 'reg_lambda': 0.5500563977949628, 'objective': 'binary:logistic', 'eval_metric': 'logloss', 'random_state': 42, 'n_jobs': -1}"
LCX,XGBoost,Config_B_OneHot,11,5,0.720022435897436,"{'n_estimators': 250, 'learning_rate': 0.021586248003813896, 'max_depth': 3, 'min_child_weight': 6, 'subsample': 0.7999999999999999, 'colsample_bytree': 0.95, 'reg_alpha': 0.0023370212530145987, 'reg_lambda': 0.8935843673331579, 'objective': 'binary:logistic', 'eval_metric': 'logloss', 'random_state': 42, 'n_jobs': -1}"
LCX,XGBoost,Config_B_OneHot,11,6,0.7320005341880341,"{'n_estimators': 350, 'learning_rate': 0.05831797720482754, 'max_depth': 4, 'min_child_weight': 4, 'subsample': 0.7999999999999999, 'colsample_bytree': 0.95, 'reg_alpha': 0.013290384094026747, 'reg_lambda': 1.8194661122744296, 'objective': 'binary:logistic', 'eval_metric': 'logloss', 'random_state': 42, 'n_jobs': -1}"
LCX,XGBoost,Config_B_OneHot,11,7,0.7303365384615385,"{'n_estimators': 350, 'learning_rate': 0.03967248879379902, 'max_depth': 3, 'min_child_weight': 4, 'subsample': 0.7999999999999999, 'colsample_bytree': 0.95, 'reg_alpha': 0.17068769310324403, 'reg_lambda': 2.8237145046000145, 'objective': 'binary:logistic', 'eval_metric': 'logloss', 'random_state': 42, 'n_jobs': -1}"
LCX,XGBoost,Config_B_OneHot,11,8,0.7315827991452991,"{'n_estimators': 400, 'learning_rate': 0.033491399690303826, 'max_depth': 4, 'min_child_weight': 1, 'subsample': 0.75, 'colsample_bytree': 0.8999999999999999, 'reg_alpha': 0.18031413425198967, 'reg_lambda': 1.238452818603025, 'objective': 'binary:logistic', 'eval_metric': 'logloss', 'random_state': 42, 'n_jobs': -1}"
LCX,XGBoost,Config_B_OneHot,11,9,0.7274893162393162,"{'n_estimators': 400, 'learning_rate': 0.020140942656637868, 'max_depth': 3, 'min_child_weight': 2, 'subsample': 0.7999999999999999, 'colsample_bytree': 0.95, 'reg_alpha': 0.006930051203466111, 'reg_lambda': 1.5697097480522237, 'objective': 'binary:logistic', 'eval_metric': 'logloss', 'random_state': 42, 'n_jobs': -1}"
LCX,XGBoost,Config_B_OneHot,12,0,0.7223568376068376,"{'n_estimators': 400, 'learning_rate': 0.04934780907290226, 'max_depth': 3, 'min_child_weight': 3, 'subsample': 0.85, 'colsample_bytree': 0.85, 'reg_alpha': 0.3036468850849575, 'reg_lambda': 1.161355496805086, 'objective': 'binary:logistic', 'eval_metric': 'logloss', 'random_state': 42, 'n_jobs': -1}"
LCX,XGBoost,Config_B_OneHot,12,1,0.7262398504273504,"{'n_estimators': 250, 'learning_rate': 0.0350042917254292, 'max_depth': 2, 'min_child_weight': 2, 'subsample': 0.7, 'colsample_bytree': 0.7999999999999999, 'reg_alpha': 0.013027124876601858, 'reg_lambda': 1.891832308213857, 'objective': 'binary:logistic', 'eval_metric': 'logloss', 'random_state': 42, 'n_jobs': -1}"
LCX,XGBoost,Config_B_OneHot,12,2,0.7220721153846155,"{'n_estimators': 400, 'learning_rate': 0.026181815072842746, 'max_depth': 3, 'min_child_weight': 4, 'subsample': 0.85, 'colsample_bytree': 0.85, 'reg_alpha': 0.03741668423008987, 'reg_lambda': 2.018950060702857, 'objective': 'binary:logistic', 'eval_metric': 'logloss', 'random_state': 42, 'n_jobs': -1}"
LCX,XGBoost,Config_B_OneHot,12,3,0.7310315170940171,"{'n_estimators': 150, 'learning_rate': 0.027124574309818024, 'max_depth': 3, 'min_child_weight': 6, 'subsample': 0.95, 'colsample_bytree': 0.75, 'reg_alpha': 0.025052009566249592, 'reg_lambda': 1.6764033659332616, 'objective': 'binary:logistic', 'eval_metric': 'logloss', 'random_state': 42, 'n_jobs': -1}"
LCX,XGBoost,Config_B_OneHot,12,4,0.7232740384615385,"{'n_estimators': 250, 'learning_rate': 0.09528702776023557, 'max_depth': 4, 'min_child_weight': 5, 'subsample': 0.75, 'colsample_bytree': 0.7, 'reg_alpha': 0.6668564096239122, 'reg_lambda': 2.4429498327578516, 'objective': 'binary:logistic', 'eval_metric': 'logloss', 'random_state': 42, 'n_jobs': -1}"
LCX,XGBoost,Config_B_OneHot,12,5,0.7332051282051283,"{'n_estimators': 200, 'learning_rate': 0.0628135505847513, 'max_depth': 2, 'min_child_weight': 6, 'subsample': 0.75, 'colsample_bytree': 0.75, 'reg_alpha': 0.0012163668884429177, 'reg_lambda': 1.7397128882178707, 'objective': 'binary:logistic', 'eval_metric': 'logloss', 'random_state': 42, 'n_jobs': -1}"
LCX,XGBoost,Config_B_OneHot,12,6,0.7197868589743589,"{'n_estimators': 350, 'learning_rate': 0.035066322937229166, 'max_depth': 2, 'min_child_weight': 5, 'subsample': 0.8999999999999999, 'colsample_bytree': 0.7, 'reg_alpha': 0.36466270335558376, 'reg_lambda': 2.244182412689672, 'objective': 'binary:logistic', 'eval_metric': 'logloss', 'random_state': 42, 'n_jobs': -1}"
LCX,XGBoost,Config_B_OneHot,12,7,0.7412884615384616,"{'n_estimators': 150, 'learning_rate': 0.03772498542733504, 'max_depth': 3, 'min_child_weight': 1, 'subsample': 0.95, 'colsample_bytree': 0.7, 'reg_alpha': 0.15655443033863076, 'reg_lambda': 0.8239085317973678, 'objective': 'binary:logistic', 'eval_metric': 'logloss', 'random_state': 42, 'n_jobs': -1}"
LCX,XGBoost,Config_B_OneHot,12,8,0.724665064102564,"{'n_estimators': 250, 'learning_rate': 0.02142414795765083, 'max_depth': 3, 'min_child_weight': 5, 'subsample': 0.8999999999999999, 'colsample_bytree': 0.95, 'reg_alpha': 0.6642662963451267, 'reg_lambda': 2.5687197839970746, 'objective': 'binary:logistic', 'eval_metric': 'logloss', 'random_state': 42, 'n_jobs': -1}"
LCX,XGBoost,Config_B_OneHot,12,9,0.7209567307692307,"{'n_estimators': 350, 'learning_rate': 0.048209051693452576, 'max_depth': 3, 'min_child_weight': 6, 'subsample': 0.95, 'colsample_bytree': 0.85, 'reg_alpha': 0.0015241341107624156, 'reg_lambda': 2.2120847964176473, 'objective': 'binary:logistic', 'eval_metric': 'logloss', 'random_state': 42, 'n_jobs': -1}"
LCX,XGBoost,Config_B_OneHot,13,0,0.7116666666666668,"{'n_estimators': 250, 'learning_rate': 0.03588587238862821, 'max_depth': 2, 'min_child_weight': 4, 'subsample': 0.7, 'colsample_bytree': 0.95, 'reg_alpha': 0.25359679937567364, 'reg_lambda': 2.393279971521636, 'objective': 'binary:logistic', 'eval_metric': 'logloss', 'random_state': 42, 'n_jobs': -1}"
LCX,XGBoost,Config_B_OneHot,13,1,0.7129652777777779,"{'n_estimators': 350, 'learning_rate': 0.020977771726760342, 'max_depth': 3, 'min_child_weight': 3, 'subsample': 0.75, 'colsample_bytree': 0.8999999999999999, 'reg_alpha': 0.07082220367046994, 'reg_lambda': 2.815684909977209, 'objective': 'binary:logistic', 'eval_metric': 'logloss', 'random_state': 42, 'n_jobs': -1}"
LCX,XGBoost,Config_B_OneHot,13,2,0.7134722222222222,"{'n_estimators': 200, 'learning_rate': 0.03005919144492802, 'max_depth': 4, 'min_child_weight': 6, 'subsample': 0.75, 'colsample_bytree': 0.75, 'reg_alpha': 0.003358563601194485, 'reg_lambda': 0.9095664803717272, 'objective': 'binary:logistic', 'eval_metric': 'logloss', 'random_state': 42, 'n_jobs': -1}"
LCX,XGBoost,Config_B_OneHot,13,3,0.7043055555555556,"{'n_estimators': 300, 'learning_rate': 0.042856544012253, 'max_depth': 3, 'min_child_weight': 2, 'subsample': 0.95, 'colsample_bytree': 0.7999999999999999, 'reg_alpha': 0.0014579757294885447, 'reg_lambda': 2.9831426988713976, 'objective': 'binary:logistic', 'eval_metric': 'logloss', 'random_state': 42, 'n_jobs': -1}"
LCX,XGBoost,Config_B_OneHot,13,4,0.70725,"{'n_estimators': 200, 'learning_rate': 0.06295982560179506, 'max_depth': 4, 'min_child_weight': 3, 'subsample': 0.75, 'colsample_bytree': 0.7999999999999999, 'reg_alpha': 0.004247651350226336, 'reg_lambda': 1.6822595299124528, 'objective': 'binary:logistic', 'eval_metric': 'logloss', 'random_state': 42, 'n_jobs': -1}"
LCX,XGBoost,Config_B_OneHot,13,5,0.6979305555555556,"{'n_estimators': 200, 'learning_rate': 0.025923154459285776, 'max_depth': 2, 'min_child_weight': 1, 'subsample': 0.95, 'colsample_bytree': 0.85, 'reg_alpha': 0.15358715386225136, 'reg_lambda': 2.690228068848767, 'objective': 'binary:logistic', 'eval_metric': 'logloss', 'random_state': 42, 'n_jobs': -1}"
LCX,XGBoost,Config_B_OneHot,13,6,0.7126666666666667,"{'n_estimators': 400, 'learning_rate': 0.02429785983114311, 'max_depth': 4, 'min_child_weight': 1, 'subsample': 0.8999999999999999, 'colsample_bytree': 0.85, 'reg_alpha': 0.443320152041643, 'reg_lambda': 2.1340197415262754, 'objective': 'binary:logistic', 'eval_metric': 'logloss', 'random_state': 42, 'n_jobs': -1}"
LCX,XGBoost,Config_B_OneHot,13,7,0.700388888888889,"{'n_estimators': 150, 'learning_rate': 0.055194731952399476, 'max_depth': 4, 'min_child_weight': 3, 'subsample': 0.8999999999999999, 'colsample_bytree': 0.8999999999999999, 'reg_alpha': 0.0038644922155174977, 'reg_lambda': 0.92305722043812, 'objective': 'binary:logistic', 'eval_metric': 'logloss', 'random_state': 42, 'n_jobs': -1}"
LCX,XGBoost,Config_B_OneHot,13,8,0.7165902777777777,"{'n_estimators': 150, 'learning_rate': 0.06687644670343404, 'max_depth': 4, 'min_child_weight': 1, 'subsample': 0.7, 'colsample_bytree': 0.8999999999999999, 'reg_alpha': 0.19232725461052744, 'reg_lambda': 2.435056121001702, 'objective': 'binary:logistic', 'eval_metric': 'logloss', 'random_state': 42, 'n_jobs': -1}"
LCX,XGBoost,Config_B_OneHot,13,9,0.7169722222222221,"{'n_estimators': 250, 'learning_rate': 0.03982148378946531, 'max_depth': 4, 'min_child_weight': 2, 'subsample': 0.85, 'colsample_bytree': 0.7999999999999999, 'reg_alpha': 0.3019379344491409, 'reg_lambda': 2.281224711190193, 'objective': 'binary:logistic', 'eval_metric': 'logloss', 'random_state': 42, 'n_jobs': -1}"
LCX,XGBoost,Config_B_OneHot,14,0,0.7242649572649573,"{'n_estimators': 150, 'learning_rate': 0.09554068225976456, 'max_depth': 3, 'min_child_weight': 2, 'subsample': 0.85, 'colsample_bytree': 0.75, 'reg_alpha': 0.3871605794271587, 'reg_lambda': 0.6027503836521843, 'objective': 'binary:logistic', 'eval_metric': 'logloss', 'random_state': 42, 'n_jobs': -1}"
LCX,XGBoost,Config_B_OneHot,14,1,0.7157649572649573,"{'n_estimators': 150, 'learning_rate': 0.06874670001216535, 'max_depth': 2, 'min_child_weight': 5, 'subsample': 0.7, 'colsample_bytree': 0.85, 'reg_alpha': 0.28584328759648164, 'reg_lambda': 2.746464307453792, 'objective': 'binary:logistic', 'eval_metric': 'logloss', 'random_state': 42, 'n_jobs': -1}"
LCX,XGBoost,Config_B_OneHot,14,2,0.7106581196581198,"{'n_estimators': 400, 'learning_rate': 0.044487683898204726, 'max_depth': 3, 'min_child_weight': 6, 'subsample': 0.7999999999999999, 'colsample_bytree': 0.85, 'reg_alpha': 0.0011517545576662045, 'reg_lambda': 2.5202113574734963, 'objective': 'binary:logistic', 'eval_metric': 'logloss', 'random_state': 42, 'n_jobs': -1}"
LCX,XGBoost,Config_B_OneHot,14,3,0.7027307692307693,"{'n_estimators': 250, 'learning_rate': 0.04914023860651583, 'max_depth': 4, 'min_child_weight': 3, 'subsample': 0.95, 'colsample_bytree': 0.85, 'reg_alpha': 0.15199058320939512, 'reg_lambda': 2.448902599961966, 'objective': 'binary:logistic', 'eval_metric': 'logloss', 'random_state': 42, 'n_jobs': -1}"
LCX,XGBoost,Config_B_OneHot,14,4,0.7181965811965813,"{'n_estimators': 250, 'learning_rate': 0.020642946653430534, 'max_depth': 3, 'min_child_weight': 2, 'subsample': 0.95, 'colsample_bytree': 0.75, 'reg_alpha': 0.005290105262063567, 'reg_lambda': 2.7748078682004023, 'objective': 'binary:logistic', 'eval_metric': 'logloss', 'random_state': 42, 'n_jobs': -1}"
LCX,XGBoost,Config_B_OneHot,14,5,0.7148034188034188,"{'n_estimators': 350, 'learning_rate': 0.039941415555934355, 'max_depth': 4, 'min_child_weight': 5, 'subsample': 0.7, 'colsample_bytree': 0.75, 'reg_alpha': 0.3430509981979261, 'reg_lambda': 2.0892323727786675, 'objective': 'binary:logistic', 'eval_metric': 'logloss', 'random_state': 42, 'n_jobs': -1}"
LCX,XGBoost,Config_B_OneHot,14,6,0.7133333333333334,"{'n_estimators': 300, 'learning_rate': 0.07345434941209185, 'max_depth': 3, 'min_child_weight': 2, 'subsample': 0.7999999999999999, 'colsample_bytree': 0.7999999999999999, 'reg_alpha': 0.0039901501910373435, 'reg_lambda': 1.150579702200305, 'objective': 'binary:logistic', 'eval_metric': 'logloss', 'random_state': 42, 'n_jobs': -1}"
LCX,XGBoost,Config_B_OneHot,14,7,0.6931880341880342,"{'n_estimators': 350, 'learning_rate': 0.07834517092233759, 'max_depth': 2, 'min_child_weight': 5, 'subsample': 0.8999999999999999, 'colsample_bytree': 0.85, 'reg_alpha': 0.013103566634881037, 'reg_lambda': 1.0079544606399629, 'objective': 'binary:logistic', 'eval_metric': 'logloss', 'random_state': 42, 'n_jobs': -1}"
LCX,XGBoost,Config_B_OneHot,14,8,0.7250683760683762,"{'n_estimators': 200, 'learning_rate': 0.03367366626582742, 'max_depth': 2, 'min_child_weight': 2, 'subsample': 0.95, 'colsample_bytree': 0.85, 'reg_alpha': 0.0012936207274786167, 'reg_lambda': 1.1853712051066996, 'objective': 'binary:logistic', 'eval_metric': 'logloss', 'random_state': 42, 'n_jobs': -1}"
LCX,XGBoost,Config_B_OneHot,14,9,0.6928504273504273,"{'n_estimators': 350, 'learning_rate': 0.08993153389620875, 'max_depth': 3, 'min_child_weight': 5, 'subsample': 0.8999999999999999, 'colsample_bytree': 0.7, 'reg_alpha': 0.3020161397845519, 'reg_lambda': 1.695064235529879, 'objective': 'binary:logistic', 'eval_metric': 'logloss', 'random_state': 42, 'n_jobs': -1}"
LCX,XGBoost,Config_B_OneHot,15,0,0.6601495726495726,"{'n_estimators': 400, 'learning_rate': 0.034203863822340856, 'max_depth': 4, 'min_child_weight': 2, 'subsample': 0.7999999999999999, 'colsample_bytree': 0.8999999999999999, 'reg_alpha': 0.005540496189614052, 'reg_lambda': 1.6465283128655346, 'objective': 'binary:logistic', 'eval_metric': 'logloss', 'random_state': 42, 'n_jobs': -1}"
LCX,XGBoost,Config_B_OneHot,15,1,0.6628760683760685,"{'n_estimators': 400, 'learning_rate': 0.03756535626293883, 'max_depth': 2, 'min_child_weight': 1, 'subsample': 0.95, 'colsample_bytree': 0.7, 'reg_alpha': 0.08762645580347321, 'reg_lambda': 1.8737599709183634, 'objective': 'binary:logistic', 'eval_metric': 'logloss', 'random_state': 42, 'n_jobs': -1}"
LCX,XGBoost,Config_B_OneHot,15,2,0.6686239316239316,"{'n_estimators': 400, 'learning_rate': 0.0306534134337462, 'max_depth': 3, 'min_child_weight': 6, 'subsample': 0.8999999999999999, 'colsample_bytree': 0.8999999999999999, 'reg_alpha': 0.001279428164649291, 'reg_lambda': 0.5493280723562817, 'objective': 'binary:logistic', 'eval_metric': 'logloss', 'random_state': 42, 'n_jobs': -1}"
LCX,XGBoost,Config_B_OneHot,15,3,0.6591025641025641,"{'n_estimators': 200, 'learning_rate': 0.04949504624076443, 'max_depth': 4, 'min_child_weight': 5, 'subsample': 0.95, 'colsample_bytree': 0.95, 'reg_alpha': 0.04472867207535056, 'reg_lambda': 2.970654178043609, 'objective': 'binary:logistic', 'eval_metric': 'logloss', 'random_state': 42, 'n_jobs': -1}"
LCX,XGBoost,Config_B_OneHot,15,4,0.6596153846153846,"{'n_estimators': 300, 'learning_rate': 0.03511643642000418, 'max_depth': 4, 'min_child_weight': 2, 'subsample': 0.7999999999999999, 'colsample_bytree': 0.7999999999999999, 'reg_alpha': 0.0025910877297541405, 'reg_lambda': 2.313006799029278, 'objective': 'binary:logistic', 'eval_metric': 'logloss', 'random_state': 42, 'n_jobs': -1}"
LCX,XGBoost,Config_B_OneHot,15,5,0.6638589743589743,"{'n_estimators': 300, 'learning_rate': 0.02572982166332638, 'max_depth': 4, 'min_child_weight': 1, 'subsample': 0.8999999999999999, 'colsample_bytree': 0.75, 'reg_alpha': 0.18060480349699445, 'reg_lambda': 0.8223104416758917, 'objective': 'binary:logistic', 'eval_metric': 'logloss', 'random_state': 42, 'n_jobs': -1}"
LCX,XGBoost,Config_B_OneHot,15,6,0.6652094017094017,"{'n_estimators': 150, 'learning_rate': 0.02657387735827619, 'max_depth': 4, 'min_child_weight': 2, 'subsample': 0.8999999999999999, 'colsample_bytree': 0.7999999999999999, 'reg_alpha': 0.02552374228378426, 'reg_lambda': 0.9709711958543197, 'objective': 'binary:logistic', 'eval_metric': 'logloss', 'random_state': 42, 'n_jobs': -1}"
LCX,XGBoost,Config_B_OneHot,15,7,0.6696282051282051,"{'n_estimators': 150, 'learning_rate': 0.020052937920751256, 'max_depth': 3, 'min_child_weight': 1, 'subsample': 0.8999999999999999, 'colsample_bytree': 0.8999999999999999, 'reg_alpha': 0.002743344883974575, 'reg_lambda': 1.8381833061843509, 'objective': 'binary:logistic', 'eval_metric': 'logloss', 'random_state': 42, 'n_jobs': -1}"
LCX,XGBoost,Config_B_OneHot,15,8,0.6479957264957265,"{'n_estimators': 400, 'learning_rate': 0.06557313105186667, 'max_depth': 4, 'min_child_weight': 2, 'subsample': 0.95, 'colsample_bytree': 0.95, 'reg_alpha': 0.002832716315495231, 'reg_lambda': 0.5435340670261029, 'objective': 'binary:logistic', 'eval_metric': 'logloss', 'random_state': 42, 'n_jobs': -1}"
LCX,XGBoost,Config_B_OneHot,15,9,0.6695555555555556,"{'n_estimators': 250, 'learning_rate': 0.03827075486515099, 'max_depth': 3, 'min_child_weight': 1, 'subsample': 0.75, 'colsample_bytree': 0.7999999999999999, 'reg_alpha': 0.03827858411198602, 'reg_lambda': 2.3846443281039327, 'objective': 'binary:logistic', 'eval_metric': 'logloss', 'random_state': 42, 'n_jobs': -1}"
LCX,RandomForest,Config_B_OneHot,1,0,0.7128242521367522,"{'n_estimators': 250, 'max_depth': None, 'min_samples_split': 3, 'min_samples_leaf': 1, 'max_features': 'sqrt', 'class_weight': None, 'random_state': 42, 'n_jobs': -1}"
LCX,RandomForest,Config_B_OneHot,1,1,0.7265763888888889,"{'n_estimators': 450, 'max_depth': None, 'min_samples_split': 4, 'min_samples_leaf': 3, 'max_features': 'sqrt', 'class_weight': None, 'random_state': 42, 'n_jobs': -1}"
LCX,RandomForest,Config_B_OneHot,1,2,0.7272483974358974,"{'n_estimators': 250, 'max_depth': 5, 'min_samples_split': 5, 'min_samples_leaf': 3, 'max_features': 'log2', 'class_weight': None, 'random_state': 42, 'n_jobs': -1}"
LCX,RandomForest,Config_B_OneHot,1,3,0.7122184829059829,"{'n_estimators': 450, 'max_depth': None, 'min_samples_split': 6, 'min_samples_leaf': 2, 'max_features': 'log2', 'class_weight': 'balanced', 'random_state': 42, 'n_jobs': -1}"
LCX,RandomForest,Config_B_OneHot,1,4,0.7218947649572649,"{'n_estimators': 200, 'max_depth': None, 'min_samples_split': 3, 'min_samples_leaf': 4, 'max_features': 'log2', 'class_weight': None, 'random_state': 42, 'n_jobs': -1}"
LCX,RandomForest,Config_B_OneHot,1,5,0.7209086538461539,"{'n_estimators': 450, 'max_depth': 7, 'min_samples_split': 4, 'min_samples_leaf': 2, 'max_features': 'sqrt', 'class_weight': 'balanced', 'random_state': 42, 'n_jobs': -1}"
LCX,RandomForest,Config_B_OneHot,1,6,0.7261875,"{'n_estimators': 150, 'max_depth': 5, 'min_samples_split': 3, 'min_samples_leaf': 1, 'max_features': 'sqrt', 'class_weight': 'balanced', 'random_state': 42, 'n_jobs': -1}"
LCX,RandomForest,Config_B_OneHot,1,7,0.7130817307692308,"{'n_estimators': 150, 'max_depth': 5, 'min_samples_split': 4, 'min_samples_leaf': 1, 'max_features': 'log2', 'class_weight': None, 'random_state': 42, 'n_jobs': -1}"
LCX,RandomForest,Config_B_OneHot,1,8,0.7261597222222221,"{'n_estimators': 450, 'max_depth': 7, 'min_samples_split': 5, 'min_samples_leaf': 4, 'max_features': 'log2', 'class_weight': None, 'random_state': 42, 'n_jobs': -1}"
LCX,RandomForest,Config_B_OneHot,1,9,0.7151137820512821,"{'n_estimators': 150, 'max_depth': 3, 'min_samples_split': 8, 'min_samples_leaf': 1, 'max_features': 'log2', 'class_weight': None, 'random_state': 42, 'n_jobs': -1}"
LCX,RandomForest,Config_B_OneHot,2,0,0.6906645299145299,"{'n_estimators': 150, 'max_depth': None, 'min_samples_split': 8, 'min_samples_leaf': 3, 'max_features': 'sqrt', 'class_weight': None, 'random_state': 42, 'n_jobs': -1}"
LCX,RandomForest,Config_B_OneHot,2,1,0.6903755341880342,"{'n_estimators': 400, 'max_depth': 5, 'min_samples_split': 4, 'min_samples_leaf': 2, 'max_features': 'log2', 'class_weight': 'balanced', 'random_state': 42, 'n_jobs': -1}"
LCX,RandomForest,Config_B_OneHot,2,2,0.7013659188034188,"{'n_estimators': 250, 'max_depth': None, 'min_samples_split': 8, 'min_samples_leaf': 2, 'max_features': 'sqrt', 'class_weight': None, 'random_state': 42, 'n_jobs': -1}"
LCX,RandomForest,Config_B_OneHot,2,3,0.6895515491452993,"{'n_estimators': 350, 'max_depth': None, 'min_samples_split': 2, 'min_samples_leaf': 1, 'max_features': 'sqrt', 'class_weight': None, 'random_state': 42, 'n_jobs': -1}"
LCX,RandomForest,Config_B_OneHot,2,4,0.69660844017094,"{'n_estimators': 350, 'max_depth': 3, 'min_samples_split': 8, 'min_samples_leaf': 3, 'max_features': 'log2', 'class_weight': 'balanced', 'random_state': 42, 'n_jobs': -1}"
LCX,RandomForest,Config_B_OneHot,2,5,0.6884326923076923,"{'n_estimators': 250, 'max_depth': 3, 'min_samples_split': 3, 'min_samples_leaf': 1, 'max_features': 'sqrt', 'class_weight': None, 'random_state': 42, 'n_jobs': -1}"
LCX,RandomForest,Config_B_OneHot,2,6,0.6881559829059829,"{'n_estimators': 200, 'max_depth': 7, 'min_samples_split': 3, 'min_samples_leaf': 3, 'max_features': 'sqrt', 'class_weight': 'balanced', 'random_state': 42, 'n_jobs': -1}"
LCX,RandomForest,Config_B_OneHot,2,7,0.691707799145299,"{'n_estimators': 300, 'max_depth': 7, 'min_samples_split': 8, 'min_samples_leaf': 1, 'max_features': 'sqrt', 'class_weight': 'balanced', 'random_state': 42, 'n_jobs': -1}"
LCX,RandomForest,Config_B_OneHot,2,8,0.6870988247863248,"{'n_estimators': 150, 'max_depth': 7, 'min_samples_split': 7, 'min_samples_leaf': 1, 'max_features': 'log2', 'class_weight': 'balanced', 'random_state': 42, 'n_jobs': -1}"
LCX,RandomForest,Config_B_OneHot,2,9,0.6990176282051282,"{'n_estimators': 350, 'max_depth': 3, 'min_samples_split': 7, 'min_samples_leaf': 3, 'max_features': 'sqrt', 'class_weight': 'balanced', 'random_state': 42, 'n_jobs': -1}"
LCX,RandomForest,Config_B_OneHot,3,0,0.7039305555555556,"{'n_estimators': 400, 'max_depth': 3, 'min_samples_split': 6, 'min_samples_leaf': 2, 'max_features': 'log2', 'class_weight': 'balanced', 'random_state': 42, 'n_jobs': -1}"
LCX,RandomForest,Config_B_OneHot,3,1,0.6910347222222222,"{'n_estimators': 300, 'max_depth': 7, 'min_samples_split': 8, 'min_samples_leaf': 4, 'max_features': 'sqrt', 'class_weight': None, 'random_state': 42, 'n_jobs': -1}"
LCX,RandomForest,Config_B_OneHot,3,2,0.6943750000000001,"{'n_estimators': 300, 'max_depth': None, 'min_samples_split': 3, 'min_samples_leaf': 3, 'max_features': 'log2', 'class_weight': 'balanced', 'random_state': 42, 'n_jobs': -1}"
LCX,RandomForest,Config_B_OneHot,3,3,0.689486111111111,"{'n_estimators': 300, 'max_depth': 3, 'min_samples_split': 5, 'min_samples_leaf': 1, 'max_features': 'sqrt', 'class_weight': None, 'random_state': 42, 'n_jobs': -1}"
LCX,RandomForest,Config_B_OneHot,3,4,0.6879444444444444,"{'n_estimators': 400, 'max_depth': 5, 'min_samples_split': 2, 'min_samples_leaf': 2, 'max_features': 'sqrt', 'class_weight': 'balanced', 'random_state': 42, 'n_jobs': -1}"
LCX,RandomForest,Config_B_OneHot,3,5,0.6833958333333333,"{'n_estimators': 200, 'max_depth': None, 'min_samples_split': 4, 'min_samples_leaf': 2, 'max_features': 'log2', 'class_weight': 'balanced', 'random_state': 42, 'n_jobs': -1}"
LCX,RandomForest,Config_B_OneHot,3,6,0.6801458333333333,"{'n_estimators': 200, 'max_depth': None, 'min_samples_split': 6, 'min_samples_leaf': 1, 'max_features': 'log2', 'class_weight': 'balanced', 'random_state': 42, 'n_jobs': -1}"
LCX,RandomForest,Config_B_OneHot,3,7,0.7043472222222222,"{'n_estimators': 350, 'max_depth': None, 'min_samples_split': 5, 'min_samples_leaf': 4, 'max_features': 'log2', 'class_weight': 'balanced', 'random_state': 42, 'n_jobs': -1}"
LCX,RandomForest,Config_B_OneHot,3,8,0.6885,"{'n_estimators': 150, 'max_depth': 5, 'min_samples_split': 8, 'min_samples_leaf': 2, 'max_features': 'sqrt', 'class_weight': 'balanced', 'random_state': 42, 'n_jobs': -1}"
LCX,RandomForest,Config_B_OneHot,3,9,0.6839166666666667,"{'n_estimators': 400, 'max_depth': 5, 'min_samples_split': 2, 'min_samples_leaf': 2, 'max_features': 'sqrt', 'class_weight': None, 'random_state': 42, 'n_jobs': -1}"
LCX,RandomForest,Config_B_OneHot,4,0,0.7057307692307692,"{'n_estimators': 450, 'max_depth': None, 'min_samples_split': 5, 'min_samples_leaf': 1, 'max_features': 'sqrt', 'class_weight': 'balanced', 'random_state': 42, 'n_jobs': -1}"
LCX,RandomForest,Config_B_OneHot,4,1,0.7277564102564104,"{'n_estimators': 350, 'max_depth': None, 'min_samples_split': 8, 'min_samples_leaf': 3, 'max_features': 'sqrt', 'class_weight': None, 'random_state': 42, 'n_jobs': -1}"
LCX,RandomForest,Config_B_OneHot,4,2,0.7101581196581197,"{'n_estimators': 200, 'max_depth': 7, 'min_samples_split': 2, 'min_samples_leaf': 4, 'max_features': 'log2', 'class_weight': 'balanced', 'random_state': 42, 'n_jobs': -1}"
LCX,RandomForest,Config_B_OneHot,4,3,0.7196666666666668,"{'n_estimators': 250, 'max_depth': None, 'min_samples_split': 3, 'min_samples_leaf': 1, 'max_features': 'sqrt', 'class_weight': None, 'random_state': 42, 'n_jobs': -1}"
LCX,RandomForest,Config_B_OneHot,4,4,0.7182350427350427,"{'n_estimators': 150, 'max_depth': None, 'min_samples_split': 2, 'min_samples_leaf': 1, 'max_features': 'log2', 'class_weight': None, 'random_state': 42, 'n_jobs': -1}"
LCX,RandomForest,Config_B_OneHot,4,5,0.7268461538461538,"{'n_estimators': 200, 'max_depth': None, 'min_samples_split': 5, 'min_samples_leaf': 1, 'max_features': 'log2', 'class_weight': None, 'random_state': 42, 'n_jobs': -1}"
LCX,RandomForest,Config_B_OneHot,4,6,0.7101581196581197,"{'n_estimators': 200, 'max_depth': 7, 'min_samples_split': 8, 'min_samples_leaf': 4, 'max_features': 'log2', 'class_weight': 'balanced', 'random_state': 42, 'n_jobs': -1}"
LCX,RandomForest,Config_B_OneHot,4,7,0.7234529914529914,"{'n_estimators': 400, 'max_depth': 7, 'min_samples_split': 7, 'min_samples_leaf': 3, 'max_features': 'sqrt', 'class_weight': None, 'random_state': 42, 'n_jobs': -1}"
LCX,RandomForest,Config_B_OneHot,4,8,0.7019145299145298,"{'n_estimators': 200, 'max_depth': None, 'min_samples_split': 7, 'min_samples_leaf': 1, 'max_features': 'sqrt', 'class_weight': 'balanced', 'random_state': 42, 'n_jobs': -1}"
LCX,RandomForest,Config_B_OneHot,4,9,0.7241068376068376,"{'n_estimators': 350, 'max_depth': 7, 'min_samples_split': 2, 'min_samples_leaf': 2, 'max_features': 'sqrt', 'class_weight': None, 'random_state': 42, 'n_jobs': -1}"
LCX,RandomForest,Config_B_OneHot,5,0,0.7520854700854701,"{'n_estimators': 400, 'max_depth': 5, 'min_samples_split': 8, 'min_samples_leaf': 1, 'max_features': 'log2', 'class_weight': 'balanced', 'random_state': 42, 'n_jobs': -1}"
LCX,RandomForest,Config_B_OneHot,5,1,0.7510811965811964,"{'n_estimators': 150, 'max_depth': 5, 'min_samples_split': 2, 'min_samples_leaf': 4, 'max_features': 'log2', 'class_weight': 'balanced', 'random_state': 42, 'n_jobs': -1}"
LCX,RandomForest,Config_B_OneHot,5,2,0.7533418803418804,"{'n_estimators': 150, 'max_depth': 5, 'min_samples_split': 4, 'min_samples_leaf': 1, 'max_features': 'sqrt', 'class_weight': None, 'random_state': 42, 'n_jobs': -1}"
LCX,RandomForest,Config_B_OneHot,5,3,0.7502521367521368,"{'n_estimators': 450, 'max_depth': 3, 'min_samples_split': 6, 'min_samples_leaf': 4, 'max_features': 'log2', 'class_weight': 'balanced', 'random_state': 42, 'n_jobs': -1}"
LCX,RandomForest,Config_B_OneHot,5,4,0.7427820512820514,"{'n_estimators': 150, 'max_depth': None, 'min_samples_split': 5, 'min_samples_leaf': 1, 'max_features': 'sqrt', 'class_weight': 'balanced', 'random_state': 42, 'n_jobs': -1}"
LCX,RandomForest,Config_B_OneHot,5,5,0.7672478632478633,"{'n_estimators': 200, 'max_depth': None, 'min_samples_split': 3, 'min_samples_leaf': 4, 'max_features': 'sqrt', 'class_weight': 'balanced', 'random_state': 42, 'n_jobs': -1}"
LCX,RandomForest,Config_B_OneHot,5,6,0.7507264957264957,"{'n_estimators': 450, 'max_depth': 5, 'min_samples_split': 5, 'min_samples_leaf': 1, 'max_features': 'sqrt', 'class_weight': 'balanced', 'random_state': 42, 'n_jobs': -1}"
LCX,RandomForest,Config_B_OneHot,5,7,0.7555897435897436,"{'n_estimators': 250, 'max_depth': None, 'min_samples_split': 7, 'min_samples_leaf': 2, 'max_features': 'sqrt', 'class_weight': None, 'random_state': 42, 'n_jobs': -1}"
LCX,RandomForest,Config_B_OneHot,5,8,0.7461495726495726,"{'n_estimators': 450, 'max_depth': 7, 'min_samples_split': 2, 'min_samples_leaf': 1, 'max_features': 'log2', 'class_weight': 'balanced', 'random_state': 42, 'n_jobs': -1}"
LCX,RandomForest,Config_B_OneHot,5,9,0.7605769230769232,"{'n_estimators': 250, 'max_depth': 5, 'min_samples_split': 2, 'min_samples_leaf': 2, 'max_features': 'log2', 'class_weight': 'balanced', 'random_state': 42, 'n_jobs': -1}"
LCX,RandomForest,Config_B_OneHot,6,0,0.7528125000000001,"{'n_estimators': 150, 'max_depth': None, 'min_samples_split': 7, 'min_samples_leaf': 3, 'max_features': 'log2', 'class_weight': 'balanced', 'random_state': 42, 'n_jobs': -1}"
LCX,RandomForest,Config_B_OneHot,6,1,0.7524401709401709,"{'n_estimators': 150, 'max_depth': 5, 'min_samples_split': 3, 'min_samples_leaf': 4, 'max_features': 'log2', 'class_weight': None, 'random_state': 42, 'n_jobs': -1}"
LCX,RandomForest,Config_B_OneHot,6,2,0.7434727564102563,"{'n_estimators': 400, 'max_depth': 3, 'min_samples_split': 8, 'min_samples_leaf': 3, 'max_features': 'log2', 'class_weight': None, 'random_state': 42, 'n_jobs': -1}"
LCX,RandomForest,Config_B_OneHot,6,3,0.7604513888888889,"{'n_estimators': 450, 'max_depth': 3, 'min_samples_split': 4, 'min_samples_leaf': 3, 'max_features': 'sqrt', 'class_weight': 'balanced', 'random_state': 42, 'n_jobs': -1}"
LCX,RandomForest,Config_B_OneHot,6,4,0.7593589743589743,"{'n_estimators': 150, 'max_depth': 5, 'min_samples_split': 5, 'min_samples_leaf': 3, 'max_features': 'sqrt', 'class_weight': None, 'random_state': 42, 'n_jobs': -1}"
LCX,RandomForest,Config_B_OneHot,6,5,0.7514054487179487,"{'n_estimators': 300, 'max_depth': 7, 'min_samples_split': 6, 'min_samples_leaf': 1, 'max_features': 'sqrt', 'class_weight': None, 'random_state': 42, 'n_jobs': -1}"
LCX,RandomForest,Config_B_OneHot,6,6,0.7560721153846154,"{'n_estimators': 200, 'max_depth': None, 'min_samples_split': 7, 'min_samples_leaf': 4, 'max_features': 'sqrt', 'class_weight': 'balanced', 'random_state': 42, 'n_jobs': -1}"
LCX,RandomForest,Config_B_OneHot,6,7,0.7582569444444444,"{'n_estimators': 300, 'max_depth': 5, 'min_samples_split': 7, 'min_samples_leaf': 1, 'max_features': 'log2', 'class_weight': None, 'random_state': 42, 'n_jobs': -1}"
LCX,RandomForest,Config_B_OneHot,6,8,0.7539898504273504,"{'n_estimators': 250, 'max_depth': 3, 'min_samples_split': 6, 'min_samples_leaf': 2, 'max_features': 'log2', 'class_weight': 'balanced', 'random_state': 42, 'n_jobs': -1}"
LCX,RandomForest,Config_B_OneHot,6,9,0.7536981837606836,"{'n_estimators': 350, 'max_depth': 3, 'min_samples_split': 7, 'min_samples_leaf': 4, 'max_features': 'log2', 'class_weight': 'balanced', 'random_state': 42, 'n_jobs': -1}"
LCX,RandomForest,Config_B_OneHot,7,0,0.7385416666666668,"{'n_estimators': 150, 'max_depth': None, 'min_samples_split': 4, 'min_samples_leaf': 4, 'max_features': 'log2', 'class_weight': None, 'random_state': 42, 'n_jobs': -1}"
LCX,RandomForest,Config_B_OneHot,7,1,0.7495977564102564,"{'n_estimators': 150, 'max_depth': 3, 'min_samples_split': 4, 'min_samples_leaf': 2, 'max_features': 'log2', 'class_weight': None, 'random_state': 42, 'n_jobs': -1}"
LCX,RandomForest,Config_B_OneHot,7,2,0.7396928418803418,"{'n_estimators': 150, 'max_depth': 5, 'min_samples_split': 6, 'min_samples_leaf': 2, 'max_features': 'log2', 'class_weight': None, 'random_state': 42, 'n_jobs': -1}"
LCX,RandomForest,Config_B_OneHot,7,3,0.753634081196581,"{'n_estimators': 400, 'max_depth': 7, 'min_samples_split': 3, 'min_samples_leaf': 4, 'max_features': 'log2', 'class_weight': None, 'random_state': 42, 'n_jobs': -1}"
LCX,RandomForest,Config_B_OneHot,7,4,0.7563162393162394,"{'n_estimators': 200, 'max_depth': 5, 'min_samples_split': 8, 'min_samples_leaf': 2, 'max_features': 'sqrt', 'class_weight': 'balanced', 'random_state': 42, 'n_jobs': -1}"
LCX,RandomForest,Config_B_OneHot,7,5,0.7598167735042735,"{'n_estimators': 350, 'max_depth': None, 'min_samples_split': 8, 'min_samples_leaf': 2, 'max_features': 'log2', 'class_weight': 'balanced', 'random_state': 42, 'n_jobs': -1}"
LCX,RandomForest,Config_B_OneHot,7,6,0.7527003205128205,"{'n_estimators': 300, 'max_depth': 7, 'min_samples_split': 6, 'min_samples_leaf': 4, 'max_features': 'log2', 'class_weight': None, 'random_state': 42, 'n_jobs': -1}"
LCX,RandomForest,Config_B_OneHot,7,7,0.7518002136752138,"{'n_estimators': 250, 'max_depth': 3, 'min_samples_split': 5, 'min_samples_leaf': 3, 'max_features': 'log2', 'class_weight': None, 'random_state': 42, 'n_jobs': -1}"
LCX,RandomForest,Config_B_OneHot,7,8,0.7453504273504272,"{'n_estimators': 150, 'max_depth': 7, 'min_samples_split': 7, 'min_samples_leaf': 2, 'max_features': 'log2', 'class_weight': None, 'random_state': 42, 'n_jobs': -1}"
LCX,RandomForest,Config_B_OneHot,7,9,0.7502232905982907,"{'n_estimators': 350, 'max_depth': None, 'min_samples_split': 5, 'min_samples_leaf': 1, 'max_features': 'log2', 'class_weight': None, 'random_state': 42, 'n_jobs': -1}"
LCX,RandomForest,Config_B_OneHot,8,0,0.7365833333333334,"{'n_estimators': 250, 'max_depth': 3, 'min_samples_split': 5, 'min_samples_leaf': 3, 'max_features': 'log2', 'class_weight': None, 'random_state': 42, 'n_jobs': -1}"
LCX,RandomForest,Config_B_OneHot,8,1,0.7305208333333334,"{'n_estimators': 300, 'max_depth': 5, 'min_samples_split': 8, 'min_samples_leaf': 1, 'max_features': 'log2', 'class_weight': 'balanced', 'random_state': 42, 'n_jobs': -1}"
LCX,RandomForest,Config_B_OneHot,8,2,0.7223125,"{'n_estimators': 450, 'max_depth': 7, 'min_samples_split': 3, 'min_samples_leaf': 2, 'max_features': 'log2', 'class_weight': None, 'random_state': 42, 'n_jobs': -1}"
LCX,RandomForest,Config_B_OneHot,8,3,0.7253472222222223,"{'n_estimators': 350, 'max_depth': None, 'min_samples_split': 6, 'min_samples_leaf': 2, 'max_features': 'sqrt', 'class_weight': None, 'random_state': 42, 'n_jobs': -1}"
LCX,RandomForest,Config_B_OneHot,8,4,0.7288125,"{'n_estimators': 200, 'max_depth': None, 'min_samples_split': 2, 'min_samples_leaf': 3, 'max_features': 'sqrt', 'class_weight': 'balanced', 'random_state': 42, 'n_jobs': -1}"
LCX,RandomForest,Config_B_OneHot,8,5,0.7363819444444445,"{'n_estimators': 200, 'max_depth': 3, 'min_samples_split': 2, 'min_samples_leaf': 4, 'max_features': 'log2', 'class_weight': 'balanced', 'random_state': 42, 'n_jobs': -1}"
LCX,RandomForest,Config_B_OneHot,8,6,0.7297222222222223,"{'n_estimators': 300, 'max_depth': 7, 'min_samples_split': 6, 'min_samples_leaf': 3, 'max_features': 'sqrt', 'class_weight': None, 'random_state': 42, 'n_jobs': -1}"
LCX,RandomForest,Config_B_OneHot,8,7,0.7368750000000001,"{'n_estimators': 450, 'max_depth': 5, 'min_samples_split': 8, 'min_samples_leaf': 1, 'max_features': 'log2', 'class_weight': 'balanced', 'random_state': 42, 'n_jobs': -1}"
LCX,RandomForest,Config_B_OneHot,8,8,0.7442291666666666,"{'n_estimators': 200, 'max_depth': 5, 'min_samples_split': 8, 'min_samples_leaf': 3, 'max_features': 'log2', 'class_weight': 'balanced', 'random_state': 42, 'n_jobs': -1}"
LCX,RandomForest,Config_B_OneHot,8,9,0.7369652777777778,"{'n_estimators': 250, 'max_depth': 3, 'min_samples_split': 8, 'min_samples_leaf': 4, 'max_features': 'sqrt', 'class_weight': None, 'random_state': 42, 'n_jobs': -1}"
LCX,RandomForest,Config_B_OneHot,9,0,0.714491452991453,"{'n_estimators': 300, 'max_depth': 5, 'min_samples_split': 8, 'min_samples_leaf': 2, 'max_features': 'sqrt', 'class_weight': 'balanced', 'random_state': 42, 'n_jobs': -1}"
LCX,RandomForest,Config_B_OneHot,9,1,0.709594017094017,"{'n_estimators': 250, 'max_depth': 3, 'min_samples_split': 4, 'min_samples_leaf': 4, 'max_features': 'sqrt', 'class_weight': 'balanced', 'random_state': 42, 'n_jobs': -1}"
LCX,RandomForest,Config_B_OneHot,9,2,0.7144273504273504,"{'n_estimators': 450, 'max_depth': 3, 'min_samples_split': 2, 'min_samples_leaf': 1, 'max_features': 'log2', 'class_weight': 'balanced', 'random_state': 42, 'n_jobs': -1}"
LCX,RandomForest,Config_B_OneHot,9,3,0.7137948717948718,"{'n_estimators': 300, 'max_depth': None, 'min_samples_split': 6, 'min_samples_leaf': 1, 'max_features': 'log2', 'class_weight': None, 'random_state': 42, 'n_jobs': -1}"
LCX,RandomForest,Config_B_OneHot,9,4,0.7254529914529915,"{'n_estimators': 450, 'max_depth': 7, 'min_samples_split': 4, 'min_samples_leaf': 2, 'max_features': 'sqrt', 'class_weight': 'balanced', 'random_state': 42, 'n_jobs': -1}"
LCX,RandomForest,Config_B_OneHot,9,5,0.7029487179487179,"{'n_estimators': 200, 'max_depth': 3, 'min_samples_split': 2, 'min_samples_leaf': 1, 'max_features': 'log2', 'class_weight': None, 'random_state': 42, 'n_jobs': -1}"
LCX,RandomForest,Config_B_OneHot,9,6,0.7092606837606837,"{'n_estimators': 300, 'max_depth': None, 'min_samples_split': 8, 'min_samples_leaf': 1, 'max_features': 'log2', 'class_weight': None, 'random_state': 42, 'n_jobs': -1}"
LCX,RandomForest,Config_B_OneHot,9,7,0.7130042735042735,"{'n_estimators': 250, 'max_depth': 7, 'min_samples_split': 4, 'min_samples_leaf': 1, 'max_features': 'sqrt', 'class_weight': 'balanced', 'random_state': 42, 'n_jobs': -1}"
LCX,RandomForest,Config_B_OneHot,9,8,0.7095641025641027,"{'n_estimators': 250, 'max_depth': None, 'min_samples_split': 6, 'min_samples_leaf': 2, 'max_features': 'sqrt', 'class_weight': 'balanced', 'random_state': 42, 'n_jobs': -1}"
LCX,RandomForest,Config_B_OneHot,9,9,0.7059743589743589,"{'n_estimators': 200, 'max_depth': 7, 'min_samples_split': 2, 'min_samples_leaf': 3, 'max_features': 'sqrt', 'class_weight': 'balanced', 'random_state': 42, 'n_jobs': -1}"
LCX,RandomForest,Config_B_OneHot,10,0,0.7167350427350426,"{'n_estimators': 350, 'max_depth': 5, 'min_samples_split': 8, 'min_samples_leaf': 1, 'max_features': 'log2', 'class_weight': None, 'random_state': 42, 'n_jobs': -1}"
LCX,RandomForest,Config_B_OneHot,10,1,0.7167350427350426,"{'n_estimators': 200, 'max_depth': None, 'min_samples_split': 4, 'min_samples_leaf': 2, 'max_features': 'sqrt', 'class_weight': None, 'random_state': 42, 'n_jobs': -1}"
LCX,RandomForest,Config_B_OneHot,10,2,0.7308974358974357,"{'n_estimators': 300, 'max_depth': 7, 'min_samples_split': 8, 'min_samples_leaf': 2, 'max_features': 'log2', 'class_weight': 'balanced', 'random_state': 42, 'n_jobs': -1}"
LCX,RandomForest,Config_B_OneHot,10,3,0.7329957264957265,"{'n_estimators': 350, 'max_depth': 3, 'min_samples_split': 3, 'min_samples_leaf': 4, 'max_features': 'log2', 'class_weight': None, 'random_state': 42, 'n_jobs': -1}"
LCX,RandomForest,Config_B_OneHot,10,4,0.7210235042735041,"{'n_estimators': 200, 'max_depth': None, 'min_samples_split': 3, 'min_samples_leaf': 1, 'max_features': 'log2', 'class_weight': None, 'random_state': 42, 'n_jobs': -1}"
LCX,RandomForest,Config_B_OneHot,10,5,0.7301025641025641,"{'n_estimators': 250, 'max_depth': 7, 'min_samples_split': 3, 'min_samples_leaf': 2, 'max_features': 'log2', 'class_weight': None, 'random_state': 42, 'n_jobs': -1}"
LCX,RandomForest,Config_B_OneHot,10,6,0.7216282051282051,"{'n_estimators': 200, 'max_depth': 7, 'min_samples_split': 6, 'min_samples_leaf': 3, 'max_features': 'sqrt', 'class_weight': None, 'random_state': 42, 'n_jobs': -1}"
LCX,RandomForest,Config_B_OneHot,10,7,0.7416282051282052,"{'n_estimators': 300, 'max_depth': 5, 'min_samples_split': 3, 'min_samples_leaf': 4, 'max_features': 'log2', 'class_weight': 'balanced', 'random_state': 42, 'n_jobs': -1}"
LCX,RandomForest,Config_B_OneHot,10,8,0.7292094017094017,"{'n_estimators': 300, 'max_depth': 5, 'min_samples_split': 4, 'min_samples_leaf': 3, 'max_features': 'log2', 'class_weight': 'balanced', 'random_state': 42, 'n_jobs': -1}"
LCX,RandomForest,Config_B_OneHot,10,9,0.7242094017094017,"{'n_estimators': 450, 'max_depth': 5, 'min_samples_split': 8, 'min_samples_leaf': 1, 'max_features': 'log2', 'class_weight': 'balanced', 'random_state': 42, 'n_jobs': -1}"
LCX,RandomForest,Config_B_OneHot,11,0,0.7522686965811967,"{'n_estimators': 400, 'max_depth': 5, 'min_samples_split': 6, 'min_samples_leaf': 1, 'max_features': 'log2', 'class_weight': 'balanced', 'random_state': 42, 'n_jobs': -1}"
LCX,RandomForest,Config_B_OneHot,11,1,0.7559764957264957,"{'n_estimators': 400, 'max_depth': 5, 'min_samples_split': 8, 'min_samples_leaf': 3, 'max_features': 'log2', 'class_weight': None, 'random_state': 42, 'n_jobs': -1}"
LCX,RandomForest,Config_B_OneHot,11,2,0.7452612179487179,"{'n_estimators': 250, 'max_depth': 3, 'min_samples_split': 7, 'min_samples_leaf': 4, 'max_features': 'log2', 'class_weight': None, 'random_state': 42, 'n_jobs': -1}"
LCX,RandomForest,Config_B_OneHot,11,3,0.7425288461538462,"{'n_estimators': 400, 'max_depth': 3, 'min_samples_split': 8, 'min_samples_leaf': 1, 'max_features': 'sqrt', 'class_weight': 'balanced', 'random_state': 42, 'n_jobs': -1}"
LCX,RandomForest,Config_B_OneHot,11,4,0.7401036324786325,"{'n_estimators': 250, 'max_depth': None, 'min_samples_split': 6, 'min_samples_leaf': 3, 'max_features': 'sqrt', 'class_weight': None, 'random_state': 42, 'n_jobs': -1}"
LCX,RandomForest,Config_B_OneHot,11,5,0.7431212606837607,"{'n_estimators': 300, 'max_depth': None, 'min_samples_split': 5, 'min_samples_leaf': 4, 'max_features': 'log2', 'class_weight': None, 'random_state': 42, 'n_jobs': -1}"
LCX,RandomForest,Config_B_OneHot,11,6,0.7507451923076922,"{'n_estimators': 350, 'max_depth': 7, 'min_samples_split': 4, 'min_samples_leaf': 4, 'max_features': 'log2', 'class_weight': 'balanced', 'random_state': 42, 'n_jobs': -1}"
LCX,RandomForest,Config_B_OneHot,11,7,0.7501266025641026,"{'n_estimators': 450, 'max_depth': 7, 'min_samples_split': 8, 'min_samples_leaf': 2, 'max_features': 'log2', 'class_weight': None, 'random_state': 42, 'n_jobs': -1}"
LCX,RandomForest,Config_B_OneHot,11,8,0.7464182692307691,"{'n_estimators': 250, 'max_depth': 7, 'min_samples_split': 8, 'min_samples_leaf': 4, 'max_features': 'log2', 'class_weight': 'balanced', 'random_state': 42, 'n_jobs': -1}"
LCX,RandomForest,Config_B_OneHot,11,9,0.7517478632478632,"{'n_estimators': 450, 'max_depth': 3, 'min_samples_split': 2, 'min_samples_leaf': 1, 'max_features': 'log2', 'class_weight': 'balanced', 'random_state': 42, 'n_jobs': -1}"
LCX,RandomForest,Config_B_OneHot,12,0,0.7593461538461539,"{'n_estimators': 400, 'max_depth': 7, 'min_samples_split': 5, 'min_samples_leaf': 4, 'max_features': 'log2', 'class_weight': None, 'random_state': 42, 'n_jobs': -1}"
LCX,RandomForest,Config_B_OneHot,12,1,0.7430288461538462,"{'n_estimators': 200, 'max_depth': 7, 'min_samples_split': 8, 'min_samples_leaf': 1, 'max_features': 'log2', 'class_weight': None, 'random_state': 42, 'n_jobs': -1}"
LCX,RandomForest,Config_B_OneHot,12,2,0.7547473290598291,"{'n_estimators': 300, 'max_depth': None, 'min_samples_split': 8, 'min_samples_leaf': 4, 'max_features': 'log2', 'class_weight': None, 'random_state': 42, 'n_jobs': -1}"
LCX,RandomForest,Config_B_OneHot,12,3,0.75427297008547,"{'n_estimators': 450, 'max_depth': None, 'min_samples_split': 8, 'min_samples_leaf': 4, 'max_features': 'log2', 'class_weight': 'balanced', 'random_state': 42, 'n_jobs': -1}"
LCX,RandomForest,Config_B_OneHot,12,4,0.7498894230769232,"{'n_estimators': 200, 'max_depth': 7, 'min_samples_split': 4, 'min_samples_leaf': 2, 'max_features': 'log2', 'class_weight': 'balanced', 'random_state': 42, 'n_jobs': -1}"
LCX,RandomForest,Config_B_OneHot,12,5,0.7431351495726496,"{'n_estimators': 350, 'max_depth': 5, 'min_samples_split': 8, 'min_samples_leaf': 1, 'max_features': 'sqrt', 'class_weight': None, 'random_state': 42, 'n_jobs': -1}"
LCX,RandomForest,Config_B_OneHot,12,6,0.7552051282051283,"{'n_estimators': 350, 'max_depth': 7, 'min_samples_split': 7, 'min_samples_leaf': 3, 'max_features': 'log2', 'class_weight': None, 'random_state': 42, 'n_jobs': -1}"
LCX,RandomForest,Config_B_OneHot,12,7,0.7486452991452991,"{'n_estimators': 350, 'max_depth': 7, 'min_samples_split': 3, 'min_samples_leaf': 3, 'max_features': 'sqrt', 'class_weight': 'balanced', 'random_state': 42, 'n_jobs': -1}"
LCX,RandomForest,Config_B_OneHot,12,8,0.756849358974359,"{'n_estimators': 450, 'max_depth': None, 'min_samples_split': 6, 'min_samples_leaf': 4, 'max_features': 'sqrt', 'class_weight': None, 'random_state': 42, 'n_jobs': -1}"
LCX,RandomForest,Config_B_OneHot,12,9,0.7366693376068376,"{'n_estimators': 250, 'max_depth': 3, 'min_samples_split': 5, 'min_samples_leaf': 2, 'max_features': 'log2', 'class_weight': None, 'random_state': 42, 'n_jobs': -1}"
LCX,RandomForest,Config_B_OneHot,13,0,0.7071041666666668,"{'n_estimators': 250, 'max_depth': 5, 'min_samples_split': 8, 'min_samples_leaf': 4, 'max_features': 'sqrt', 'class_weight': 'balanced', 'random_state': 42, 'n_jobs': -1}"
LCX,RandomForest,Config_B_OneHot,13,1,0.7199305555555556,"{'n_estimators': 250, 'max_depth': 7, 'min_samples_split': 4, 'min_samples_leaf': 2, 'max_features': 'log2', 'class_weight': None, 'random_state': 42, 'n_jobs': -1}"
LCX,RandomForest,Config_B_OneHot,13,2,0.7058958333333334,"{'n_estimators': 200, 'max_depth': 3, 'min_samples_split': 3, 'min_samples_leaf': 4, 'max_features': 'sqrt', 'class_weight': None, 'random_state': 42, 'n_jobs': -1}"
LCX,RandomForest,Config_B_OneHot,13,3,0.7164861111111112,"{'n_estimators': 350, 'max_depth': None, 'min_samples_split': 3, 'min_samples_leaf': 2, 'max_features': 'sqrt', 'class_weight': None, 'random_state': 42, 'n_jobs': -1}"
LCX,RandomForest,Config_B_OneHot,13,4,0.7186250000000002,"{'n_estimators': 450, 'max_depth': 7, 'min_samples_split': 2, 'min_samples_leaf': 4, 'max_features': 'log2', 'class_weight': 'balanced', 'random_state': 42, 'n_jobs': -1}"
LCX,RandomForest,Config_B_OneHot,13,5,0.7124375000000001,"{'n_estimators': 350, 'max_depth': 5, 'min_samples_split': 6, 'min_samples_leaf': 4, 'max_features': 'sqrt', 'class_weight': 'balanced', 'random_state': 42, 'n_jobs': -1}"
LCX,RandomForest,Config_B_OneHot,13,6,0.7099027777777778,"{'n_estimators': 400, 'max_depth': 5, 'min_samples_split': 7, 'min_samples_leaf': 2, 'max_features': 'log2', 'class_weight': 'balanced', 'random_state': 42, 'n_jobs': -1}"
LCX,RandomForest,Config_B_OneHot,13,7,0.719763888888889,"{'n_estimators': 250, 'max_depth': None, 'min_samples_split': 5, 'min_samples_leaf': 2, 'max_features': 'sqrt', 'class_weight': None, 'random_state': 42, 'n_jobs': -1}"
LCX,RandomForest,Config_B_OneHot,13,8,0.7083402777777779,"{'n_estimators': 200, 'max_depth': 5, 'min_samples_split': 4, 'min_samples_leaf': 4, 'max_features': 'sqrt', 'class_weight': None, 'random_state': 42, 'n_jobs': -1}"
LCX,RandomForest,Config_B_OneHot,13,9,0.7001319444444446,"{'n_estimators': 150, 'max_depth': 3, 'min_samples_split': 6, 'min_samples_leaf': 3, 'max_features': 'log2', 'class_weight': None, 'random_state': 42, 'n_jobs': -1}"
LCX,RandomForest,Config_B_OneHot,14,0,0.7443760683760683,"{'n_estimators': 150, 'max_depth': None, 'min_samples_split': 3, 'min_samples_leaf': 4, 'max_features': 'log2', 'class_weight': None, 'random_state': 42, 'n_jobs': -1}"
LCX,RandomForest,Config_B_OneHot,14,1,0.7434615384615384,"{'n_estimators': 400, 'max_depth': 7, 'min_samples_split': 8, 'min_samples_leaf': 2, 'max_features': 'log2', 'class_weight': 'balanced', 'random_state': 42, 'n_jobs': -1}"
LCX,RandomForest,Config_B_OneHot,14,2,0.7443760683760683,"{'n_estimators': 150, 'max_depth': None, 'min_samples_split': 4, 'min_samples_leaf': 4, 'max_features': 'log2', 'class_weight': None, 'random_state': 42, 'n_jobs': -1}"
LCX,RandomForest,Config_B_OneHot,14,3,0.7521495726495727,"{'n_estimators': 150, 'max_depth': 5, 'min_samples_split': 3, 'min_samples_leaf': 4, 'max_features': 'sqrt', 'class_weight': None, 'random_state': 42, 'n_jobs': -1}"
LCX,RandomForest,Config_B_OneHot,14,4,0.7427820512820512,"{'n_estimators': 150, 'max_depth': 3, 'min_samples_split': 7, 'min_samples_leaf': 3, 'max_features': 'log2', 'class_weight': None, 'random_state': 42, 'n_jobs': -1}"
LCX,RandomForest,Config_B_OneHot,14,5,0.7448547008547007,"{'n_estimators': 200, 'max_depth': 3, 'min_samples_split': 7, 'min_samples_leaf': 3, 'max_features': 'sqrt', 'class_weight': 'balanced', 'random_state': 42, 'n_jobs': -1}"
LCX,RandomForest,Config_B_OneHot,14,6,0.7477948717948718,"{'n_estimators': 150, 'max_depth': 3, 'min_samples_split': 3, 'min_samples_leaf': 3, 'max_features': 'sqrt', 'class_weight': 'balanced', 'random_state': 42, 'n_jobs': -1}"
LCX,RandomForest,Config_B_OneHot,14,7,0.7386089743589744,"{'n_estimators': 150, 'max_depth': None, 'min_samples_split': 2, 'min_samples_leaf': 1, 'max_features': 'log2', 'class_weight': 'balanced', 'random_state': 42, 'n_jobs': -1}"
LCX,RandomForest,Config_B_OneHot,14,8,0.7476068376068375,"{'n_estimators': 400, 'max_depth': 5, 'min_samples_split': 6, 'min_samples_leaf': 2, 'max_features': 'sqrt', 'class_weight': None, 'random_state': 42, 'n_jobs': -1}"
LCX,RandomForest,Config_B_OneHot,14,9,0.746940170940171,"{'n_estimators': 200, 'max_depth': 7, 'min_samples_split': 2, 'min_samples_leaf': 4, 'max_features': 'log2', 'class_weight': None, 'random_state': 42, 'n_jobs': -1}"
LCX,RandomForest,Config_B_OneHot,15,0,0.7043205128205128,"{'n_estimators': 450, 'max_depth': 3, 'min_samples_split': 7, 'min_samples_leaf': 1, 'max_features': 'log2', 'class_weight': None, 'random_state': 42, 'n_jobs': -1}"
LCX,RandomForest,Config_B_OneHot,15,1,0.7016709401709401,"{'n_estimators': 150, 'max_depth': None, 'min_samples_split': 7, 'min_samples_leaf': 2, 'max_features': 'log2', 'class_weight': None, 'random_state': 42, 'n_jobs': -1}"
LCX,RandomForest,Config_B_OneHot,15,2,0.701923076923077,"{'n_estimators': 150, 'max_depth': 7, 'min_samples_split': 7, 'min_samples_leaf': 4, 'max_features': 'sqrt', 'class_weight': None, 'random_state': 42, 'n_jobs': -1}"
LCX,RandomForest,Config_B_OneHot,15,3,0.6987136752136752,"{'n_estimators': 250, 'max_depth': None, 'min_samples_split': 2, 'min_samples_leaf': 3, 'max_features': 'sqrt', 'class_weight': None, 'random_state': 42, 'n_jobs': -1}"
LCX,RandomForest,Config_B_OneHot,15,4,0.7022222222222222,"{'n_estimators': 400, 'max_depth': 3, 'min_samples_split': 3, 'min_samples_leaf': 4, 'max_features': 'log2', 'class_weight': 'balanced', 'random_state': 42, 'n_jobs': -1}"
LCX,RandomForest,Config_B_OneHot,15,5,0.7087735042735043,"{'n_estimators': 200, 'max_depth': 5, 'min_samples_split': 7, 'min_samples_leaf': 3, 'max_features': 'log2', 'class_weight': None, 'random_state': 42, 'n_jobs': -1}"
LCX,RandomForest,Config_B_OneHot,15,6,0.7026410256410257,"{'n_estimators': 450, 'max_depth': 5, 'min_samples_split': 2, 'min_samples_leaf': 2, 'max_features': 'sqrt', 'class_weight': 'balanced', 'random_state': 42, 'n_jobs': -1}"
LCX,RandomForest,Config_B_OneHot,15,7,0.6983119658119659,"{'n_estimators': 250, 'max_depth': 3, 'min_samples_split': 8, 'min_samples_leaf': 4, 'max_features': 'log2', 'class_weight': None, 'random_state': 42, 'n_jobs': -1}"
LCX,RandomForest,Config_B_OneHot,15,8,0.6921367521367521,"{'n_estimators': 250, 'max_depth': 3, 'min_samples_split': 6, 'min_samples_leaf': 4, 'max_features': 'sqrt', 'class_weight': None, 'random_state': 42, 'n_jobs': -1}"
LCX,RandomForest,Config_B_OneHot,15,9,0.7008376068376068,"{'n_estimators': 150, 'max_depth': 3, 'min_samples_split': 2, 'min_samples_leaf': 4, 'max_features': 'sqrt', 'class_weight': 'balanced', 'random_state': 42, 'n_jobs': -1}"
RCA,LogisticRegression,Config_A_Ordinal,1,0,0.6055769230769231,"{'C': 0.13292918943162169, 'penalty': 'l1', 'solver': 'liblinear', 'max_iter': 5000, 'random_state': 42}"
RCA,LogisticRegression,Config_A_Ordinal,1,1,0.6312136752136751,"{'C': 0.6251373574521749, 'penalty': 'l1', 'solver': 'liblinear', 'max_iter': 5000, 'random_state': 42}"
RCA,LogisticRegression,Config_A_Ordinal,1,2,0.5,"{'C': 0.014936568554617643, 'penalty': 'l1', 'solver': 'liblinear', 'max_iter': 5000, 'random_state': 42}"
RCA,LogisticRegression,Config_A_Ordinal,1,3,0.6323974358974359,"{'C': 1.3311216080736887, 'penalty': 'l2', 'solver': 'liblinear', 'max_iter': 5000, 'random_state': 42}"
RCA,LogisticRegression,Config_A_Ordinal,1,4,0.6235512820512821,"{'C': 3.142880890840109, 'penalty': 'l1', 'solver': 'liblinear', 'max_iter': 5000, 'random_state': 42}"
RCA,LogisticRegression,Config_A_Ordinal,1,5,0.6671025641025641,"{'C': 0.03549878832196503, 'penalty': 'l2', 'solver': 'liblinear', 'max_iter': 5000, 'random_state': 42}"
RCA,LogisticRegression,Config_A_Ordinal,1,6,0.6485683760683761,"{'C': 0.19762189340280073, 'penalty': 'l2', 'solver': 'liblinear', 'max_iter': 5000, 'random_state': 42}"
RCA,LogisticRegression,Config_A_Ordinal,1,7,0.6688076923076922,"{'C': 0.02621087878265441, 'penalty': 'l2', 'solver': 'liblinear', 'max_iter': 5000, 'random_state': 42}"
RCA,LogisticRegression,Config_A_Ordinal,1,8,0.6218205128205128,"{'C': 0.23345864076016243, 'penalty': 'l1', 'solver': 'liblinear', 'max_iter': 5000, 'random_state': 42}"
RCA,LogisticRegression,Config_A_Ordinal,1,9,0.6262991452991452,"{'C': 0.34890188454913873, 'penalty': 'l1', 'solver': 'liblinear', 'max_iter': 5000, 'random_state': 42}"
RCA,LogisticRegression,Config_A_Ordinal,2,0,0.5,"{'C': 0.02213929051433516, 'penalty': 'l1', 'solver': 'liblinear', 'max_iter': 5000, 'random_state': 42}"
RCA,LogisticRegression,Config_A_Ordinal,2,1,0.6967820512820513,"{'C': 0.05269493339314529, 'penalty': 'l2', 'solver': 'liblinear', 'max_iter': 5000, 'random_state': 42}"
RCA,LogisticRegression,Config_A_Ordinal,2,2,0.6932820512820511,"{'C': 0.9960259174680092, 'penalty': 'l1', 'solver': 'liblinear', 'max_iter': 5000, 'random_state': 42}"
RCA,LogisticRegression,Config_A_Ordinal,2,3,0.6725940170940171,"{'C': 1.589442746792051, 'penalty': 'l2', 'solver': 'liblinear', 'max_iter': 5000, 'random_state': 42}"
RCA,LogisticRegression,Config_A_Ordinal,2,4,0.697465811965812,"{'C': 0.05797801971205833, 'penalty': 'l2', 'solver': 'liblinear', 'max_iter': 5000, 'random_state': 42}"
RCA,LogisticRegression,Config_A_Ordinal,2,5,0.5,"{'C': 0.046034877058293254, 'penalty': 'l1', 'solver': 'liblinear', 'max_iter': 5000, 'random_state': 42}"
RCA,LogisticRegression,Config_A_Ordinal,2,6,0.6962478632478634,"{'C': 0.01698197119886416, 'penalty': 'l2', 'solver': 'liblinear', 'max_iter': 5000, 'random_state': 42}"
RCA,LogisticRegression,Config_A_Ordinal,2,7,0.638897435897436,"{'C': 8.210985294070476, 'penalty': 'l2', 'solver': 'liblinear', 'max_iter': 5000, 'random_state': 42}"
RCA,LogisticRegression,Config_A_Ordinal,2,8,0.698542735042735,"{'C': 0.21740778056954668, 'penalty': 'l1', 'solver': 'liblinear', 'max_iter': 5000, 'random_state': 42}"
RCA,LogisticRegression,Config_A_Ordinal,2,9,0.6230128205128206,"{'C': 4.912422817623594, 'penalty': 'l1', 'solver': 'liblinear', 'max_iter': 5000, 'random_state': 42}"
RCA,LogisticRegression,Config_A_Ordinal,3,0,0.6542863247863249,"{'C': 3.1954089406218946, 'penalty': 'l2', 'solver': 'liblinear', 'max_iter': 5000, 'random_state': 42}"
RCA,LogisticRegression,Config_A_Ordinal,3,1,0.6840042735042736,"{'C': 0.1206431057311391, 'penalty': 'l2', 'solver': 'liblinear', 'max_iter': 5000, 'random_state': 42}"
RCA,LogisticRegression,Config_A_Ordinal,3,2,0.6850085470085471,"{'C': 0.15182337912426774, 'penalty': 'l2', 'solver': 'liblinear', 'max_iter': 5000, 'random_state': 42}"
RCA,LogisticRegression,Config_A_Ordinal,3,3,0.6714188034188036,"{'C': 1.3503426347626666, 'penalty': 'l1', 'solver': 'liblinear', 'max_iter': 5000, 'random_state': 42}"
RCA,LogisticRegression,Config_A_Ordinal,3,4,0.6821623931623932,"{'C': 0.191846801595387, 'penalty': 'l2', 'solver': 'liblinear', 'max_iter': 5000, 'random_state': 42}"
RCA,LogisticRegression,Config_A_Ordinal,3,5,0.6342606837606838,"{'C': 7.454460317621289, 'penalty': 'l1', 'solver': 'liblinear', 'max_iter': 5000, 'random_state': 42}"
RCA,LogisticRegression,Config_A_Ordinal,3,6,0.6686965811965812,"{'C': 0.8694241255511194, 'penalty': 'l2', 'solver': 'liblinear', 'max_iter': 5000, 'random_state': 42}"
RCA,LogisticRegression,Config_A_Ordinal,3,7,0.6771837606837607,"{'C': 0.026148016837823286, 'penalty': 'l2', 'solver': 'liblinear', 'max_iter': 5000, 'random_state': 42}"
RCA,LogisticRegression,Config_A_Ordinal,3,8,0.6826196581196582,"{'C': 0.05961436435509957, 'penalty': 'l2', 'solver': 'liblinear', 'max_iter': 5000, 'random_state': 42}"
RCA,LogisticRegression,Config_A_Ordinal,3,9,0.5,"{'C': 0.02796045208577468, 'penalty': 'l1', 'solver': 'liblinear', 'max_iter': 5000, 'random_state': 42}"
RCA,LogisticRegression,Config_A_Ordinal,4,0,0.6192820512820513,"{'C': 9.269035391921811, 'penalty': 'l1', 'solver': 'liblinear', 'max_iter': 5000, 'random_state': 42}"
RCA,LogisticRegression,Config_A_Ordinal,4,1,0.6300427350427351,"{'C': 0.017055666611404556, 'penalty': 'l2', 'solver': 'liblinear', 'max_iter': 5000, 'random_state': 42}"
RCA,LogisticRegression,Config_A_Ordinal,4,2,0.5,"{'C': 0.013981893916347242, 'penalty': 'l1', 'solver': 'liblinear', 'max_iter': 5000, 'random_state': 42}"
RCA,LogisticRegression,Config_A_Ordinal,4,3,0.6526837606837607,"{'C': 0.7623862379236681, 'penalty': 'l1', 'solver': 'liblinear', 'max_iter': 5000, 'random_state': 42}"
RCA,LogisticRegression,Config_A_Ordinal,4,4,0.6327051282051283,"{'C': 9.379183965007394, 'penalty': 'l2', 'solver': 'liblinear', 'max_iter': 5000, 'random_state': 42}"
RCA,LogisticRegression,Config_A_Ordinal,4,5,0.5434871794871795,"{'C': 0.07046956969499818, 'penalty': 'l1', 'solver': 'liblinear', 'max_iter': 5000, 'random_state': 42}"
RCA,LogisticRegression,Config_A_Ordinal,4,6,0.6292564102564103,"{'C': 0.20969721679057507, 'penalty': 'l2', 'solver': 'liblinear', 'max_iter': 5000, 'random_state': 42}"
RCA,LogisticRegression,Config_A_Ordinal,4,7,0.6298632478632479,"{'C': 0.021746165423154235, 'penalty': 'l2', 'solver': 'liblinear', 'max_iter': 5000, 'random_state': 42}"
RCA,LogisticRegression,Config_A_Ordinal,4,8,0.6288333333333332,"{'C': 0.053490230620743234, 'penalty': 'l2', 'solver': 'liblinear', 'max_iter': 5000, 'random_state': 42}"
RCA,LogisticRegression,Config_A_Ordinal,4,9,0.5,"{'C': 0.01673487048046913, 'penalty': 'l1', 'solver': 'liblinear', 'max_iter': 5000, 'random_state': 42}"
RCA,LogisticRegression,Config_A_Ordinal,5,0,0.6823441814595662,"{'C': 2.246451529138594, 'penalty': 'l1', 'solver': 'liblinear', 'max_iter': 5000, 'random_state': 42}"
RCA,LogisticRegression,Config_A_Ordinal,5,1,0.6779339250493096,"{'C': 1.8803019392227265, 'penalty': 'l2', 'solver': 'liblinear', 'max_iter': 5000, 'random_state': 42}"
RCA,LogisticRegression,Config_A_Ordinal,5,2,0.6633343195266271,"{'C': 0.013446100254939568, 'penalty': 'l2', 'solver': 'liblinear', 'max_iter': 5000, 'random_state': 42}"
RCA,LogisticRegression,Config_A_Ordinal,5,3,0.6633103221564759,"{'C': 0.23174573849784025, 'penalty': 'l1', 'solver': 'liblinear', 'max_iter': 5000, 'random_state': 42}"
RCA,LogisticRegression,Config_A_Ordinal,5,4,0.6820036160420776,"{'C': 0.1901294418168708, 'penalty': 'l2', 'solver': 'liblinear', 'max_iter': 5000, 'random_state': 42}"
RCA,LogisticRegression,Config_A_Ordinal,5,5,0.6816969099276792,"{'C': 0.09354002479703931, 'penalty': 'l2', 'solver': 'liblinear', 'max_iter': 5000, 'random_state': 42}"
RCA,LogisticRegression,Config_A_Ordinal,5,6,0.6476094674556213,"{'C': 0.15293111240062146, 'penalty': 'l1', 'solver': 'liblinear', 'max_iter': 5000, 'random_state': 42}"
RCA,LogisticRegression,Config_A_Ordinal,5,7,0.6799743589743589,"{'C': 0.07938227663783552, 'penalty': 'l2', 'solver': 'liblinear', 'max_iter': 5000, 'random_state': 42}"
RCA,LogisticRegression,Config_A_Ordinal,5,8,0.5573854372123603,"{'C': 0.0612696767812913, 'penalty': 'l1', 'solver': 'liblinear', 'max_iter': 5000, 'random_state': 42}"
RCA,LogisticRegression,Config_A_Ordinal,5,9,0.6801515450361605,"{'C': 0.08367925168577522, 'penalty': 'l2', 'solver': 'liblinear', 'max_iter': 5000, 'random_state': 42}"
RCA,LogisticRegression,Config_A_Ordinal,6,0,0.5,"{'C': 0.021901074155610403, 'penalty': 'l1', 'solver': 'liblinear', 'max_iter': 5000, 'random_state': 42}"
RCA,LogisticRegression,Config_A_Ordinal,6,1,0.6479017094017094,"{'C': 0.11334527426362385, 'penalty': 'l2', 'solver': 'liblinear', 'max_iter': 5000, 'random_state': 42}"
RCA,LogisticRegression,Config_A_Ordinal,6,2,0.6463888888888889,"{'C': 0.8643418941761603, 'penalty': 'l2', 'solver': 'liblinear', 'max_iter': 5000, 'random_state': 42}"
RCA,LogisticRegression,Config_A_Ordinal,6,3,0.5313675213675214,"{'C': 0.05494752627019818, 'penalty': 'l1', 'solver': 'liblinear', 'max_iter': 5000, 'random_state': 42}"
RCA,LogisticRegression,Config_A_Ordinal,6,4,0.6567435897435897,"{'C': 0.0197777947039554, 'penalty': 'l2', 'solver': 'liblinear', 'max_iter': 5000, 'random_state': 42}"
RCA,LogisticRegression,Config_A_Ordinal,6,5,0.6516282051282051,"{'C': 0.09260274151440606, 'penalty': 'l2', 'solver': 'liblinear', 'max_iter': 5000, 'random_state': 42}"
RCA,LogisticRegression,Config_A_Ordinal,6,6,0.6524102564102564,"{'C': 0.06497741205741767, 'penalty': 'l2', 'solver': 'liblinear', 'max_iter': 5000, 'random_state': 42}"
RCA,LogisticRegression,Config_A_Ordinal,6,7,0.5,"{'C': 0.024062664352605852, 'penalty': 'l1', 'solver': 'liblinear', 'max_iter': 5000, 'random_state': 42}"
RCA,LogisticRegression,Config_A_Ordinal,6,8,0.6475598290598291,"{'C': 3.7185345722007876, 'penalty': 'l1', 'solver': 'liblinear', 'max_iter': 5000, 'random_state': 42}"
RCA,LogisticRegression,Config_A_Ordinal,6,9,0.648931623931624,"{'C': 6.393039567381806, 'penalty': 'l1', 'solver': 'liblinear', 'max_iter': 5000, 'random_state': 42}"
RCA,LogisticRegression,Config_A_Ordinal,7,0,0.5,"{'C': 0.011284200983481187, 'penalty': 'l1', 'solver': 'liblinear', 'max_iter': 5000, 'random_state': 42}"
RCA,LogisticRegression,Config_A_Ordinal,7,1,0.5986623931623932,"{'C': 0.07887314029264093, 'penalty': 'l1', 'solver': 'liblinear', 'max_iter': 5000, 'random_state': 42}"
RCA,LogisticRegression,Config_A_Ordinal,7,2,0.6941239316239316,"{'C': 3.9276353491451825, 'penalty': 'l2', 'solver': 'liblinear', 'max_iter': 5000, 'random_state': 42}"
RCA,LogisticRegression,Config_A_Ordinal,7,3,0.7226324786324786,"{'C': 0.11790059165223539, 'penalty': 'l2', 'solver': 'liblinear', 'max_iter': 5000, 'random_state': 42}"
RCA,LogisticRegression,Config_A_Ordinal,7,4,0.711991452991453,"{'C': 0.21621072354347845, 'penalty': 'l1', 'solver': 'liblinear', 'max_iter': 5000, 'random_state': 42}"
RCA,LogisticRegression,Config_A_Ordinal,7,5,0.7106794871794873,"{'C': 0.6001132654683482, 'penalty': 'l2', 'solver': 'liblinear', 'max_iter': 5000, 'random_state': 42}"
RCA,LogisticRegression,Config_A_Ordinal,7,6,0.5,"{'C': 0.03642363778609367, 'penalty': 'l1', 'solver': 'liblinear', 'max_iter': 5000, 'random_state': 42}"
RCA,LogisticRegression,Config_A_Ordinal,7,7,0.717991452991453,"{'C': 0.012922035950336919, 'penalty': 'l2', 'solver': 'liblinear', 'max_iter': 5000, 'random_state': 42}"
RCA,LogisticRegression,Config_A_Ordinal,7,8,0.7106794871794873,"{'C': 0.4322030140014458, 'penalty': 'l1', 'solver': 'liblinear', 'max_iter': 5000, 'random_state': 42}"
RCA,LogisticRegression,Config_A_Ordinal,7,9,0.7128632478632478,"{'C': 0.5308242581177244, 'penalty': 'l2', 'solver': 'liblinear', 'max_iter': 5000, 'random_state': 42}"
RCA,LogisticRegression,Config_A_Ordinal,8,0,0.6798333333333333,"{'C': 0.07996378956103561, 'penalty': 'l2', 'solver': 'liblinear', 'max_iter': 5000, 'random_state': 42}"
RCA,LogisticRegression,Config_A_Ordinal,8,1,0.6397991452991453,"{'C': 4.729446475901863, 'penalty': 'l1', 'solver': 'liblinear', 'max_iter': 5000, 'random_state': 42}"
RCA,LogisticRegression,Config_A_Ordinal,8,2,0.6691410256410256,"{'C': 0.43741899731708545, 'penalty': 'l2', 'solver': 'liblinear', 'max_iter': 5000, 'random_state': 42}"
RCA,LogisticRegression,Config_A_Ordinal,8,3,0.6398076923076923,"{'C': 4.88304023608876, 'penalty': 'l1', 'solver': 'liblinear', 'max_iter': 5000, 'random_state': 42}"
RCA,LogisticRegression,Config_A_Ordinal,8,4,0.6753418803418804,"{'C': 0.21214771023846968, 'penalty': 'l2', 'solver': 'liblinear', 'max_iter': 5000, 'random_state': 42}"
RCA,LogisticRegression,Config_A_Ordinal,8,5,0.5,"{'C': 0.048687179175339976, 'penalty': 'l1', 'solver': 'liblinear', 'max_iter': 5000, 'random_state': 42}"
RCA,LogisticRegression,Config_A_Ordinal,8,6,0.6805,"{'C': 0.07404805568024456, 'penalty': 'l2', 'solver': 'liblinear', 'max_iter': 5000, 'random_state': 42}"
RCA,LogisticRegression,Config_A_Ordinal,8,7,0.6597350427350428,"{'C': 1.326864526805633, 'penalty': 'l1', 'solver': 'liblinear', 'max_iter': 5000, 'random_state': 42}"
RCA,LogisticRegression,Config_A_Ordinal,8,8,0.6800341880341881,"{'C': 0.11632735930444955, 'penalty': 'l2', 'solver': 'liblinear', 'max_iter': 5000, 'random_state': 42}"
RCA,LogisticRegression,Config_A_Ordinal,8,9,0.5268867521367522,"{'C': 0.05698847132614628, 'penalty': 'l1', 'solver': 'liblinear', 'max_iter': 5000, 'random_state': 42}"
RCA,LogisticRegression,Config_A_Ordinal,9,0,0.6979316239316239,"{'C': 0.3046526334846008, 'penalty': 'l2', 'solver': 'liblinear', 'max_iter': 5000, 'random_state': 42}"
RCA,LogisticRegression,Config_A_Ordinal,9,1,0.7024487179487181,"{'C': 0.15452178955314638, 'penalty': 'l2', 'solver': 'liblinear', 'max_iter': 5000, 'random_state': 42}"
RCA,LogisticRegression,Config_A_Ordinal,9,2,0.658965811965812,"{'C': 0.16772260574480474, 'penalty': 'l1', 'solver': 'liblinear', 'max_iter': 5000, 'random_state': 42}"
RCA,LogisticRegression,Config_A_Ordinal,9,3,0.7046196581196581,"{'C': 0.08511930051358035, 'penalty': 'l2', 'solver': 'liblinear', 'max_iter': 5000, 'random_state': 42}"
RCA,LogisticRegression,Config_A_Ordinal,9,4,0.5,"{'C': 0.027314960038856643, 'penalty': 'l1', 'solver': 'liblinear', 'max_iter': 5000, 'random_state': 42}"
RCA,LogisticRegression,Config_A_Ordinal,9,5,0.6950769230769231,"{'C': 0.47848828710507213, 'penalty': 'l2', 'solver': 'liblinear', 'max_iter': 5000, 'random_state': 42}"
RCA,LogisticRegression,Config_A_Ordinal,9,6,0.6895128205128205,"{'C': 1.056134421747879, 'penalty': 'l2', 'solver': 'liblinear', 'max_iter': 5000, 'random_state': 42}"
RCA,LogisticRegression,Config_A_Ordinal,9,7,0.72208547008547,"{'C': 0.3735171162844948, 'penalty': 'l1', 'solver': 'liblinear', 'max_iter': 5000, 'random_state': 42}"
RCA,LogisticRegression,Config_A_Ordinal,9,8,0.6903504273504274,"{'C': 1.0116090508837905, 'penalty': 'l2', 'solver': 'liblinear', 'max_iter': 5000, 'random_state': 42}"
RCA,LogisticRegression,Config_A_Ordinal,9,9,0.687153846153846,"{'C': 0.014764029949637417, 'penalty': 'l2', 'solver': 'liblinear', 'max_iter': 5000, 'random_state': 42}"
RCA,LogisticRegression,Config_A_Ordinal,10,0,0.6795710059171598,"{'C': 1.0646190829920226, 'penalty': 'l2', 'solver': 'liblinear', 'max_iter': 5000, 'random_state': 42}"
RCA,LogisticRegression,Config_A_Ordinal,10,1,0.6815552268244577,"{'C': 0.8551832402736861, 'penalty': 'l2', 'solver': 'liblinear', 'max_iter': 5000, 'random_state': 42}"
RCA,LogisticRegression,Config_A_Ordinal,10,2,0.6878833004602235,"{'C': 0.029717379222571408, 'penalty': 'l2', 'solver': 'liblinear', 'max_iter': 5000, 'random_state': 42}"
RCA,LogisticRegression,Config_A_Ordinal,10,3,0.6860302432610125,"{'C': 0.2906614086297169, 'penalty': 'l2', 'solver': 'liblinear', 'max_iter': 5000, 'random_state': 42}"
RCA,LogisticRegression,Config_A_Ordinal,10,4,0.6813928336620645,"{'C': 0.8714382783504363, 'penalty': 'l2', 'solver': 'liblinear', 'max_iter': 5000, 'random_state': 42}"
RCA,LogisticRegression,Config_A_Ordinal,10,5,0.5,"{'C': 0.013905203497621867, 'penalty': 'l1', 'solver': 'liblinear', 'max_iter': 5000, 'random_state': 42}"
RCA,LogisticRegression,Config_A_Ordinal,10,6,0.6883566732412886,"{'C': 0.21688599481016407, 'penalty': 'l2', 'solver': 'liblinear', 'max_iter': 5000, 'random_state': 42}"
RCA,LogisticRegression,Config_A_Ordinal,10,7,0.6796249178172254,"{'C': 1.5350852237302166, 'penalty': 'l2', 'solver': 'liblinear', 'max_iter': 5000, 'random_state': 42}"
RCA,LogisticRegression,Config_A_Ordinal,10,8,0.6853875739644971,"{'C': 0.5585579552860684, 'penalty': 'l2', 'solver': 'liblinear', 'max_iter': 5000, 'random_state': 42}"
RCA,LogisticRegression,Config_A_Ordinal,10,9,0.6574424720578567,"{'C': 4.059491904942489, 'penalty': 'l1', 'solver': 'liblinear', 'max_iter': 5000, 'random_state': 42}"
RCA,LogisticRegression,Config_A_Ordinal,11,0,0.6401538461538462,"{'C': 2.9466667469731083, 'penalty': 'l2', 'solver': 'liblinear', 'max_iter': 5000, 'random_state': 42}"
RCA,LogisticRegression,Config_A_Ordinal,11,1,0.657897435897436,"{'C': 0.7165810318386084, 'penalty': 'l2', 'solver': 'liblinear', 'max_iter': 5000, 'random_state': 42}"
RCA,LogisticRegression,Config_A_Ordinal,11,2,0.6838290598290598,"{'C': 0.014510108462867316, 'penalty': 'l2', 'solver': 'liblinear', 'max_iter': 5000, 'random_state': 42}"
RCA,LogisticRegression,Config_A_Ordinal,11,3,0.6689358974358974,"{'C': 0.3659173068036481, 'penalty': 'l2', 'solver': 'liblinear', 'max_iter': 5000, 'random_state': 42}"
RCA,LogisticRegression,Config_A_Ordinal,11,4,0.6469273504273505,"{'C': 1.9718137187038087, 'penalty': 'l2', 'solver': 'liblinear', 'max_iter': 5000, 'random_state': 42}"
RCA,LogisticRegression,Config_A_Ordinal,11,5,0.621897435897436,"{'C': 0.18603953752770938, 'penalty': 'l1', 'solver': 'liblinear', 'max_iter': 5000, 'random_state': 42}"
RCA,LogisticRegression,Config_A_Ordinal,11,6,0.6134358974358974,"{'C': 0.12745790446667635, 'penalty': 'l1', 'solver': 'liblinear', 'max_iter': 5000, 'random_state': 42}"
RCA,LogisticRegression,Config_A_Ordinal,11,7,0.6797435897435897,"{'C': 0.01926916038915904, 'penalty': 'l2', 'solver': 'liblinear', 'max_iter': 5000, 'random_state': 42}"
RCA,LogisticRegression,Config_A_Ordinal,11,8,0.6470085470085469,"{'C': 1.6858613204934318, 'penalty': 'l1', 'solver': 'liblinear', 'max_iter': 5000, 'random_state': 42}"
RCA,LogisticRegression,Config_A_Ordinal,11,9,0.634517094017094,"{'C': 2.6635676999373845, 'penalty': 'l1', 'solver': 'liblinear', 'max_iter': 5000, 'random_state': 42}"
RCA,LogisticRegression,Config_A_Ordinal,12,0,0.6758547008547008,"{'C': 3.467266484660216, 'penalty': 'l1', 'solver': 'liblinear', 'max_iter': 5000, 'random_state': 42}"
RCA,LogisticRegression,Config_A_Ordinal,12,1,0.7007136752136752,"{'C': 0.11390026672240673, 'penalty': 'l1', 'solver': 'liblinear', 'max_iter': 5000, 'random_state': 42}"
RCA,LogisticRegression,Config_A_Ordinal,12,2,0.6713418803418804,"{'C': 3.036468850849576, 'penalty': 'l2', 'solver': 'liblinear', 'max_iter': 5000, 'random_state': 42}"
RCA,LogisticRegression,Config_A_Ordinal,12,3,0.6940940170940171,"{'C': 0.11049816566546694, 'penalty': 'l2', 'solver': 'liblinear', 'max_iter': 5000, 'random_state': 42}"
RCA,LogisticRegression,Config_A_Ordinal,12,4,0.5,"{'C': 0.01389645509903746, 'penalty': 'l1', 'solver': 'liblinear', 'max_iter': 5000, 'random_state': 42}"
RCA,LogisticRegression,Config_A_Ordinal,12,5,0.709025641025641,"{'C': 0.467949265412501, 'penalty': 'l1', 'solver': 'liblinear', 'max_iter': 5000, 'random_state': 42}"
RCA,LogisticRegression,Config_A_Ordinal,12,6,0.7232393162393164,"{'C': 0.16657861984073538, 'penalty': 'l1', 'solver': 'liblinear', 'max_iter': 5000, 'random_state': 42}"
RCA,LogisticRegression,Config_A_Ordinal,12,7,0.6837008547008548,"{'C': 0.5006757626704805, 'penalty': 'l2', 'solver': 'liblinear', 'max_iter': 5000, 'random_state': 42}"
RCA,LogisticRegression,Config_A_Ordinal,12,8,0.6912393162393163,"{'C': 0.024248429846531205, 'penalty': 'l2', 'solver': 'liblinear', 'max_iter': 5000, 'random_state': 42}"
RCA,LogisticRegression,Config_A_Ordinal,12,9,0.6734786324786325,"{'C': 3.85569173781827, 'penalty': 'l1', 'solver': 'liblinear', 'max_iter': 5000, 'random_state': 42}"
RCA,LogisticRegression,Config_A_Ordinal,13,0,0.714034188034188,"{'C': 0.1822002218419806, 'penalty': 'l1', 'solver': 'liblinear', 'max_iter': 5000, 'random_state': 42}"
RCA,LogisticRegression,Config_A_Ordinal,13,1,0.7324059829059829,"{'C': 0.3587964889128819, 'penalty': 'l2', 'solver': 'liblinear', 'max_iter': 5000, 'random_state': 42}"
RCA,LogisticRegression,Config_A_Ordinal,13,2,0.7037179487179487,"{'C': 2.5359679937567368, 'penalty': 'l1', 'solver': 'liblinear', 'max_iter': 5000, 'random_state': 42}"
RCA,LogisticRegression,Config_A_Ordinal,13,3,0.7050085470085469,"{'C': 0.012273573465000529, 'penalty': 'l2', 'solver': 'liblinear', 'max_iter': 5000, 'random_state': 42}"
RCA,LogisticRegression,Config_A_Ordinal,13,4,0.5,"{'C': 0.03705894427972906, 'penalty': 'l1', 'solver': 'liblinear', 'max_iter': 5000, 'random_state': 42}"
RCA,LogisticRegression,Config_A_Ordinal,13,5,0.6879700854700855,"{'C': 6.009272413384581, 'penalty': 'l1', 'solver': 'liblinear', 'max_iter': 5000, 'random_state': 42}"
RCA,LogisticRegression,Config_A_Ordinal,13,6,0.721128205128205,"{'C': 1.4476172704599775, 'penalty': 'l1', 'solver': 'liblinear', 'max_iter': 5000, 'random_state': 42}"
RCA,LogisticRegression,Config_A_Ordinal,13,7,0.5,"{'C': 0.032806510985143984, 'penalty': 'l1', 'solver': 'liblinear', 'max_iter': 5000, 'random_state': 42}"
RCA,LogisticRegression,Config_A_Ordinal,13,8,0.734440170940171,"{'C': 0.5689094260975697, 'penalty': 'l1', 'solver': 'liblinear', 'max_iter': 5000, 'random_state': 42}"
RCA,LogisticRegression,Config_A_Ordinal,13,9,0.5,"{'C': 0.050753035857233265, 'penalty': 'l1', 'solver': 'liblinear', 'max_iter': 5000, 'random_state': 42}"
RCA,LogisticRegression,Config_A_Ordinal,14,0,0.5,"{'C': 0.01902500852359774, 'penalty': 'l1', 'solver': 'liblinear', 'max_iter': 5000, 'random_state': 42}"
RCA,LogisticRegression,Config_A_Ordinal,14,1,0.54825,"{'C': 0.053403301213897185, 'penalty': 'l1', 'solver': 'liblinear', 'max_iter': 5000, 'random_state': 42}"
RCA,LogisticRegression,Config_A_Ordinal,14,2,0.7021239316239316,"{'C': 3.871605794271588, 'penalty': 'l2', 'solver': 'liblinear', 'max_iter': 5000, 'random_state': 42}"
RCA,LogisticRegression,Config_A_Ordinal,14,3,0.7048504273504275,"{'C': 2.0020740488491864, 'penalty': 'l2', 'solver': 'liblinear', 'max_iter': 5000, 'random_state': 42}"
RCA,LogisticRegression,Config_A_Ordinal,14,4,0.7051068376068376,"{'C': 0.010651648533989925, 'penalty': 'l2', 'solver': 'liblinear', 'max_iter': 5000, 'random_state': 42}"
RCA,LogisticRegression,Config_A_Ordinal,14,5,0.7027863247863247,"{'C': 4.963147348446939, 'penalty': 'l1', 'solver': 'liblinear', 'max_iter': 5000, 'random_state': 42}"
RCA,LogisticRegression,Config_A_Ordinal,14,6,0.6402905982905983,"{'C': 0.114013631108063, 'penalty': 'l1', 'solver': 'liblinear', 'max_iter': 5000, 'random_state': 42}"
RCA,LogisticRegression,Config_A_Ordinal,14,7,0.7081324786324786,"{'C': 0.8530444417114478, 'penalty': 'l2', 'solver': 'liblinear', 'max_iter': 5000, 'random_state': 42}"
RCA,LogisticRegression,Config_A_Ordinal,14,8,0.7178931623931625,"{'C': 0.19446430958399635, 'penalty': 'l2', 'solver': 'liblinear', 'max_iter': 5000, 'random_state': 42}"
RCA,LogisticRegression,Config_A_Ordinal,14,9,0.66908547008547,"{'C': 0.1613137438567399, 'penalty': 'l1', 'solver': 'liblinear', 'max_iter': 5000, 'random_state': 42}"
RCA,LogisticRegression,Config_A_Ordinal,15,0,0.7134125575279423,"{'C': 8.965521402272682, 'penalty': 'l2', 'solver': 'liblinear', 'max_iter': 5000, 'random_state': 42}"
RCA,LogisticRegression,Config_A_Ordinal,15,1,0.7287061143984221,"{'C': 0.038830345219867286, 'penalty': 'l2', 'solver': 'liblinear', 'max_iter': 5000, 'random_state': 42}"
RCA,LogisticRegression,Config_A_Ordinal,15,2,0.7323612754766601,"{'C': 0.05540496189614055, 'penalty': 'l2', 'solver': 'liblinear', 'max_iter': 5000, 'random_state': 42}"
RCA,LogisticRegression,Config_A_Ordinal,15,3,0.6955749506903354,"{'C': 0.1496150849495676, 'penalty': 'l1', 'solver': 'liblinear', 'max_iter': 5000, 'random_state': 42}"
RCA,LogisticRegression,Config_A_Ordinal,15,4,0.7204079552925707,"{'C': 3.181656203325291, 'penalty': 'l2', 'solver': 'liblinear', 'max_iter': 5000, 'random_state': 42}"
RCA,LogisticRegression,Config_A_Ordinal,15,5,0.7365111768573307,"{'C': 0.44515572708773926, 'penalty': 'l1', 'solver': 'liblinear', 'max_iter': 5000, 'random_state': 42}"
RCA,LogisticRegression,Config_A_Ordinal,15,6,0.7104842209072978,"{'C': 0.21018656996735396, 'penalty': 'l1', 'solver': 'liblinear', 'max_iter': 5000, 'random_state': 42}"
RCA,LogisticRegression,Config_A_Ordinal,15,7,0.7243809993425377,"{'C': 1.373789245372003, 'penalty': 'l1', 'solver': 'liblinear', 'max_iter': 5000, 'random_state': 42}"
RCA,LogisticRegression,Config_A_Ordinal,15,8,0.7391942800788955,"{'C': 0.09624775620725103, 'penalty': 'l2', 'solver': 'liblinear', 'max_iter': 5000, 'random_state': 42}"
RCA,LogisticRegression,Config_A_Ordinal,15,9,0.7221692965154504,"{'C': 1.5442004101134612, 'penalty': 'l1', 'solver': 'liblinear', 'max_iter': 5000, 'random_state': 42}"
RCA,RandomForest,Config_B_OneHot,1,0,0.6598675213675214,"{'n_estimators': 250, 'max_depth': None, 'min_samples_split': 3, 'min_samples_leaf': 1, 'max_features': 'sqrt', 'class_weight': None, 'random_state': 42, 'n_jobs': -1}"
RCA,RandomForest,Config_B_OneHot,1,1,0.6632692307692306,"{'n_estimators': 450, 'max_depth': None, 'min_samples_split': 4, 'min_samples_leaf': 3, 'max_features': 'sqrt', 'class_weight': None, 'random_state': 42, 'n_jobs': -1}"
RCA,RandomForest,Config_B_OneHot,1,2,0.6612863247863249,"{'n_estimators': 250, 'max_depth': 5, 'min_samples_split': 5, 'min_samples_leaf': 3, 'max_features': 'log2', 'class_weight': None, 'random_state': 42, 'n_jobs': -1}"
RCA,RandomForest,Config_B_OneHot,1,3,0.6715427350427351,"{'n_estimators': 450, 'max_depth': None, 'min_samples_split': 6, 'min_samples_leaf': 2, 'max_features': 'log2', 'class_weight': 'balanced', 'random_state': 42, 'n_jobs': -1}"
RCA,RandomForest,Config_B_OneHot,1,4,0.6660726495726496,"{'n_estimators': 200, 'max_depth': None, 'min_samples_split': 3, 'min_samples_leaf': 4, 'max_features': 'log2', 'class_weight': None, 'random_state': 42, 'n_jobs': -1}"
RCA,RandomForest,Config_B_OneHot,1,5,0.6619273504273505,"{'n_estimators': 450, 'max_depth': 7, 'min_samples_split': 4, 'min_samples_leaf': 2, 'max_features': 'sqrt', 'class_weight': 'balanced', 'random_state': 42, 'n_jobs': -1}"
RCA,RandomForest,Config_B_OneHot,1,6,0.6610854700854701,"{'n_estimators': 150, 'max_depth': 5, 'min_samples_split': 3, 'min_samples_leaf': 1, 'max_features': 'sqrt', 'class_weight': 'balanced', 'random_state': 42, 'n_jobs': -1}"
RCA,RandomForest,Config_B_OneHot,1,7,0.6762094017094018,"{'n_estimators': 150, 'max_depth': 5, 'min_samples_split': 4, 'min_samples_leaf': 1, 'max_features': 'log2', 'class_weight': None, 'random_state': 42, 'n_jobs': -1}"
RCA,RandomForest,Config_B_OneHot,1,8,0.6722350427350428,"{'n_estimators': 450, 'max_depth': 7, 'min_samples_split': 5, 'min_samples_leaf': 4, 'max_features': 'log2', 'class_weight': None, 'random_state': 42, 'n_jobs': -1}"
RCA,RandomForest,Config_B_OneHot,1,9,0.6847649572649573,"{'n_estimators': 150, 'max_depth': 3, 'min_samples_split': 8, 'min_samples_leaf': 1, 'max_features': 'log2', 'class_weight': None, 'random_state': 42, 'n_jobs': -1}"
RCA,RandomForest,Config_B_OneHot,2,0,0.7107051282051282,"{'n_estimators': 150, 'max_depth': None, 'min_samples_split': 8, 'min_samples_leaf': 3, 'max_features': 'sqrt', 'class_weight': None, 'random_state': 42, 'n_jobs': -1}"
RCA,RandomForest,Config_B_OneHot,2,1,0.7059914529914529,"{'n_estimators': 400, 'max_depth': 5, 'min_samples_split': 4, 'min_samples_leaf': 2, 'max_features': 'log2', 'class_weight': 'balanced', 'random_state': 42, 'n_jobs': -1}"
RCA,RandomForest,Config_B_OneHot,2,2,0.7048717948717947,"{'n_estimators': 250, 'max_depth': None, 'min_samples_split': 8, 'min_samples_leaf': 2, 'max_features': 'sqrt', 'class_weight': None, 'random_state': 42, 'n_jobs': -1}"
RCA,RandomForest,Config_B_OneHot,2,3,0.7102521367521368,"{'n_estimators': 350, 'max_depth': None, 'min_samples_split': 2, 'min_samples_leaf': 1, 'max_features': 'sqrt', 'class_weight': None, 'random_state': 42, 'n_jobs': -1}"
RCA,RandomForest,Config_B_OneHot,2,4,0.7090555555555556,"{'n_estimators': 350, 'max_depth': 3, 'min_samples_split': 8, 'min_samples_leaf': 3, 'max_features': 'log2', 'class_weight': 'balanced', 'random_state': 42, 'n_jobs': -1}"
RCA,RandomForest,Config_B_OneHot,2,5,0.7188547008547008,"{'n_estimators': 250, 'max_depth': 3, 'min_samples_split': 3, 'min_samples_leaf': 1, 'max_features': 'sqrt', 'class_weight': None, 'random_state': 42, 'n_jobs': -1}"
RCA,RandomForest,Config_B_OneHot,2,6,0.7099871794871796,"{'n_estimators': 200, 'max_depth': 7, 'min_samples_split': 3, 'min_samples_leaf': 3, 'max_features': 'sqrt', 'class_weight': 'balanced', 'random_state': 42, 'n_jobs': -1}"
RCA,RandomForest,Config_B_OneHot,2,7,0.6971538461538461,"{'n_estimators': 300, 'max_depth': 7, 'min_samples_split': 8, 'min_samples_leaf': 1, 'max_features': 'sqrt', 'class_weight': 'balanced', 'random_state': 42, 'n_jobs': -1}"
RCA,RandomForest,Config_B_OneHot,2,8,0.7038376068376068,"{'n_estimators': 150, 'max_depth': 7, 'min_samples_split': 7, 'min_samples_leaf': 1, 'max_features': 'log2', 'class_weight': 'balanced', 'random_state': 42, 'n_jobs': -1}"
RCA,RandomForest,Config_B_OneHot,2,9,0.7134615384615386,"{'n_estimators': 350, 'max_depth': 3, 'min_samples_split': 7, 'min_samples_leaf': 3, 'max_features': 'sqrt', 'class_weight': 'balanced', 'random_state': 42, 'n_jobs': -1}"
RCA,RandomForest,Config_B_OneHot,3,0,0.6935299145299144,"{'n_estimators': 400, 'max_depth': 3, 'min_samples_split': 6, 'min_samples_leaf': 2, 'max_features': 'log2', 'class_weight': 'balanced', 'random_state': 42, 'n_jobs': -1}"
RCA,RandomForest,Config_B_OneHot,3,1,0.6746324786324785,"{'n_estimators': 300, 'max_depth': 7, 'min_samples_split': 8, 'min_samples_leaf': 4, 'max_features': 'sqrt', 'class_weight': None, 'random_state': 42, 'n_jobs': -1}"
RCA,RandomForest,Config_B_OneHot,3,2,0.6817863247863247,"{'n_estimators': 300, 'max_depth': None, 'min_samples_split': 3, 'min_samples_leaf': 3, 'max_features': 'log2', 'class_weight': 'balanced', 'random_state': 42, 'n_jobs': -1}"
RCA,RandomForest,Config_B_OneHot,3,3,0.688017094017094,"{'n_estimators': 300, 'max_depth': 3, 'min_samples_split': 5, 'min_samples_leaf': 1, 'max_features': 'sqrt', 'class_weight': None, 'random_state': 42, 'n_jobs': -1}"
RCA,RandomForest,Config_B_OneHot,3,4,0.6849230769230769,"{'n_estimators': 400, 'max_depth': 5, 'min_samples_split': 2, 'min_samples_leaf': 2, 'max_features': 'sqrt', 'class_weight': 'balanced', 'random_state': 42, 'n_jobs': -1}"
RCA,RandomForest,Config_B_OneHot,3,5,0.6753888888888889,"{'n_estimators': 200, 'max_depth': None, 'min_samples_split': 4, 'min_samples_leaf': 2, 'max_features': 'log2', 'class_weight': 'balanced', 'random_state': 42, 'n_jobs': -1}"
RCA,RandomForest,Config_B_OneHot,3,6,0.6701324786324786,"{'n_estimators': 200, 'max_depth': None, 'min_samples_split': 6, 'min_samples_leaf': 1, 'max_features': 'log2', 'class_weight': 'balanced', 'random_state': 42, 'n_jobs': -1}"
RCA,RandomForest,Config_B_OneHot,3,7,0.6825726495726495,"{'n_estimators': 350, 'max_depth': None, 'min_samples_split': 5, 'min_samples_leaf': 4, 'max_features': 'log2', 'class_weight': 'balanced', 'random_state': 42, 'n_jobs': -1}"
RCA,RandomForest,Config_B_OneHot,3,8,0.685948717948718,"{'n_estimators': 150, 'max_depth': 5, 'min_samples_split': 8, 'min_samples_leaf': 2, 'max_features': 'sqrt', 'class_weight': 'balanced', 'random_state': 42, 'n_jobs': -1}"
RCA,RandomForest,Config_B_OneHot,3,9,0.6780384615384615,"{'n_estimators': 400, 'max_depth': 5, 'min_samples_split': 2, 'min_samples_leaf': 2, 'max_features': 'sqrt', 'class_weight': None, 'random_state': 42, 'n_jobs': -1}"
RCA,RandomForest,Config_B_OneHot,4,0,0.6355641025641026,"{'n_estimators': 450, 'max_depth': None, 'min_samples_split': 5, 'min_samples_leaf': 1, 'max_features': 'sqrt', 'class_weight': 'balanced', 'random_state': 42, 'n_jobs': -1}"
RCA,RandomForest,Config_B_OneHot,4,1,0.6503333333333333,"{'n_estimators': 350, 'max_depth': None, 'min_samples_split': 8, 'min_samples_leaf': 3, 'max_features': 'sqrt', 'class_weight': None, 'random_state': 42, 'n_jobs': -1}"
RCA,RandomForest,Config_B_OneHot,4,2,0.6385982905982907,"{'n_estimators': 200, 'max_depth': 7, 'min_samples_split': 2, 'min_samples_leaf': 4, 'max_features': 'log2', 'class_weight': 'balanced', 'random_state': 42, 'n_jobs': -1}"
RCA,RandomForest,Config_B_OneHot,4,3,0.6339679487179488,"{'n_estimators': 250, 'max_depth': None, 'min_samples_split': 3, 'min_samples_leaf': 1, 'max_features': 'sqrt', 'class_weight': None, 'random_state': 42, 'n_jobs': -1}"
RCA,RandomForest,Config_B_OneHot,4,4,0.6338397435897437,"{'n_estimators': 150, 'max_depth': None, 'min_samples_split': 2, 'min_samples_leaf': 1, 'max_features': 'log2', 'class_weight': None, 'random_state': 42, 'n_jobs': -1}"
RCA,RandomForest,Config_B_OneHot,4,5,0.6514615384615384,"{'n_estimators': 200, 'max_depth': None, 'min_samples_split': 5, 'min_samples_leaf': 1, 'max_features': 'log2', 'class_weight': None, 'random_state': 42, 'n_jobs': -1}"
RCA,RandomForest,Config_B_OneHot,4,6,0.6385982905982907,"{'n_estimators': 200, 'max_depth': 7, 'min_samples_split': 8, 'min_samples_leaf': 4, 'max_features': 'log2', 'class_weight': 'balanced', 'random_state': 42, 'n_jobs': -1}"
RCA,RandomForest,Config_B_OneHot,4,7,0.6444700854700854,"{'n_estimators': 400, 'max_depth': 7, 'min_samples_split': 7, 'min_samples_leaf': 3, 'max_features': 'sqrt', 'class_weight': None, 'random_state': 42, 'n_jobs': -1}"
RCA,RandomForest,Config_B_OneHot,4,8,0.6373418803418803,"{'n_estimators': 200, 'max_depth': None, 'min_samples_split': 7, 'min_samples_leaf': 1, 'max_features': 'sqrt', 'class_weight': 'balanced', 'random_state': 42, 'n_jobs': -1}"
RCA,RandomForest,Config_B_OneHot,4,9,0.6569444444444444,"{'n_estimators': 350, 'max_depth': 7, 'min_samples_split': 2, 'min_samples_leaf': 2, 'max_features': 'sqrt', 'class_weight': None, 'random_state': 42, 'n_jobs': -1}"
RCA,RandomForest,Config_B_OneHot,5,0,0.71410486522025,"{'n_estimators': 400, 'max_depth': 5, 'min_samples_split': 8, 'min_samples_leaf': 1, 'max_features': 'log2', 'class_weight': 'balanced', 'random_state': 42, 'n_jobs': -1}"
RCA,RandomForest,Config_B_OneHot,5,1,0.6932107166337936,"{'n_estimators': 150, 'max_depth': 5, 'min_samples_split': 2, 'min_samples_leaf': 4, 'max_features': 'log2', 'class_weight': 'balanced', 'random_state': 42, 'n_jobs': -1}"
RCA,RandomForest,Config_B_OneHot,5,2,0.7167636423405653,"{'n_estimators': 150, 'max_depth': 5, 'min_samples_split': 4, 'min_samples_leaf': 1, 'max_features': 'sqrt', 'class_weight': None, 'random_state': 42, 'n_jobs': -1}"
RCA,RandomForest,Config_B_OneHot,5,3,0.7202320841551609,"{'n_estimators': 450, 'max_depth': 3, 'min_samples_split': 6, 'min_samples_leaf': 4, 'max_features': 'log2', 'class_weight': 'balanced', 'random_state': 42, 'n_jobs': -1}"
RCA,RandomForest,Config_B_OneHot,5,4,0.709904339250493,"{'n_estimators': 150, 'max_depth': None, 'min_samples_split': 5, 'min_samples_leaf': 1, 'max_features': 'sqrt', 'class_weight': 'balanced', 'random_state': 42, 'n_jobs': -1}"
RCA,RandomForest,Config_B_OneHot,5,5,0.7166663379355688,"{'n_estimators': 200, 'max_depth': None, 'min_samples_split': 3, 'min_samples_leaf': 4, 'max_features': 'sqrt', 'class_weight': 'balanced', 'random_state': 42, 'n_jobs': -1}"
RCA,RandomForest,Config_B_OneHot,5,6,0.7161808021038789,"{'n_estimators': 450, 'max_depth': 5, 'min_samples_split': 5, 'min_samples_leaf': 1, 'max_features': 'sqrt', 'class_weight': 'balanced', 'random_state': 42, 'n_jobs': -1}"
RCA,RandomForest,Config_B_OneHot,5,7,0.7152853385930308,"{'n_estimators': 250, 'max_depth': None, 'min_samples_split': 7, 'min_samples_leaf': 2, 'max_features': 'sqrt', 'class_weight': None, 'random_state': 42, 'n_jobs': -1}"
RCA,RandomForest,Config_B_OneHot,5,8,0.7060236686390532,"{'n_estimators': 450, 'max_depth': 7, 'min_samples_split': 2, 'min_samples_leaf': 1, 'max_features': 'log2', 'class_weight': 'balanced', 'random_state': 42, 'n_jobs': -1}"
RCA,RandomForest,Config_B_OneHot,5,9,0.7114178172255096,"{'n_estimators': 250, 'max_depth': 5, 'min_samples_split': 2, 'min_samples_leaf': 2, 'max_features': 'log2', 'class_weight': 'balanced', 'random_state': 42, 'n_jobs': -1}"
RCA,RandomForest,Config_B_OneHot,6,0,0.6340042735042735,"{'n_estimators': 150, 'max_depth': None, 'min_samples_split': 7, 'min_samples_leaf': 3, 'max_features': 'log2', 'class_weight': 'balanced', 'random_state': 42, 'n_jobs': -1}"
RCA,RandomForest,Config_B_OneHot,6,1,0.6472564102564103,"{'n_estimators': 150, 'max_depth': 5, 'min_samples_split': 3, 'min_samples_leaf': 4, 'max_features': 'log2', 'class_weight': None, 'random_state': 42, 'n_jobs': -1}"
RCA,RandomForest,Config_B_OneHot,6,2,0.6437735042735043,"{'n_estimators': 400, 'max_depth': 3, 'min_samples_split': 8, 'min_samples_leaf': 3, 'max_features': 'log2', 'class_weight': None, 'random_state': 42, 'n_jobs': -1}"
RCA,RandomForest,Config_B_OneHot,6,3,0.6448119658119656,"{'n_estimators': 450, 'max_depth': 3, 'min_samples_split': 4, 'min_samples_leaf': 3, 'max_features': 'sqrt', 'class_weight': 'balanced', 'random_state': 42, 'n_jobs': -1}"
RCA,RandomForest,Config_B_OneHot,6,4,0.6549017094017094,"{'n_estimators': 150, 'max_depth': 5, 'min_samples_split': 5, 'min_samples_leaf': 3, 'max_features': 'sqrt', 'class_weight': None, 'random_state': 42, 'n_jobs': -1}"
RCA,RandomForest,Config_B_OneHot,6,5,0.6401752136752137,"{'n_estimators': 300, 'max_depth': 7, 'min_samples_split': 6, 'min_samples_leaf': 1, 'max_features': 'sqrt', 'class_weight': None, 'random_state': 42, 'n_jobs': -1}"
RCA,RandomForest,Config_B_OneHot,6,6,0.6346581196581197,"{'n_estimators': 200, 'max_depth': None, 'min_samples_split': 7, 'min_samples_leaf': 4, 'max_features': 'sqrt', 'class_weight': 'balanced', 'random_state': 42, 'n_jobs': -1}"
RCA,RandomForest,Config_B_OneHot,6,7,0.6478675213675215,"{'n_estimators': 300, 'max_depth': 5, 'min_samples_split': 7, 'min_samples_leaf': 1, 'max_features': 'log2', 'class_weight': None, 'random_state': 42, 'n_jobs': -1}"
RCA,RandomForest,Config_B_OneHot,6,8,0.6333632478632478,"{'n_estimators': 250, 'max_depth': 3, 'min_samples_split': 6, 'min_samples_leaf': 2, 'max_features': 'log2', 'class_weight': 'balanced', 'random_state': 42, 'n_jobs': -1}"
RCA,RandomForest,Config_B_OneHot,6,9,0.6378974358974359,"{'n_estimators': 350, 'max_depth': 3, 'min_samples_split': 7, 'min_samples_leaf': 4, 'max_features': 'log2', 'class_weight': 'balanced', 'random_state': 42, 'n_jobs': -1}"
RCA,RandomForest,Config_B_OneHot,7,0,0.6790769230769231,"{'n_estimators': 150, 'max_depth': None, 'min_samples_split': 4, 'min_samples_leaf': 4, 'max_features': 'log2', 'class_weight': None, 'random_state': 42, 'n_jobs': -1}"
RCA,RandomForest,Config_B_OneHot,7,1,0.6735811965811966,"{'n_estimators': 150, 'max_depth': 3, 'min_samples_split': 4, 'min_samples_leaf': 2, 'max_features': 'log2', 'class_weight': None, 'random_state': 42, 'n_jobs': -1}"
RCA,RandomForest,Config_B_OneHot,7,2,0.677568376068376,"{'n_estimators': 150, 'max_depth': 5, 'min_samples_split': 6, 'min_samples_leaf': 2, 'max_features': 'log2', 'class_weight': None, 'random_state': 42, 'n_jobs': -1}"
RCA,RandomForest,Config_B_OneHot,7,3,0.6727136752136751,"{'n_estimators': 400, 'max_depth': 7, 'min_samples_split': 3, 'min_samples_leaf': 4, 'max_features': 'log2', 'class_weight': None, 'random_state': 42, 'n_jobs': -1}"
RCA,RandomForest,Config_B_OneHot,7,4,0.6697820512820513,"{'n_estimators': 200, 'max_depth': 5, 'min_samples_split': 8, 'min_samples_leaf': 2, 'max_features': 'sqrt', 'class_weight': 'balanced', 'random_state': 42, 'n_jobs': -1}"
RCA,RandomForest,Config_B_OneHot,7,5,0.6747820512820514,"{'n_estimators': 350, 'max_depth': None, 'min_samples_split': 8, 'min_samples_leaf': 2, 'max_features': 'log2', 'class_weight': 'balanced', 'random_state': 42, 'n_jobs': -1}"
RCA,RandomForest,Config_B_OneHot,7,6,0.6744188034188033,"{'n_estimators': 300, 'max_depth': 7, 'min_samples_split': 6, 'min_samples_leaf': 4, 'max_features': 'log2', 'class_weight': None, 'random_state': 42, 'n_jobs': -1}"
RCA,RandomForest,Config_B_OneHot,7,7,0.6772478632478633,"{'n_estimators': 250, 'max_depth': 3, 'min_samples_split': 5, 'min_samples_leaf': 3, 'max_features': 'log2', 'class_weight': None, 'random_state': 42, 'n_jobs': -1}"
RCA,RandomForest,Config_B_OneHot,7,8,0.6792264957264957,"{'n_estimators': 150, 'max_depth': 7, 'min_samples_split': 7, 'min_samples_leaf': 2, 'max_features': 'log2', 'class_weight': None, 'random_state': 42, 'n_jobs': -1}"
RCA,RandomForest,Config_B_OneHot,7,9,0.6735128205128205,"{'n_estimators': 350, 'max_depth': None, 'min_samples_split': 5, 'min_samples_leaf': 1, 'max_features': 'log2', 'class_weight': None, 'random_state': 42, 'n_jobs': -1}"
RCA,RandomForest,Config_B_OneHot,8,0,0.670025641025641,"{'n_estimators': 250, 'max_depth': 3, 'min_samples_split': 5, 'min_samples_leaf': 3, 'max_features': 'log2', 'class_weight': None, 'random_state': 42, 'n_jobs': -1}"
RCA,RandomForest,Config_B_OneHot,8,1,0.6677008547008546,"{'n_estimators': 300, 'max_depth': 5, 'min_samples_split': 8, 'min_samples_leaf': 1, 'max_features': 'log2', 'class_weight': 'balanced', 'random_state': 42, 'n_jobs': -1}"
RCA,RandomForest,Config_B_OneHot,8,2,0.6638162393162393,"{'n_estimators': 450, 'max_depth': 7, 'min_samples_split': 3, 'min_samples_leaf': 2, 'max_features': 'log2', 'class_weight': None, 'random_state': 42, 'n_jobs': -1}"
RCA,RandomForest,Config_B_OneHot,8,3,0.6577008547008547,"{'n_estimators': 350, 'max_depth': None, 'min_samples_split': 6, 'min_samples_leaf': 2, 'max_features': 'sqrt', 'class_weight': None, 'random_state': 42, 'n_jobs': -1}"
RCA,RandomForest,Config_B_OneHot,8,4,0.6655811965811966,"{'n_estimators': 200, 'max_depth': None, 'min_samples_split': 2, 'min_samples_leaf': 3, 'max_features': 'sqrt', 'class_weight': 'balanced', 'random_state': 42, 'n_jobs': -1}"
RCA,RandomForest,Config_B_OneHot,8,5,0.6751410256410256,"{'n_estimators': 200, 'max_depth': 3, 'min_samples_split': 2, 'min_samples_leaf': 4, 'max_features': 'log2', 'class_weight': 'balanced', 'random_state': 42, 'n_jobs': -1}"
RCA,RandomForest,Config_B_OneHot,8,6,0.6631581196581197,"{'n_estimators': 300, 'max_depth': 7, 'min_samples_split': 6, 'min_samples_leaf': 3, 'max_features': 'sqrt', 'class_weight': None, 'random_state': 42, 'n_jobs': -1}"
RCA,RandomForest,Config_B_OneHot,8,7,0.6696495726495727,"{'n_estimators': 450, 'max_depth': 5, 'min_samples_split': 8, 'min_samples_leaf': 1, 'max_features': 'log2', 'class_weight': 'balanced', 'random_state': 42, 'n_jobs': -1}"
RCA,RandomForest,Config_B_OneHot,8,8,0.6680897435897436,"{'n_estimators': 200, 'max_depth': 5, 'min_samples_split': 8, 'min_samples_leaf': 3, 'max_features': 'log2', 'class_weight': 'balanced', 'random_state': 42, 'n_jobs': -1}"
RCA,RandomForest,Config_B_OneHot,8,9,0.6820213675213674,"{'n_estimators': 250, 'max_depth': 3, 'min_samples_split': 8, 'min_samples_leaf': 4, 'max_features': 'sqrt', 'class_weight': None, 'random_state': 42, 'n_jobs': -1}"
RCA,RandomForest,Config_B_OneHot,9,0,0.7086239316239317,"{'n_estimators': 300, 'max_depth': 5, 'min_samples_split': 8, 'min_samples_leaf': 2, 'max_features': 'sqrt', 'class_weight': 'balanced', 'random_state': 42, 'n_jobs': -1}"
RCA,RandomForest,Config_B_OneHot,9,1,0.720397435897436,"{'n_estimators': 250, 'max_depth': 3, 'min_samples_split': 4, 'min_samples_leaf': 4, 'max_features': 'sqrt', 'class_weight': 'balanced', 'random_state': 42, 'n_jobs': -1}"
RCA,RandomForest,Config_B_OneHot,9,2,0.7185384615384615,"{'n_estimators': 450, 'max_depth': 3, 'min_samples_split': 2, 'min_samples_leaf': 1, 'max_features': 'log2', 'class_weight': 'balanced', 'random_state': 42, 'n_jobs': -1}"
RCA,RandomForest,Config_B_OneHot,9,3,0.7088589743589745,"{'n_estimators': 300, 'max_depth': None, 'min_samples_split': 6, 'min_samples_leaf': 1, 'max_features': 'log2', 'class_weight': None, 'random_state': 42, 'n_jobs': -1}"
RCA,RandomForest,Config_B_OneHot,9,4,0.7119145299145299,"{'n_estimators': 450, 'max_depth': 7, 'min_samples_split': 4, 'min_samples_leaf': 2, 'max_features': 'sqrt', 'class_weight': 'balanced', 'random_state': 42, 'n_jobs': -1}"
RCA,RandomForest,Config_B_OneHot,9,5,0.7205982905982906,"{'n_estimators': 200, 'max_depth': 3, 'min_samples_split': 2, 'min_samples_leaf': 1, 'max_features': 'log2', 'class_weight': None, 'random_state': 42, 'n_jobs': -1}"
RCA,RandomForest,Config_B_OneHot,9,6,0.7129230769230771,"{'n_estimators': 300, 'max_depth': None, 'min_samples_split': 8, 'min_samples_leaf': 1, 'max_features': 'log2', 'class_weight': None, 'random_state': 42, 'n_jobs': -1}"
RCA,RandomForest,Config_B_OneHot,9,7,0.7078119658119659,"{'n_estimators': 250, 'max_depth': 7, 'min_samples_split': 4, 'min_samples_leaf': 1, 'max_features': 'sqrt', 'class_weight': 'balanced', 'random_state': 42, 'n_jobs': -1}"
RCA,RandomForest,Config_B_OneHot,9,8,0.7063931623931624,"{'n_estimators': 250, 'max_depth': None, 'min_samples_split': 6, 'min_samples_leaf': 2, 'max_features': 'sqrt', 'class_weight': 'balanced', 'random_state': 42, 'n_jobs': -1}"
RCA,RandomForest,Config_B_OneHot,9,9,0.7113247863247864,"{'n_estimators': 200, 'max_depth': 7, 'min_samples_split': 2, 'min_samples_leaf': 3, 'max_features': 'sqrt', 'class_weight': 'balanced', 'random_state': 42, 'n_jobs': -1}"
RCA,RandomForest,Config_B_OneHot,10,0,0.719492110453649,"{'n_estimators': 350, 'max_depth': 5, 'min_samples_split': 8, 'min_samples_leaf': 1, 'max_features': 'log2', 'class_weight': None, 'random_state': 42, 'n_jobs': -1}"
RCA,RandomForest,Config_B_OneHot,10,1,0.7308902038132808,"{'n_estimators': 200, 'max_depth': None, 'min_samples_split': 4, 'min_samples_leaf': 2, 'max_features': 'sqrt', 'class_weight': None, 'random_state': 42, 'n_jobs': -1}"
RCA,RandomForest,Config_B_OneHot,10,2,0.7163445101906639,"{'n_estimators': 300, 'max_depth': 7, 'min_samples_split': 8, 'min_samples_leaf': 2, 'max_features': 'log2', 'class_weight': 'balanced', 'random_state': 42, 'n_jobs': -1}"
RCA,RandomForest,Config_B_OneHot,10,3,0.7137603550295859,"{'n_estimators': 350, 'max_depth': 3, 'min_samples_split': 3, 'min_samples_leaf': 4, 'max_features': 'log2', 'class_weight': None, 'random_state': 42, 'n_jobs': -1}"
RCA,RandomForest,Config_B_OneHot,10,4,0.7136160420775806,"{'n_estimators': 200, 'max_depth': None, 'min_samples_split': 3, 'min_samples_leaf': 1, 'max_features': 'log2', 'class_weight': None, 'random_state': 42, 'n_jobs': -1}"
RCA,RandomForest,Config_B_OneHot,10,5,0.7241965811965813,"{'n_estimators': 250, 'max_depth': 7, 'min_samples_split': 3, 'min_samples_leaf': 2, 'max_features': 'log2', 'class_weight': None, 'random_state': 42, 'n_jobs': -1}"
RCA,RandomForest,Config_B_OneHot,10,6,0.7328918474687706,"{'n_estimators': 200, 'max_depth': 7, 'min_samples_split': 6, 'min_samples_leaf': 3, 'max_features': 'sqrt', 'class_weight': None, 'random_state': 42, 'n_jobs': -1}"
RCA,RandomForest,Config_B_OneHot,10,7,0.7211712689020381,"{'n_estimators': 300, 'max_depth': 5, 'min_samples_split': 3, 'min_samples_leaf': 4, 'max_features': 'log2', 'class_weight': 'balanced', 'random_state': 42, 'n_jobs': -1}"
RCA,RandomForest,Config_B_OneHot,10,8,0.7215493096646943,"{'n_estimators': 300, 'max_depth': 5, 'min_samples_split': 4, 'min_samples_leaf': 3, 'max_features': 'log2', 'class_weight': 'balanced', 'random_state': 42, 'n_jobs': -1}"
RCA,RandomForest,Config_B_OneHot,10,9,0.7174766600920447,"{'n_estimators': 450, 'max_depth': 5, 'min_samples_split': 8, 'min_samples_leaf': 1, 'max_features': 'log2', 'class_weight': 'balanced', 'random_state': 42, 'n_jobs': -1}"
RCA,RandomForest,Config_B_OneHot,11,0,0.6745854700854702,"{'n_estimators': 400, 'max_depth': 5, 'min_samples_split': 6, 'min_samples_leaf': 1, 'max_features': 'log2', 'class_weight': 'balanced', 'random_state': 42, 'n_jobs': -1}"
RCA,RandomForest,Config_B_OneHot,11,1,0.6777905982905983,"{'n_estimators': 400, 'max_depth': 5, 'min_samples_split': 8, 'min_samples_leaf': 3, 'max_features': 'log2', 'class_weight': None, 'random_state': 42, 'n_jobs': -1}"
RCA,RandomForest,Config_B_OneHot,11,2,0.6752777777777778,"{'n_estimators': 250, 'max_depth': 3, 'min_samples_split': 7, 'min_samples_leaf': 4, 'max_features': 'log2', 'class_weight': None, 'random_state': 42, 'n_jobs': -1}"
RCA,RandomForest,Config_B_OneHot,11,3,0.6688846153846154,"{'n_estimators': 400, 'max_depth': 3, 'min_samples_split': 8, 'min_samples_leaf': 1, 'max_features': 'sqrt', 'class_weight': 'balanced', 'random_state': 42, 'n_jobs': -1}"
RCA,RandomForest,Config_B_OneHot,11,4,0.6607777777777778,"{'n_estimators': 250, 'max_depth': None, 'min_samples_split': 6, 'min_samples_leaf': 3, 'max_features': 'sqrt', 'class_weight': None, 'random_state': 42, 'n_jobs': -1}"
RCA,RandomForest,Config_B_OneHot,11,5,0.6679487179487179,"{'n_estimators': 300, 'max_depth': None, 'min_samples_split': 5, 'min_samples_leaf': 4, 'max_features': 'log2', 'class_weight': None, 'random_state': 42, 'n_jobs': -1}"
RCA,RandomForest,Config_B_OneHot,11,6,0.6688504273504273,"{'n_estimators': 350, 'max_depth': 7, 'min_samples_split': 4, 'min_samples_leaf': 4, 'max_features': 'log2', 'class_weight': 'balanced', 'random_state': 42, 'n_jobs': -1}"
RCA,RandomForest,Config_B_OneHot,11,7,0.671034188034188,"{'n_estimators': 450, 'max_depth': 7, 'min_samples_split': 8, 'min_samples_leaf': 2, 'max_features': 'log2', 'class_weight': None, 'random_state': 42, 'n_jobs': -1}"
RCA,RandomForest,Config_B_OneHot,11,8,0.6663461538461538,"{'n_estimators': 250, 'max_depth': 7, 'min_samples_split': 8, 'min_samples_leaf': 4, 'max_features': 'log2', 'class_weight': 'balanced', 'random_state': 42, 'n_jobs': -1}"
RCA,RandomForest,Config_B_OneHot,11,9,0.6713504273504274,"{'n_estimators': 450, 'max_depth': 3, 'min_samples_split': 2, 'min_samples_leaf': 1, 'max_features': 'log2', 'class_weight': 'balanced', 'random_state': 42, 'n_jobs': -1}"
RCA,RandomForest,Config_B_OneHot,12,0,0.7101709401709403,"{'n_estimators': 400, 'max_depth': 7, 'min_samples_split': 5, 'min_samples_leaf': 4, 'max_features': 'log2', 'class_weight': None, 'random_state': 42, 'n_jobs': -1}"
RCA,RandomForest,Config_B_OneHot,12,1,0.7058119658119658,"{'n_estimators': 200, 'max_depth': 7, 'min_samples_split': 8, 'min_samples_leaf': 1, 'max_features': 'log2', 'class_weight': None, 'random_state': 42, 'n_jobs': -1}"
RCA,RandomForest,Config_B_OneHot,12,2,0.7089273504273504,"{'n_estimators': 300, 'max_depth': None, 'min_samples_split': 8, 'min_samples_leaf': 4, 'max_features': 'log2', 'class_weight': None, 'random_state': 42, 'n_jobs': -1}"
RCA,RandomForest,Config_B_OneHot,12,3,0.7177264957264957,"{'n_estimators': 450, 'max_depth': None, 'min_samples_split': 8, 'min_samples_leaf': 4, 'max_features': 'log2', 'class_weight': 'balanced', 'random_state': 42, 'n_jobs': -1}"
RCA,RandomForest,Config_B_OneHot,12,4,0.7246025641025641,"{'n_estimators': 200, 'max_depth': 7, 'min_samples_split': 4, 'min_samples_leaf': 2, 'max_features': 'log2', 'class_weight': 'balanced', 'random_state': 42, 'n_jobs': -1}"
RCA,RandomForest,Config_B_OneHot,12,5,0.7039444444444444,"{'n_estimators': 350, 'max_depth': 5, 'min_samples_split': 8, 'min_samples_leaf': 1, 'max_features': 'sqrt', 'class_weight': None, 'random_state': 42, 'n_jobs': -1}"
RCA,RandomForest,Config_B_OneHot,12,6,0.7083675213675215,"{'n_estimators': 350, 'max_depth': 7, 'min_samples_split': 7, 'min_samples_leaf': 3, 'max_features': 'log2', 'class_weight': None, 'random_state': 42, 'n_jobs': -1}"
RCA,RandomForest,Config_B_OneHot,12,7,0.7145256410256411,"{'n_estimators': 350, 'max_depth': 7, 'min_samples_split': 3, 'min_samples_leaf': 3, 'max_features': 'sqrt', 'class_weight': 'balanced', 'random_state': 42, 'n_jobs': -1}"
RCA,RandomForest,Config_B_OneHot,12,8,0.7154230769230768,"{'n_estimators': 450, 'max_depth': None, 'min_samples_split': 6, 'min_samples_leaf': 4, 'max_features': 'sqrt', 'class_weight': None, 'random_state': 42, 'n_jobs': -1}"
RCA,RandomForest,Config_B_OneHot,12,9,0.70858547008547,"{'n_estimators': 250, 'max_depth': 3, 'min_samples_split': 5, 'min_samples_leaf': 2, 'max_features': 'log2', 'class_weight': None, 'random_state': 42, 'n_jobs': -1}"
RCA,RandomForest,Config_B_OneHot,13,0,0.6970641025641026,"{'n_estimators': 250, 'max_depth': 5, 'min_samples_split': 8, 'min_samples_leaf': 4, 'max_features': 'sqrt', 'class_weight': 'balanced', 'random_state': 42, 'n_jobs': -1}"
RCA,RandomForest,Config_B_OneHot,13,1,0.7097393162393163,"{'n_estimators': 250, 'max_depth': 7, 'min_samples_split': 4, 'min_samples_leaf': 2, 'max_features': 'log2', 'class_weight': None, 'random_state': 42, 'n_jobs': -1}"
RCA,RandomForest,Config_B_OneHot,13,2,0.7001709401709402,"{'n_estimators': 200, 'max_depth': 3, 'min_samples_split': 3, 'min_samples_leaf': 4, 'max_features': 'sqrt', 'class_weight': None, 'random_state': 42, 'n_jobs': -1}"
RCA,RandomForest,Config_B_OneHot,13,3,0.7102863247863248,"{'n_estimators': 350, 'max_depth': None, 'min_samples_split': 3, 'min_samples_leaf': 2, 'max_features': 'sqrt', 'class_weight': None, 'random_state': 42, 'n_jobs': -1}"
RCA,RandomForest,Config_B_OneHot,13,4,0.6994871794871796,"{'n_estimators': 450, 'max_depth': 7, 'min_samples_split': 2, 'min_samples_leaf': 4, 'max_features': 'log2', 'class_weight': 'balanced', 'random_state': 42, 'n_jobs': -1}"
RCA,RandomForest,Config_B_OneHot,13,5,0.7006410256410257,"{'n_estimators': 350, 'max_depth': 5, 'min_samples_split': 6, 'min_samples_leaf': 4, 'max_features': 'sqrt', 'class_weight': 'balanced', 'random_state': 42, 'n_jobs': -1}"
RCA,RandomForest,Config_B_OneHot,13,6,0.7004871794871793,"{'n_estimators': 400, 'max_depth': 5, 'min_samples_split': 7, 'min_samples_leaf': 2, 'max_features': 'log2', 'class_weight': 'balanced', 'random_state': 42, 'n_jobs': -1}"
RCA,RandomForest,Config_B_OneHot,13,7,0.7111367521367521,"{'n_estimators': 250, 'max_depth': None, 'min_samples_split': 5, 'min_samples_leaf': 2, 'max_features': 'sqrt', 'class_weight': None, 'random_state': 42, 'n_jobs': -1}"
RCA,RandomForest,Config_B_OneHot,13,8,0.7003076923076924,"{'n_estimators': 200, 'max_depth': 5, 'min_samples_split': 4, 'min_samples_leaf': 4, 'max_features': 'sqrt', 'class_weight': None, 'random_state': 42, 'n_jobs': -1}"
RCA,RandomForest,Config_B_OneHot,13,9,0.7087564102564103,"{'n_estimators': 150, 'max_depth': 3, 'min_samples_split': 6, 'min_samples_leaf': 3, 'max_features': 'log2', 'class_weight': None, 'random_state': 42, 'n_jobs': -1}"
RCA,RandomForest,Config_B_OneHot,14,0,0.7336239316239318,"{'n_estimators': 150, 'max_depth': None, 'min_samples_split': 3, 'min_samples_leaf': 4, 'max_features': 'log2', 'class_weight': None, 'random_state': 42, 'n_jobs': -1}"
RCA,RandomForest,Config_B_OneHot,14,1,0.7333760683760683,"{'n_estimators': 400, 'max_depth': 7, 'min_samples_split': 8, 'min_samples_leaf': 2, 'max_features': 'log2', 'class_weight': 'balanced', 'random_state': 42, 'n_jobs': -1}"
RCA,RandomForest,Config_B_OneHot,14,2,0.7336239316239318,"{'n_estimators': 150, 'max_depth': None, 'min_samples_split': 4, 'min_samples_leaf': 4, 'max_features': 'log2', 'class_weight': None, 'random_state': 42, 'n_jobs': -1}"
RCA,RandomForest,Config_B_OneHot,14,3,0.7284957264957265,"{'n_estimators': 150, 'max_depth': 5, 'min_samples_split': 3, 'min_samples_leaf': 4, 'max_features': 'sqrt', 'class_weight': None, 'random_state': 42, 'n_jobs': -1}"
RCA,RandomForest,Config_B_OneHot,14,4,0.7350555555555555,"{'n_estimators': 150, 'max_depth': 3, 'min_samples_split': 7, 'min_samples_leaf': 3, 'max_features': 'log2', 'class_weight': None, 'random_state': 42, 'n_jobs': -1}"
RCA,RandomForest,Config_B_OneHot,14,5,0.7476068376068375,"{'n_estimators': 200, 'max_depth': 3, 'min_samples_split': 7, 'min_samples_leaf': 3, 'max_features': 'sqrt', 'class_weight': 'balanced', 'random_state': 42, 'n_jobs': -1}"
RCA,RandomForest,Config_B_OneHot,14,6,0.7437606837606837,"{'n_estimators': 150, 'max_depth': 3, 'min_samples_split': 3, 'min_samples_leaf': 3, 'max_features': 'sqrt', 'class_weight': 'balanced', 'random_state': 42, 'n_jobs': -1}"
RCA,RandomForest,Config_B_OneHot,14,7,0.7325576923076923,"{'n_estimators': 150, 'max_depth': None, 'min_samples_split': 2, 'min_samples_leaf': 1, 'max_features': 'log2', 'class_weight': 'balanced', 'random_state': 42, 'n_jobs': -1}"
RCA,RandomForest,Config_B_OneHot,14,8,0.7332222222222221,"{'n_estimators': 400, 'max_depth': 5, 'min_samples_split': 6, 'min_samples_leaf': 2, 'max_features': 'sqrt', 'class_weight': None, 'random_state': 42, 'n_jobs': -1}"
RCA,RandomForest,Config_B_OneHot,14,9,0.7280427350427351,"{'n_estimators': 200, 'max_depth': 7, 'min_samples_split': 2, 'min_samples_leaf': 4, 'max_features': 'log2', 'class_weight': None, 'random_state': 42, 'n_jobs': -1}"
RCA,RandomForest,Config_B_OneHot,15,0,0.7076821170282708,"{'n_estimators': 450, 'max_depth': 3, 'min_samples_split': 7, 'min_samples_leaf': 1, 'max_features': 'log2', 'class_weight': None, 'random_state': 42, 'n_jobs': -1}"
RCA,RandomForest,Config_B_OneHot,15,1,0.6875624589086128,"{'n_estimators': 150, 'max_depth': None, 'min_samples_split': 7, 'min_samples_leaf': 2, 'max_features': 'log2', 'class_weight': None, 'random_state': 42, 'n_jobs': -1}"
RCA,RandomForest,Config_B_OneHot,15,2,0.7068369493754109,"{'n_estimators': 150, 'max_depth': 7, 'min_samples_split': 7, 'min_samples_leaf': 4, 'max_features': 'sqrt', 'class_weight': None, 'random_state': 42, 'n_jobs': -1}"
RCA,RandomForest,Config_B_OneHot,15,3,0.7097774490466798,"{'n_estimators': 250, 'max_depth': None, 'min_samples_split': 2, 'min_samples_leaf': 3, 'max_features': 'sqrt', 'class_weight': None, 'random_state': 42, 'n_jobs': -1}"
RCA,RandomForest,Config_B_OneHot,15,4,0.711119658119658,"{'n_estimators': 400, 'max_depth': 3, 'min_samples_split': 3, 'min_samples_leaf': 4, 'max_features': 'log2', 'class_weight': 'balanced', 'random_state': 42, 'n_jobs': -1}"
RCA,RandomForest,Config_B_OneHot,15,5,0.7061436554898095,"{'n_estimators': 200, 'max_depth': 5, 'min_samples_split': 7, 'min_samples_leaf': 3, 'max_features': 'log2', 'class_weight': None, 'random_state': 42, 'n_jobs': -1}"
RCA,RandomForest,Config_B_OneHot,15,6,0.7060867850098619,"{'n_estimators': 450, 'max_depth': 5, 'min_samples_split': 2, 'min_samples_leaf': 2, 'max_features': 'sqrt', 'class_weight': 'balanced', 'random_state': 42, 'n_jobs': -1}"
RCA,RandomForest,Config_B_OneHot,15,7,0.7076515450361605,"{'n_estimators': 250, 'max_depth': 3, 'min_samples_split': 8, 'min_samples_leaf': 4, 'max_features': 'log2', 'class_weight': None, 'random_state': 42, 'n_jobs': -1}"
RCA,RandomForest,Config_B_OneHot,15,8,0.7066673241288625,"{'n_estimators': 250, 'max_depth': 3, 'min_samples_split': 6, 'min_samples_leaf': 4, 'max_features': 'sqrt', 'class_weight': None, 'random_state': 42, 'n_jobs': -1}"
RCA,RandomForest,Config_B_OneHot,15,9,0.7167186061801446,"{'n_estimators': 150, 'max_depth': 3, 'min_samples_split': 2, 'min_samples_leaf': 4, 'max_features': 'sqrt', 'class_weight': 'balanced', 'random_state': 42, 'n_jobs': -1}"
