target,preprocessing,model,evaluation_idx,repeat,fold,accuracy,precision,recall,f1,roc_auc,pr_auc
Cath,Config_A_Ordinal,LogisticRegression,1,1,1,0.8367346938775511,0.8857142857142857,0.8857142857142857,0.8857142857142857,0.9142857142857143,0.9639618539363521
Cath,Config_A_Ordinal,LogisticRegression,2,1,2,0.8163265306122449,0.8421052631578947,0.9142857142857143,0.8767123287671232,0.9510204081632653,0.9834522620236906
Cath,Config_A_Ordinal,LogisticRegression,3,1,3,0.9166666666666666,0.8974358974358975,1.0,0.9459459459459459,0.9692307692307691,0.9884288865826101
Cath,Config_A_Ordinal,LogisticRegression,4,1,4,0.8541666666666666,0.9354838709677419,0.8529411764705882,0.8923076923076924,0.8991596638655462,0.9618166706031164
Cath,Config_A_Ordinal,LogisticRegression,5,1,5,0.7916666666666666,0.8529411764705882,0.8529411764705882,0.8529411764705882,0.8949579831932774,0.9579440987419159
Cath,Config_A_Ordinal,LogisticRegression,6,2,1,0.9183673469387755,0.918918918918919,0.9714285714285714,0.9444444444444444,0.9775510204081632,0.9922567476603045
Cath,Config_A_Ordinal,LogisticRegression,7,2,2,0.8775510204081632,0.9142857142857143,0.9142857142857143,0.9142857142857143,0.9306122448979592,0.9725830436615838
Cath,Config_A_Ordinal,LogisticRegression,8,2,3,0.875,0.9142857142857143,0.9142857142857143,0.9142857142857143,0.9428571428571428,0.9802079898754775
Cath,Config_A_Ordinal,LogisticRegression,9,2,4,0.7916666666666666,0.8333333333333334,0.8823529411764706,0.8571428571428571,0.9096638655462185,0.967814038225871
Cath,Config_A_Ordinal,LogisticRegression,10,2,5,0.8125,0.8787878787878788,0.8529411764705882,0.8656716417910447,0.8466386554621849,0.9229449192584451
Cath,Config_A_Ordinal,LogisticRegression,11,3,1,0.8367346938775511,0.9090909090909091,0.8571428571428571,0.8823529411764706,0.936734693877551,0.9780343669500556
Cath,Config_A_Ordinal,LogisticRegression,12,3,2,0.8367346938775511,0.8648648648648649,0.9142857142857143,0.8888888888888888,0.9530612244897959,0.9832149398220826
Cath,Config_A_Ordinal,LogisticRegression,13,3,3,0.8958333333333334,0.8947368421052632,0.9714285714285714,0.9315068493150684,0.9010989010989011,0.9575376571062467
Cath,Config_A_Ordinal,LogisticRegression,14,3,4,0.8125,0.9032258064516129,0.8235294117647058,0.8615384615384616,0.9201680672268907,0.9695797275490261
Cath,Config_A_Ordinal,LogisticRegression,15,3,5,0.8541666666666666,0.8648648648648649,0.9411764705882353,0.9014084507042254,0.9453781512605042,0.9783105067800241
Cath,Config_A_Ordinal,LogisticRegression,16,4,1,0.8367346938775511,0.8857142857142857,0.8857142857142857,0.8857142857142857,0.9163265306122449,0.9693204751266827
Cath,Config_A_Ordinal,LogisticRegression,17,4,2,0.8775510204081632,0.8918918918918919,0.9428571428571428,0.9166666666666666,0.9408163265306122,0.9802169888313182
Cath,Config_A_Ordinal,LogisticRegression,18,4,3,0.8125,0.8823529411764706,0.8571428571428571,0.8695652173913043,0.8769230769230768,0.9568828987827279
Cath,Config_A_Ordinal,LogisticRegression,19,4,4,0.8958333333333334,0.9142857142857143,0.9411764705882353,0.927536231884058,0.911764705882353,0.9505326663206091
Cath,Config_A_Ordinal,LogisticRegression,20,4,5,0.8125,0.8571428571428571,0.8823529411764706,0.8695652173913043,0.9201680672268907,0.9697535596516922
Cath,Config_A_Ordinal,LogisticRegression,21,5,1,0.8775510204081632,0.9393939393939394,0.8857142857142857,0.9117647058823529,0.9183673469387755,0.9662551645244432
Cath,Config_A_Ordinal,LogisticRegression,22,5,2,0.8979591836734694,0.8947368421052632,0.9714285714285714,0.9315068493150684,0.936734693877551,0.9781730222154814
Cath,Config_A_Ordinal,LogisticRegression,23,5,3,0.8541666666666666,0.8888888888888888,0.9142857142857143,0.9014084507042254,0.9164835164835164,0.9657932645470639
Cath,Config_A_Ordinal,LogisticRegression,24,5,4,0.8125,0.9310344827586207,0.7941176470588235,0.8571428571428571,0.9054621848739496,0.9635767421200991
Cath,Config_A_Ordinal,LogisticRegression,25,5,5,0.875,0.8888888888888888,0.9411764705882353,0.9142857142857143,0.9516806722689075,0.9820158790208263
Cath,Config_A_Ordinal,LinearSVM,1,1,1,0.8571428571428571,0.9117647058823529,0.8857142857142857,0.8985507246376812,0.8938775510204081,0.9599014611782551
Cath,Config_A_Ordinal,LinearSVM,2,1,2,0.8163265306122449,0.825,0.9428571428571428,0.88,0.9428571428571428,0.979344964352799
Cath,Config_A_Ordinal,LinearSVM,3,1,3,0.9166666666666666,0.8974358974358975,1.0,0.9459459459459459,0.9670329670329669,0.987341906335966
Cath,Config_A_Ordinal,LinearSVM,4,1,4,0.8541666666666666,0.9090909090909091,0.8823529411764706,0.8955223880597015,0.8970588235294117,0.9582006875483307
Cath,Config_A_Ordinal,LinearSVM,5,1,5,0.7916666666666666,0.8529411764705882,0.8529411764705882,0.8529411764705882,0.8970588235294118,0.9590397620339904
Cath,Config_A_Ordinal,LinearSVM,6,2,1,0.8775510204081632,0.8918918918918919,0.9428571428571428,0.9166666666666666,0.9306122448979591,0.9723170544666927
Cath,Config_A_Ordinal,LinearSVM,7,2,2,0.8571428571428571,0.868421052631579,0.9428571428571428,0.9041095890410958,0.9020408163265307,0.9603086703732618
Cath,Config_A_Ordinal,LinearSVM,8,2,3,0.875,0.9142857142857143,0.9142857142857143,0.9142857142857143,0.9384615384615385,0.9790694251153155
Cath,Config_A_Ordinal,LinearSVM,9,2,4,0.7291666666666666,0.7692307692307693,0.8823529411764706,0.821917808219178,0.8949579831932772,0.9624590436053154
Cath,Config_A_Ordinal,LinearSVM,10,2,5,0.7916666666666666,0.8529411764705882,0.8529411764705882,0.8529411764705882,0.8718487394957983,0.9393263762111678
Cath,Config_A_Ordinal,LinearSVM,11,3,1,0.8571428571428571,0.9666666666666667,0.8285714285714286,0.8923076923076924,0.9244897959183674,0.9740800038470847
Cath,Config_A_Ordinal,LinearSVM,12,3,2,0.8571428571428571,0.868421052631579,0.9428571428571428,0.9041095890410958,0.9387755102040817,0.9774921681188017
Cath,Config_A_Ordinal,LinearSVM,13,3,3,0.875,0.8918918918918919,0.9428571428571428,0.9166666666666666,0.8813186813186813,0.9523946335546383
Cath,Config_A_Ordinal,LinearSVM,14,3,4,0.8125,0.9032258064516129,0.8235294117647058,0.8615384615384616,0.9096638655462185,0.9647482626697872
Cath,Config_A_Ordinal,LinearSVM,15,3,5,0.8125,0.8378378378378378,0.9117647058823529,0.8732394366197183,0.9285714285714285,0.9737279213410235
Cath,Config_A_Ordinal,LinearSVM,16,4,1,0.7755102040816326,0.8157894736842105,0.8857142857142857,0.8493150684931506,0.8795918367346939,0.9555931612253968
Cath,Config_A_Ordinal,LinearSVM,17,4,2,0.7551020408163265,0.7804878048780488,0.9142857142857143,0.8421052631578947,0.9183673469387755,0.9734010019266639
Cath,Config_A_Ordinal,LinearSVM,18,4,3,0.7708333333333334,0.875,0.8,0.835820895522388,0.8703296703296703,0.9555322679787416
Cath,Config_A_Ordinal,LinearSVM,19,4,4,0.875,0.8888888888888888,0.9411764705882353,0.9142857142857143,0.8718487394957983,0.9236624598328663
Cath,Config_A_Ordinal,LinearSVM,20,4,5,0.8125,0.8048780487804879,0.9705882352941176,0.88,0.8928571428571428,0.9594481790364902
Cath,Config_A_Ordinal,LinearSVM,21,5,1,0.8775510204081632,0.9393939393939394,0.8857142857142857,0.9117647058823529,0.9204081632653062,0.9699831467709353
Cath,Config_A_Ordinal,LinearSVM,22,5,2,0.8163265306122449,0.825,0.9428571428571428,0.88,0.9040816326530612,0.9634317573519863
Cath,Config_A_Ordinal,LinearSVM,23,5,3,0.8541666666666666,0.8888888888888888,0.9142857142857143,0.9014084507042254,0.9120879120879121,0.965584976010602
Cath,Config_A_Ordinal,LinearSVM,24,5,4,0.8333333333333334,0.9333333333333333,0.8235294117647058,0.875,0.8844537815126051,0.9579969412222734
Cath,Config_A_Ordinal,LinearSVM,25,5,5,0.8333333333333334,0.8421052631578947,0.9411764705882353,0.8888888888888888,0.9411764705882353,0.9775015121481797
Cath,Config_A_Ordinal,RBF_SVM,1,1,1,0.8163265306122449,0.8611111111111112,0.8857142857142857,0.8732394366197183,0.879591836734694,0.9519868542598128
Cath,Config_A_Ordinal,RBF_SVM,2,1,2,0.8775510204081632,0.8717948717948718,0.9714285714285714,0.918918918918919,0.9693877551020408,0.990010763412298
Cath,Config_A_Ordinal,RBF_SVM,3,1,3,0.9375,0.9210526315789473,1.0,0.958904109589041,0.9054945054945054,0.9561645087406613
Cath,Config_A_Ordinal,RBF_SVM,4,1,4,0.8125,0.8571428571428571,0.8823529411764706,0.8695652173913043,0.8550420168067226,0.9401279323716532
Cath,Config_A_Ordinal,RBF_SVM,5,1,5,0.7708333333333334,0.8484848484848485,0.8235294117647058,0.835820895522388,0.8634453781512605,0.9450383878815161
Cath,Config_A_Ordinal,RBF_SVM,6,2,1,0.9183673469387755,0.918918918918919,0.9714285714285714,0.9444444444444444,0.9653061224489795,0.9874133012727404
Cath,Config_A_Ordinal,RBF_SVM,7,2,2,0.7959183673469388,0.8205128205128205,0.9142857142857143,0.8648648648648649,0.8836734693877552,0.9500932450578646
Cath,Config_A_Ordinal,RBF_SVM,8,2,3,0.8333333333333334,0.8648648648648649,0.9142857142857143,0.8888888888888888,0.9186813186813187,0.9723001702426475
Cath,Config_A_Ordinal,RBF_SVM,9,2,4,0.8333333333333334,0.8611111111111112,0.9117647058823529,0.8857142857142857,0.9138655462184873,0.9698993004287996
Cath,Config_A_Ordinal,RBF_SVM,10,2,5,0.7708333333333334,0.8709677419354839,0.7941176470588235,0.8307692307692308,0.7794117647058824,0.8977161798613762
Cath,Config_A_Ordinal,RBF_SVM,11,3,1,0.8367346938775511,0.9090909090909091,0.8571428571428571,0.8823529411764706,0.9061224489795918,0.9657031142743551
Cath,Config_A_Ordinal,RBF_SVM,12,3,2,0.8775510204081632,0.8918918918918919,0.9428571428571428,0.9166666666666666,0.963265306122449,0.9866206097823745
Cath,Config_A_Ordinal,RBF_SVM,13,3,3,0.8541666666666666,0.868421052631579,0.9428571428571428,0.9041095890410958,0.8527472527472527,0.9159412665795031
Cath,Config_A_Ordinal,RBF_SVM,14,3,4,0.8541666666666666,0.8857142857142857,0.9117647058823529,0.8985507246376812,0.9222689075630253,0.969000479503253
Cath,Config_A_Ordinal,RBF_SVM,15,3,5,0.8333333333333334,0.8421052631578947,0.9411764705882353,0.8888888888888888,0.9222689075630252,0.9651286064160365
Cath,Config_A_Ordinal,RBF_SVM,16,4,1,0.8367346938775511,0.8857142857142857,0.8857142857142857,0.8857142857142857,0.910204081632653,0.9688358630672296
Cath,Config_A_Ordinal,RBF_SVM,17,4,2,0.8775510204081632,0.8918918918918919,0.9428571428571428,0.9166666666666666,0.9224489795918366,0.9708484444716023
Cath,Config_A_Ordinal,RBF_SVM,18,4,3,0.8333333333333334,0.9090909090909091,0.8571428571428571,0.8823529411764706,0.8813186813186812,0.9607872991050443
Cath,Config_A_Ordinal,RBF_SVM,19,4,4,0.875,0.85,1.0,0.918918918918919,0.8928571428571428,0.9387809802999232
Cath,Config_A_Ordinal,RBF_SVM,20,4,5,0.8125,0.8378378378378378,0.9117647058823529,0.8732394366197183,0.8949579831932772,0.9563074486195449
Cath,Config_A_Ordinal,RBF_SVM,21,5,1,0.8571428571428571,0.8888888888888888,0.9142857142857143,0.9014084507042254,0.9571428571428571,0.9837784935496754
Cath,Config_A_Ordinal,RBF_SVM,22,5,2,0.8571428571428571,0.85,0.9714285714285714,0.9066666666666666,0.9061224489795918,0.9642674660903893
Cath,Config_A_Ordinal,RBF_SVM,23,5,3,0.8125,0.8611111111111112,0.8857142857142857,0.8732394366197183,0.8637362637362637,0.9361619289887239
Cath,Config_A_Ordinal,RBF_SVM,24,5,4,0.8125,0.9032258064516129,0.8235294117647058,0.8615384615384616,0.8739495798319327,0.9487284462495658
Cath,Config_A_Ordinal,RBF_SVM,25,5,5,0.8958333333333334,0.9142857142857143,0.9411764705882353,0.927536231884058,0.9390756302521007,0.9776753968425885
Cath,Config_A_Ordinal,RandomForest,1,1,1,0.8367346938775511,0.8648648648648649,0.9142857142857143,0.8888888888888888,0.8877551020408164,0.945927914727143
Cath,Config_A_Ordinal,RandomForest,2,1,2,0.9183673469387755,0.918918918918919,0.9714285714285714,0.9444444444444444,0.9765306122448979,0.9901539891414145
Cath,Config_A_Ordinal,RandomForest,3,1,3,0.9166666666666666,0.8974358974358975,1.0,0.9459459459459459,0.9494505494505494,0.9807952143453867
Cath,Config_A_Ordinal,RandomForest,4,1,4,0.875,0.868421052631579,0.9705882352941176,0.9166666666666666,0.9348739495798319,0.9731513311961554
Cath,Config_A_Ordinal,RandomForest,5,1,5,0.8125,0.8787878787878788,0.8529411764705882,0.8656716417910447,0.9065126050420168,0.9569943843224507
Cath,Config_A_Ordinal,RandomForest,6,2,1,0.8979591836734694,0.8947368421052632,0.9714285714285714,0.9315068493150684,0.979591836734694,0.9936507936507937
Cath,Config_A_Ordinal,RandomForest,7,2,2,0.9183673469387755,0.8974358974358975,1.0,0.9459459459459459,0.9469387755102041,0.974594446407378
Cath,Config_A_Ordinal,RandomForest,8,2,3,0.8541666666666666,0.85,0.9714285714285714,0.9066666666666666,0.9560439560439561,0.9851024612217992
Cath,Config_A_Ordinal,RandomForest,9,2,4,0.8333333333333334,0.8611111111111112,0.9117647058823529,0.8857142857142857,0.8728991596638656,0.9484966086086868
Cath,Config_A_Ordinal,RandomForest,10,2,5,0.7708333333333334,0.8484848484848485,0.8235294117647058,0.835820895522388,0.8130252100840337,0.8995960979365957
Cath,Config_A_Ordinal,RandomForest,11,3,1,0.8571428571428571,0.9117647058823529,0.8857142857142857,0.8985507246376812,0.910204081632653,0.9661708108329103
Cath,Config_A_Ordinal,RandomForest,12,3,2,0.9183673469387755,0.9428571428571428,0.9428571428571428,0.9428571428571428,0.9775510204081633,0.9925685425685427
Cath,Config_A_Ordinal,RandomForest,13,3,3,0.8541666666666666,0.85,0.9714285714285714,0.9066666666666666,0.8857142857142857,0.9468167751799592
Cath,Config_A_Ordinal,RandomForest,14,3,4,0.9166666666666666,0.8947368421052632,1.0,0.9444444444444444,0.9747899159663865,0.9900641517218093
Cath,Config_A_Ordinal,RandomForest,15,3,5,0.8958333333333334,0.8717948717948718,1.0,0.9315068493150684,0.9716386554621849,0.988266757752052
Cath,Config_A_Ordinal,RandomForest,16,4,1,0.8571428571428571,0.868421052631579,0.9428571428571428,0.9041095890410958,0.9479591836734693,0.979352633092939
Cath,Config_A_Ordinal,RandomForest,17,4,2,0.8775510204081632,0.8717948717948718,0.9714285714285714,0.918918918918919,0.9612244897959183,0.9859832696519468
Cath,Config_A_Ordinal,RandomForest,18,4,3,0.8541666666666666,0.9117647058823529,0.8857142857142857,0.8985507246376812,0.9131868131868132,0.9727392267629331
Cath,Config_A_Ordinal,RandomForest,19,4,4,0.8958333333333334,0.8717948717948718,1.0,0.9315068493150684,0.9138655462184874,0.9546947065386405
Cath,Config_A_Ordinal,RandomForest,20,4,5,0.875,0.9117647058823529,0.9117647058823529,0.9117647058823529,0.8970588235294118,0.959483736711811
Cath,Config_A_Ordinal,RandomForest,21,5,1,0.8367346938775511,0.8461538461538461,0.9428571428571428,0.8918918918918919,0.9510204081632654,0.9799832815421355
Cath,Config_A_Ordinal,RandomForest,22,5,2,0.8775510204081632,0.8918918918918919,0.9428571428571428,0.9166666666666666,0.9428571428571428,0.9781940236457456
Cath,Config_A_Ordinal,RandomForest,23,5,3,0.875,0.8918918918918919,0.9428571428571428,0.9166666666666666,0.9087912087912088,0.9553291884860806
Cath,Config_A_Ordinal,RandomForest,24,5,4,0.8958333333333334,0.9393939393939394,0.9117647058823529,0.9253731343283582,0.9401260504201681,0.9762553503375129
Cath,Config_A_Ordinal,RandomForest,25,5,5,0.8125,0.8205128205128205,0.9411764705882353,0.8767123287671232,0.9432773109243697,0.980909040234897
Cath,Config_B_OneHot,LogisticRegression,1,1,1,0.8367346938775511,0.8857142857142857,0.8857142857142857,0.8857142857142857,0.9061224489795918,0.9617033211974438
Cath,Config_B_OneHot,LogisticRegression,2,1,2,0.8367346938775511,0.8648648648648649,0.9142857142857143,0.8888888888888888,0.9469387755102041,0.9819550092764379
Cath,Config_B_OneHot,LogisticRegression,3,1,3,0.9375,0.9210526315789473,1.0,0.958904109589041,0.9472527472527472,0.9777167966137312
Cath,Config_B_OneHot,LogisticRegression,4,1,4,0.8333333333333334,0.9333333333333333,0.8235294117647058,0.875,0.8949579831932772,0.9582210444217678
Cath,Config_B_OneHot,LogisticRegression,5,1,5,0.7708333333333334,0.8484848484848485,0.8235294117647058,0.835820895522388,0.8781512605042017,0.9511598332416524
Cath,Config_B_OneHot,LogisticRegression,6,2,1,0.9183673469387755,0.918918918918919,0.9714285714285714,0.9444444444444444,0.9653061224489796,0.9884701471657994
Cath,Config_B_OneHot,LogisticRegression,7,2,2,0.8775510204081632,0.9142857142857143,0.9142857142857143,0.9142857142857143,0.9346938775510204,0.9732872024049102
Cath,Config_B_OneHot,LogisticRegression,8,2,3,0.875,0.9142857142857143,0.9142857142857143,0.9142857142857143,0.9362637362637363,0.9780225956786982
Cath,Config_B_OneHot,LogisticRegression,9,2,4,0.7916666666666666,0.8529411764705882,0.8529411764705882,0.8529411764705882,0.9117647058823529,0.9693998671760509
Cath,Config_B_OneHot,LogisticRegression,10,2,5,0.8125,0.8787878787878788,0.8529411764705882,0.8656716417910447,0.8130252100840336,0.9009733246142517
Cath,Config_B_OneHot,LogisticRegression,11,3,1,0.8367346938775511,0.9090909090909091,0.8571428571428571,0.8823529411764706,0.9346938775510204,0.9773981610506919
Cath,Config_B_OneHot,LogisticRegression,12,3,2,0.8367346938775511,0.8857142857142857,0.8857142857142857,0.8857142857142857,0.9469387755102041,0.9810968617945363
Cath,Config_B_OneHot,LogisticRegression,13,3,3,0.8958333333333334,0.8947368421052632,0.9714285714285714,0.9315068493150684,0.9076923076923076,0.9635182226287928
Cath,Config_B_OneHot,LogisticRegression,14,3,4,0.7916666666666666,0.9,0.7941176470588235,0.84375,0.9201680672268907,0.96990286333929
Cath,Config_B_OneHot,LogisticRegression,15,3,5,0.8541666666666666,0.8648648648648649,0.9411764705882353,0.9014084507042254,0.9432773109243697,0.9775201070227172
Cath,Config_B_OneHot,LogisticRegression,16,4,1,0.8163265306122449,0.8611111111111112,0.8857142857142857,0.8732394366197183,0.9142857142857143,0.9685183934869223
Cath,Config_B_OneHot,LogisticRegression,17,4,2,0.8979591836734694,0.9166666666666666,0.9428571428571428,0.9295774647887324,0.9408163265306121,0.9798435540223995
Cath,Config_B_OneHot,LogisticRegression,18,4,3,0.8125,0.8823529411764706,0.8571428571428571,0.8695652173913043,0.8637362637362637,0.9499227552495502
Cath,Config_B_OneHot,LogisticRegression,19,4,4,0.875,0.8888888888888888,0.9411764705882353,0.9142857142857143,0.911764705882353,0.952254976866449
Cath,Config_B_OneHot,LogisticRegression,20,4,5,0.8541666666666666,0.9090909090909091,0.8823529411764706,0.8955223880597015,0.9201680672268907,0.9685260494226339
Cath,Config_B_OneHot,LogisticRegression,21,5,1,0.8775510204081632,0.9393939393939394,0.8857142857142857,0.9117647058823529,0.9061224489795919,0.955752138752731
Cath,Config_B_OneHot,LogisticRegression,22,5,2,0.8775510204081632,0.8918918918918919,0.9428571428571428,0.9166666666666666,0.926530612244898,0.9746244876968386
Cath,Config_B_OneHot,LogisticRegression,23,5,3,0.875,0.9142857142857143,0.9142857142857143,0.9142857142857143,0.9208791208791208,0.9698298051739935
Cath,Config_B_OneHot,LogisticRegression,24,5,4,0.8125,0.9310344827586207,0.7941176470588235,0.8571428571428571,0.9033613445378151,0.9630716916150487
Cath,Config_B_OneHot,LogisticRegression,25,5,5,0.8958333333333334,0.9142857142857143,0.9411764705882353,0.927536231884058,0.9432773109243697,0.9795065743011557
Cath,Config_B_OneHot,LinearSVM,1,1,1,0.8571428571428571,0.9117647058823529,0.8857142857142857,0.8985507246376812,0.8979591836734694,0.9606994221262904
Cath,Config_B_OneHot,LinearSVM,2,1,2,0.7959183673469388,0.8048780487804879,0.9428571428571428,0.868421052631579,0.9306122448979592,0.9753913267760546
Cath,Config_B_OneHot,LinearSVM,3,1,3,0.8958333333333334,0.875,1.0,0.9333333333333333,0.945054945054945,0.9770911269910436
Cath,Config_B_OneHot,LinearSVM,4,1,4,0.8333333333333334,0.90625,0.8529411764705882,0.8787878787878788,0.8823529411764706,0.9492952157269454
Cath,Config_B_OneHot,LinearSVM,5,1,5,0.7916666666666666,0.875,0.8235294117647058,0.8484848484848485,0.8949579831932772,0.9566029371830402
Cath,Config_B_OneHot,LinearSVM,6,2,1,0.8775510204081632,0.8918918918918919,0.9428571428571428,0.9166666666666666,0.9244897959183673,0.9667562327580091
Cath,Config_B_OneHot,LinearSVM,7,2,2,0.8775510204081632,0.8918918918918919,0.9428571428571428,0.9166666666666666,0.8877551020408164,0.9547414567887191
Cath,Config_B_OneHot,LinearSVM,8,2,3,0.875,0.9142857142857143,0.9142857142857143,0.9142857142857143,0.9340659340659341,0.9770637952771734
Cath,Config_B_OneHot,LinearSVM,9,2,4,0.7708333333333334,0.8108108108108109,0.8823529411764706,0.8450704225352113,0.8928571428571428,0.9619305023790998
Cath,Config_B_OneHot,LinearSVM,10,2,5,0.8125,0.8787878787878788,0.8529411764705882,0.8656716417910447,0.8046218487394958,0.8997161978106635
Cath,Config_B_OneHot,LinearSVM,11,3,1,0.8775510204081632,0.967741935483871,0.8571428571428571,0.9090909090909091,0.926530612244898,0.9748194169372717
Cath,Config_B_OneHot,LinearSVM,12,3,2,0.8163265306122449,0.8611111111111112,0.8857142857142857,0.8732394366197183,0.9122448979591836,0.9659213688718363
Cath,Config_B_OneHot,LinearSVM,13,3,3,0.8541666666666666,0.8888888888888888,0.9142857142857143,0.9014084507042254,0.8813186813186813,0.9523235948458691
Cath,Config_B_OneHot,LinearSVM,14,3,4,0.8125,0.9032258064516129,0.8235294117647058,0.8615384615384616,0.9138655462184874,0.9672110983356358
Cath,Config_B_OneHot,LinearSVM,15,3,5,0.875,0.8888888888888888,0.9411764705882353,0.9142857142857143,0.930672268907563,0.9749874596518138
Cath,Config_B_OneHot,LinearSVM,16,4,1,0.7959183673469388,0.8378378378378378,0.8857142857142857,0.8611111111111112,0.8693877551020408,0.95171814651093
Cath,Config_B_OneHot,LinearSVM,17,4,2,0.7755102040816326,0.8,0.9142857142857143,0.8533333333333334,0.9244897959183672,0.9753922662932782
Cath,Config_B_OneHot,LinearSVM,18,4,3,0.7708333333333334,0.875,0.8,0.835820895522388,0.8549450549450549,0.9481604267549668
Cath,Config_B_OneHot,LinearSVM,19,4,4,0.8333333333333334,0.8823529411764706,0.8823529411764706,0.8823529411764706,0.8718487394957983,0.9282892332374568
Cath,Config_B_OneHot,LinearSVM,20,4,5,0.7916666666666666,0.8333333333333334,0.8823529411764706,0.8571428571428571,0.8781512605042017,0.9508358291110081
Cath,Config_B_OneHot,LinearSVM,21,5,1,0.8775510204081632,0.9393939393939394,0.8857142857142857,0.9117647058823529,0.8795918367346939,0.9346297819843382
Cath,Config_B_OneHot,LinearSVM,22,5,2,0.7959183673469388,0.8048780487804879,0.9428571428571428,0.868421052631579,0.9183673469387755,0.9691393603370868
Cath,Config_B_OneHot,LinearSVM,23,5,3,0.8541666666666666,0.8888888888888888,0.9142857142857143,0.9014084507042254,0.912087912087912,0.9651271565754896
Cath,Config_B_OneHot,LinearSVM,24,5,4,0.7916666666666666,0.9285714285714286,0.7647058823529411,0.8387096774193549,0.8802521008403362,0.9555633389543967
Cath,Config_B_OneHot,LinearSVM,25,5,5,0.8125,0.8205128205128205,0.9411764705882353,0.8767123287671232,0.9369747899159664,0.9747699850666341
Cath,Config_B_OneHot,RBF_SVM,1,1,1,0.7959183673469388,0.8571428571428571,0.8571428571428571,0.8571428571428571,0.883673469387755,0.9532733344936614
Cath,Config_B_OneHot,RBF_SVM,2,1,2,0.8775510204081632,0.8717948717948718,0.9714285714285714,0.918918918918919,0.9653061224489796,0.9887559117954255
Cath,Config_B_OneHot,RBF_SVM,3,1,3,0.9375,0.9210526315789473,1.0,0.958904109589041,0.912087912087912,0.9581892819673363
Cath,Config_B_OneHot,RBF_SVM,4,1,4,0.8125,0.8571428571428571,0.8823529411764706,0.8695652173913043,0.8571428571428571,0.9405006872364414
Cath,Config_B_OneHot,RBF_SVM,5,1,5,0.75,0.84375,0.7941176470588235,0.8181818181818182,0.8466386554621849,0.9381534463557952
Cath,Config_B_OneHot,RBF_SVM,6,2,1,0.9183673469387755,0.918918918918919,0.9714285714285714,0.9444444444444444,0.9673469387755101,0.9879670111287758
Cath,Config_B_OneHot,RBF_SVM,7,2,2,0.8367346938775511,0.8461538461538461,0.9428571428571428,0.8918918918918919,0.8857142857142858,0.9485883478630452
Cath,Config_B_OneHot,RBF_SVM,8,2,3,0.8333333333333334,0.8648648648648649,0.9142857142857143,0.8888888888888888,0.90989010989011,0.9699913030735106
Cath,Config_B_OneHot,RBF_SVM,9,2,4,0.8333333333333334,0.8611111111111112,0.9117647058823529,0.8857142857142857,0.9117647058823528,0.9691942711356571
Cath,Config_B_OneHot,RBF_SVM,10,2,5,0.7708333333333334,0.8709677419354839,0.7941176470588235,0.8307692307692308,0.7857142857142858,0.9022325773036223
Cath,Config_B_OneHot,RBF_SVM,11,3,1,0.8367346938775511,0.9090909090909091,0.8571428571428571,0.8823529411764706,0.8938775510204082,0.9612113669887387
Cath,Config_B_OneHot,RBF_SVM,12,3,2,0.8979591836734694,0.9166666666666666,0.9428571428571428,0.9295774647887324,0.9530612244897959,0.9828255741728227
Cath,Config_B_OneHot,RBF_SVM,13,3,3,0.8541666666666666,0.8888888888888888,0.9142857142857143,0.9014084507042254,0.8549450549450549,0.9263792098727625
Cath,Config_B_OneHot,RBF_SVM,14,3,4,0.8333333333333334,0.8611111111111112,0.9117647058823529,0.8857142857142857,0.9138655462184874,0.9665240913951104
Cath,Config_B_OneHot,RBF_SVM,15,3,5,0.8333333333333334,0.8421052631578947,0.9411764705882353,0.8888888888888888,0.9159663865546218,0.9637958967564535
Cath,Config_B_OneHot,RBF_SVM,16,4,1,0.8571428571428571,0.8888888888888888,0.9142857142857143,0.9014084507042254,0.9081632653061223,0.9677604002790592
Cath,Config_B_OneHot,RBF_SVM,17,4,2,0.8571428571428571,0.868421052631579,0.9428571428571428,0.9041095890410958,0.9265306122448979,0.9717820677447313
Cath,Config_B_OneHot,RBF_SVM,18,4,3,0.7916666666666666,0.8787878787878788,0.8285714285714286,0.8529411764705882,0.8747252747252747,0.95811552272531
Cath,Config_B_OneHot,RBF_SVM,19,4,4,0.8541666666666666,0.8292682926829268,1.0,0.9066666666666666,0.8823529411764706,0.9337684126726421
Cath,Config_B_OneHot,RBF_SVM,20,4,5,0.7916666666666666,0.8333333333333334,0.8823529411764706,0.8571428571428571,0.8865546218487395,0.9502369312289226
Cath,Config_B_OneHot,RBF_SVM,21,5,1,0.8571428571428571,0.8888888888888888,0.9142857142857143,0.9014084507042254,0.9530612244897959,0.9826440636007246
Cath,Config_B_OneHot,RBF_SVM,22,5,2,0.8367346938775511,0.8292682926829268,0.9714285714285714,0.8947368421052632,0.8877551020408163,0.9545979520248625
Cath,Config_B_OneHot,RBF_SVM,23,5,3,0.8333333333333334,0.8648648648648649,0.9142857142857143,0.8888888888888888,0.865934065934066,0.9394111807911066
Cath,Config_B_OneHot,RBF_SVM,24,5,4,0.8125,0.9032258064516129,0.8235294117647058,0.8615384615384616,0.8613445378151261,0.9447620085094629
Cath,Config_B_OneHot,RBF_SVM,25,5,5,0.875,0.8888888888888888,0.9411764705882353,0.9142857142857143,0.9390756302521008,0.977135477795791
Cath,Config_B_OneHot,RandomForest,1,1,1,0.8571428571428571,0.868421052631579,0.9428571428571428,0.9041095890410958,0.8938775510204082,0.9479573310007424
Cath,Config_B_OneHot,RandomForest,2,1,2,0.8979591836734694,0.8947368421052632,0.9714285714285714,0.9315068493150684,0.9704081632653062,0.9884098030949029
Cath,Config_B_OneHot,RandomForest,3,1,3,0.9375,0.9210526315789473,1.0,0.958904109589041,0.9494505494505495,0.9807952143453867
Cath,Config_B_OneHot,RandomForest,4,1,4,0.8125,0.8205128205128205,0.9411764705882353,0.8767123287671232,0.9222689075630252,0.9691525408590765
Cath,Config_B_OneHot,RandomForest,5,1,5,0.8333333333333334,0.8823529411764706,0.8823529411764706,0.8823529411764706,0.9159663865546218,0.9663166581343104
Cath,Config_B_OneHot,RandomForest,6,2,1,0.8775510204081632,0.8717948717948718,0.9714285714285714,0.918918918918919,0.9755102040816327,0.9919941309857278
Cath,Config_B_OneHot,RandomForest,7,2,2,0.8979591836734694,0.875,1.0,0.9333333333333333,0.9561224489795919,0.9801081944773931
Cath,Config_B_OneHot,RandomForest,8,2,3,0.875,0.8717948717948718,0.9714285714285714,0.918918918918919,0.9549450549450549,0.9830611510900461
Cath,Config_B_OneHot,RandomForest,9,2,4,0.8125,0.8378378378378378,0.9117647058823529,0.8732394366197183,0.8728991596638656,0.9458073510163466
Cath,Config_B_OneHot,RandomForest,10,2,5,0.7916666666666666,0.8529411764705882,0.8529411764705882,0.8529411764705882,0.8130252100840336,0.9034679935165154
Cath,Config_B_OneHot,RandomForest,11,3,1,0.8775510204081632,0.9142857142857143,0.9142857142857143,0.9142857142857143,0.9244897959183672,0.971554548055879
Cath,Config_B_OneHot,RandomForest,12,3,2,0.9183673469387755,0.918918918918919,0.9714285714285714,0.9444444444444444,0.9857142857142858,0.9950024888003983
Cath,Config_B_OneHot,RandomForest,13,3,3,0.875,0.8717948717948718,0.9714285714285714,0.918918918918919,0.8736263736263736,0.9361236503342784
Cath,Config_B_OneHot,RandomForest,14,3,4,0.8541666666666666,0.8648648648648649,0.9411764705882353,0.9014084507042254,0.9684873949579831,0.98797039924106
Cath,Config_B_OneHot,RandomForest,15,3,5,0.8333333333333334,0.825,0.9705882352941176,0.8918918918918919,0.9695378151260504,0.9877737580169532
Cath,Config_B_OneHot,RandomForest,16,4,1,0.8979591836734694,0.875,1.0,0.9333333333333333,0.9530612244897959,0.9817728664403541
Cath,Config_B_OneHot,RandomForest,17,4,2,0.8979591836734694,0.8947368421052632,0.9714285714285714,0.9315068493150684,0.9673469387755101,0.98875016673336
Cath,Config_B_OneHot,RandomForest,18,4,3,0.8333333333333334,0.8857142857142857,0.8857142857142857,0.8857142857142857,0.9021978021978022,0.9682652265785135
Cath,Config_B_OneHot,RandomForest,19,4,4,0.8958333333333334,0.8717948717948718,1.0,0.9315068493150684,0.9390756302521008,0.9690195788048367
Cath,Config_B_OneHot,RandomForest,20,4,5,0.8958333333333334,0.9393939393939394,0.9117647058823529,0.9253731343283582,0.9191176470588236,0.9672585248140045
Cath,Config_B_OneHot,RandomForest,21,5,1,0.8979591836734694,0.9166666666666666,0.9428571428571428,0.9295774647887324,0.95,0.9795752293717042
Cath,Config_B_OneHot,RandomForest,22,5,2,0.8367346938775511,0.8648648648648649,0.9142857142857143,0.8888888888888888,0.9265306122448981,0.9730496149832757
Cath,Config_B_OneHot,RandomForest,23,5,3,0.875,0.8918918918918919,0.9428571428571428,0.9166666666666666,0.9230769230769231,0.9558896311201002
Cath,Config_B_OneHot,RandomForest,24,5,4,0.9166666666666666,0.9411764705882353,0.9411764705882353,0.9411764705882353,0.9411764705882353,0.9776482915391808
Cath,Config_B_OneHot,RandomForest,25,5,5,0.8333333333333334,0.8421052631578947,0.9411764705882353,0.8888888888888888,0.944327731092437,0.9809839298168296
LAD,Config_A_Ordinal,LogisticRegression,1,1,1,0.6938775510204082,0.75,0.7241379310344828,0.7368421052631579,0.7827586206896552,0.8372629282867352
LAD,Config_A_Ordinal,LogisticRegression,2,1,2,0.7755102040816326,0.8214285714285714,0.7931034482758621,0.8070175438596491,0.8689655172413794,0.9096425916212204
LAD,Config_A_Ordinal,LogisticRegression,3,1,3,0.7916666666666666,0.8275862068965517,0.8275862068965517,0.8275862068965517,0.8892921960072595,0.9348556794112028
LAD,Config_A_Ordinal,LogisticRegression,4,1,4,0.7083333333333334,0.7333333333333333,0.7857142857142857,0.7586206896551724,0.7696428571428572,0.8066479264806926
LAD,Config_A_Ordinal,LogisticRegression,5,1,5,0.7291666666666666,0.7586206896551724,0.7857142857142857,0.7719298245614035,0.7821428571428571,0.8422113655797345
LAD,Config_A_Ordinal,LogisticRegression,6,2,1,0.7551020408163265,0.7741935483870968,0.8275862068965517,0.8,0.8327586206896552,0.8784249348811469
LAD,Config_A_Ordinal,LogisticRegression,7,2,2,0.7346938775510204,0.7857142857142857,0.7586206896551724,0.7719298245614035,0.7879310344827587,0.8628417592900618
LAD,Config_A_Ordinal,LogisticRegression,8,2,3,0.75,0.7741935483870968,0.8275862068965517,0.8,0.8021778584392014,0.8631170641295038
LAD,Config_A_Ordinal,LogisticRegression,9,2,4,0.7708333333333334,0.84,0.75,0.7924528301886793,0.8357142857142857,0.8646980400129378
LAD,Config_A_Ordinal,LogisticRegression,10,2,5,0.7708333333333334,0.7741935483870968,0.8571428571428571,0.8135593220338984,0.8714285714285714,0.9058421004987254
LAD,Config_A_Ordinal,LogisticRegression,11,3,1,0.7755102040816326,0.8,0.8275862068965517,0.8135593220338984,0.8931034482758621,0.9256219663904889
LAD,Config_A_Ordinal,LogisticRegression,12,3,2,0.6938775510204082,0.7058823529411765,0.8275862068965517,0.7619047619047619,0.7637931034482759,0.8437009858538328
LAD,Config_A_Ordinal,LogisticRegression,13,3,3,0.7083333333333334,0.7419354838709677,0.7931034482758621,0.7666666666666667,0.8275862068965518,0.8940801570787507
LAD,Config_A_Ordinal,LogisticRegression,14,3,4,0.7291666666666666,0.7777777777777778,0.75,0.7636363636363637,0.7892857142857143,0.8527826463439543
LAD,Config_A_Ordinal,LogisticRegression,15,3,5,0.7708333333333334,0.84,0.75,0.7924528301886793,0.8642857142857143,0.895932205824419
LAD,Config_A_Ordinal,LogisticRegression,16,4,1,0.7346938775510204,0.8076923076923077,0.7241379310344828,0.7636363636363637,0.8017241379310345,0.8499105899889335
LAD,Config_A_Ordinal,LogisticRegression,17,4,2,0.6326530612244898,0.7037037037037037,0.6551724137931034,0.6785714285714286,0.7534482758620689,0.8275413337198138
LAD,Config_A_Ordinal,LogisticRegression,18,4,3,0.625,0.72,0.6206896551724138,0.6666666666666666,0.7549909255898367,0.8355102444421163
LAD,Config_A_Ordinal,LogisticRegression,19,4,4,0.75,0.7222222222222222,0.9285714285714286,0.8125,0.7875,0.8300045385619423
LAD,Config_A_Ordinal,LogisticRegression,20,4,5,0.7708333333333334,0.7741935483870968,0.8571428571428571,0.8135593220338984,0.8517857142857143,0.9081695970404435
LAD,Config_A_Ordinal,LogisticRegression,21,5,1,0.6530612244897959,0.7142857142857143,0.6896551724137931,0.7017543859649122,0.7844827586206896,0.8639810299422909
LAD,Config_A_Ordinal,LogisticRegression,22,5,2,0.7551020408163265,0.8148148148148148,0.7586206896551724,0.7857142857142857,0.803448275862069,0.8583732583146789
LAD,Config_A_Ordinal,LogisticRegression,23,5,3,0.7083333333333334,0.7272727272727273,0.8275862068965517,0.7741935483870968,0.7386569872958259,0.8160784437756103
LAD,Config_A_Ordinal,LogisticRegression,24,5,4,0.7291666666666666,0.7419354838709677,0.8214285714285714,0.7796610169491526,0.8125,0.8705921972115207
LAD,Config_A_Ordinal,LogisticRegression,25,5,5,0.875,0.9230769230769231,0.8571428571428571,0.8888888888888888,0.9392857142857143,0.9489733935306296
LAD,Config_A_Ordinal,LinearSVM,1,1,1,0.6122448979591837,0.6470588235294118,0.7586206896551724,0.6984126984126984,0.6965517241379311,0.7821738092340368
LAD,Config_A_Ordinal,LinearSVM,2,1,2,0.7959183673469388,0.7878787878787878,0.896551724137931,0.8387096774193549,0.8396551724137931,0.8912227637126274
LAD,Config_A_Ordinal,LinearSVM,3,1,3,0.7916666666666666,0.7878787878787878,0.896551724137931,0.8387096774193549,0.9074410163339384,0.9482543298809517
LAD,Config_A_Ordinal,LinearSVM,4,1,4,0.7083333333333334,0.71875,0.8214285714285714,0.7666666666666667,0.7160714285714286,0.7393133911727485
LAD,Config_A_Ordinal,LinearSVM,5,1,5,0.7291666666666666,0.7586206896551724,0.7857142857142857,0.7719298245614035,0.75,0.8287387406661071
LAD,Config_A_Ordinal,LinearSVM,6,2,1,0.7959183673469388,0.7878787878787878,0.896551724137931,0.8387096774193549,0.7913793103448276,0.8435568496698588
LAD,Config_A_Ordinal,LinearSVM,7,2,2,0.6530612244897959,0.6578947368421053,0.8620689655172413,0.746268656716418,0.7896551724137931,0.8555860303687779
LAD,Config_A_Ordinal,LinearSVM,8,2,3,0.6875,0.7058823529411765,0.8275862068965517,0.7619047619047619,0.7568058076225045,0.8256002994536322
LAD,Config_A_Ordinal,LinearSVM,9,2,4,0.75,0.7857142857142857,0.7857142857142857,0.7857142857142857,0.8178571428571428,0.8660681185028378
LAD,Config_A_Ordinal,LinearSVM,10,2,5,0.7291666666666666,0.7419354838709677,0.8214285714285714,0.7796610169491526,0.8339285714285714,0.8555112489592271
LAD,Config_A_Ordinal,LinearSVM,11,3,1,0.7959183673469388,0.7878787878787878,0.896551724137931,0.8387096774193549,0.8586206896551725,0.88279753602287
LAD,Config_A_Ordinal,LinearSVM,12,3,2,0.7346938775510204,0.7105263157894737,0.9310344827586207,0.8059701492537313,0.7672413793103448,0.8386941894319729
LAD,Config_A_Ordinal,LinearSVM,13,3,3,0.7291666666666666,0.75,0.8275862068965517,0.7868852459016393,0.8384754990925589,0.8942312760817868
LAD,Config_A_Ordinal,LinearSVM,14,3,4,0.6875,0.7407407407407407,0.7142857142857143,0.7272727272727273,0.7517857142857143,0.8177882044504046
LAD,Config_A_Ordinal,LinearSVM,15,3,5,0.75,0.8333333333333334,0.7142857142857143,0.7692307692307693,0.8214285714285715,0.8439871548196504
LAD,Config_A_Ordinal,LinearSVM,16,4,1,0.673469387755102,0.7096774193548387,0.7586206896551724,0.7333333333333333,0.7637931034482759,0.7968860800630577
LAD,Config_A_Ordinal,LinearSVM,17,4,2,0.6530612244897959,0.7,0.7241379310344828,0.711864406779661,0.7189655172413794,0.8033846314252725
LAD,Config_A_Ordinal,LinearSVM,18,4,3,0.6041666666666666,0.7083333333333334,0.5862068965517241,0.6415094339622641,0.7150635208711433,0.8114976709487768
LAD,Config_A_Ordinal,LinearSVM,19,4,4,0.7291666666666666,0.7142857142857143,0.8928571428571429,0.7936507936507936,0.7410714285714286,0.7978199841650543
LAD,Config_A_Ordinal,LinearSVM,20,4,5,0.6875,0.696969696969697,0.8214285714285714,0.7540983606557377,0.8053571428571429,0.8800847781694293
LAD,Config_A_Ordinal,LinearSVM,21,5,1,0.6122448979591837,0.65625,0.7241379310344828,0.6885245901639344,0.7310344827586207,0.8263790512005881
LAD,Config_A_Ordinal,LinearSVM,22,5,2,0.673469387755102,0.7096774193548387,0.7586206896551724,0.7333333333333333,0.7879310344827586,0.8519405393459809
LAD,Config_A_Ordinal,LinearSVM,23,5,3,0.7083333333333334,0.7272727272727273,0.8275862068965517,0.7741935483870968,0.7186932849364792,0.8090864817118798
LAD,Config_A_Ordinal,LinearSVM,24,5,4,0.7291666666666666,0.7272727272727273,0.8571428571428571,0.7868852459016393,0.8053571428571429,0.8666927308574185
LAD,Config_A_Ordinal,LinearSVM,25,5,5,0.8541666666666666,0.92,0.8214285714285714,0.8679245283018868,0.8946428571428572,0.9187041174583681
LAD,Config_A_Ordinal,RBF_SVM,1,1,1,0.7142857142857143,0.7419354838709677,0.7931034482758621,0.7666666666666667,0.8103448275862069,0.8780322964054031
LAD,Config_A_Ordinal,RBF_SVM,2,1,2,0.8571428571428571,0.8235294117647058,0.9655172413793104,0.8888888888888888,0.8724137931034484,0.8950983171162454
LAD,Config_A_Ordinal,RBF_SVM,3,1,3,0.875,0.8709677419354839,0.9310344827586207,0.9,0.9092558983666063,0.9326556535895771
LAD,Config_A_Ordinal,RBF_SVM,4,1,4,0.6875,0.7241379310344828,0.75,0.7368421052631579,0.7571428571428571,0.810564353838322
LAD,Config_A_Ordinal,RBF_SVM,5,1,5,0.6666666666666666,0.7,0.75,0.7241379310344828,0.7732142857142857,0.8402224126015971
LAD,Config_A_Ordinal,RBF_SVM,6,2,1,0.7142857142857143,0.7419354838709677,0.7931034482758621,0.7666666666666667,0.8224137931034483,0.883228555157812
LAD,Config_A_Ordinal,RBF_SVM,7,2,2,0.7551020408163265,0.7741935483870968,0.8275862068965517,0.8,0.8068965517241379,0.8730394135004006
LAD,Config_A_Ordinal,RBF_SVM,8,2,3,0.8125,0.8333333333333334,0.8620689655172413,0.847457627118644,0.8366606170598911,0.8846257012965567
LAD,Config_A_Ordinal,RBF_SVM,9,2,4,0.75,0.7666666666666667,0.8214285714285714,0.7931034482758621,0.8071428571428572,0.8351240054960871
LAD,Config_A_Ordinal,RBF_SVM,10,2,5,0.7291666666666666,0.7419354838709677,0.8214285714285714,0.7796610169491526,0.8642857142857142,0.8995638122714326
LAD,Config_A_Ordinal,RBF_SVM,11,3,1,0.8775510204081632,0.8484848484848485,0.9655172413793104,0.9032258064516129,0.9206896551724137,0.9375431128001688
LAD,Config_A_Ordinal,RBF_SVM,12,3,2,0.7142857142857143,0.7027027027027027,0.896551724137931,0.7878787878787878,0.7672413793103449,0.8350718245644165
LAD,Config_A_Ordinal,RBF_SVM,13,3,3,0.75,0.7741935483870968,0.8275862068965517,0.8,0.8294010889292196,0.8965497676475844
LAD,Config_A_Ordinal,RBF_SVM,14,3,4,0.7083333333333334,0.7692307692307693,0.7142857142857143,0.7407407407407407,0.7928571428571429,0.8744687109923877
LAD,Config_A_Ordinal,RBF_SVM,15,3,5,0.7916666666666666,0.8214285714285714,0.8214285714285714,0.8214285714285714,0.8553571428571429,0.8573413955522085
LAD,Config_A_Ordinal,RBF_SVM,16,4,1,0.7346938775510204,0.7857142857142857,0.7586206896551724,0.7719298245614035,0.7879310344827586,0.8095376469357884
LAD,Config_A_Ordinal,RBF_SVM,17,4,2,0.6938775510204082,0.71875,0.7931034482758621,0.7540983606557377,0.8086206896551724,0.8734201942465499
LAD,Config_A_Ordinal,RBF_SVM,18,4,3,0.6875,0.75,0.7241379310344828,0.7368421052631579,0.8185117967332124,0.8705276203993212
LAD,Config_A_Ordinal,RBF_SVM,19,4,4,0.75,0.7222222222222222,0.9285714285714286,0.8125,0.7821428571428571,0.8157264971507444
LAD,Config_A_Ordinal,RBF_SVM,20,4,5,0.7916666666666666,0.7647058823529411,0.9285714285714286,0.8387096774193549,0.83125,0.8471192044673577
LAD,Config_A_Ordinal,RBF_SVM,21,5,1,0.7142857142857143,0.7272727272727273,0.8275862068965517,0.7741935483870968,0.8344827586206897,0.8998327476052451
LAD,Config_A_Ordinal,RBF_SVM,22,5,2,0.7755102040816326,0.8214285714285714,0.7931034482758621,0.8070175438596491,0.8413793103448276,0.8563718446057068
LAD,Config_A_Ordinal,RBF_SVM,23,5,3,0.6666666666666666,0.696969696969697,0.7931034482758621,0.7419354838709677,0.7150635208711434,0.8039241272135587
LAD,Config_A_Ordinal,RBF_SVM,24,5,4,0.6458333333333334,0.6486486486486487,0.8571428571428571,0.7384615384615385,0.7732142857142856,0.837990766227455
LAD,Config_A_Ordinal,RBF_SVM,25,5,5,0.9375,0.9310344827586207,0.9642857142857143,0.9473684210526315,0.9321428571428572,0.9356802129136953
LAD,Config_A_Ordinal,RandomForest,1,1,1,0.7959183673469388,0.7878787878787878,0.896551724137931,0.8387096774193549,0.7758620689655172,0.8352676989789308
LAD,Config_A_Ordinal,RandomForest,2,1,2,0.8367346938775511,0.8181818181818182,0.9310344827586207,0.8709677419354839,0.8767241379310345,0.8996134482066007
LAD,Config_A_Ordinal,RandomForest,3,1,3,0.875,0.8484848484848485,0.9655172413793104,0.9032258064516129,0.9165154264972777,0.9195685277453951
LAD,Config_A_Ordinal,RandomForest,4,1,4,0.6875,0.696969696969697,0.8214285714285714,0.7540983606557377,0.7830357142857143,0.8601288322836553
LAD,Config_A_Ordinal,RandomForest,5,1,5,0.7708333333333334,0.7428571428571429,0.9285714285714286,0.8253968253968254,0.8535714285714286,0.8964894967106377
LAD,Config_A_Ordinal,RandomForest,6,2,1,0.7755102040816326,0.7647058823529411,0.896551724137931,0.8253968253968254,0.7655172413793103,0.7962085932138584
LAD,Config_A_Ordinal,RandomForest,7,2,2,0.7959183673469388,0.7878787878787878,0.896551724137931,0.8387096774193549,0.8646551724137931,0.8847817329847285
LAD,Config_A_Ordinal,RandomForest,8,2,3,0.8333333333333334,0.8181818181818182,0.9310344827586207,0.8709677419354839,0.9074410163339384,0.9434581972336251
LAD,Config_A_Ordinal,RandomForest,9,2,4,0.875,0.8666666666666667,0.9285714285714286,0.896551724137931,0.86875,0.8683924494752379
LAD,Config_A_Ordinal,RandomForest,10,2,5,0.8333333333333334,0.8571428571428571,0.8571428571428571,0.8571428571428571,0.8776785714285714,0.878755102136558
LAD,Config_A_Ordinal,RandomForest,11,3,1,0.8571428571428571,0.8235294117647058,0.9655172413793104,0.8888888888888888,0.9155172413793103,0.9300938409239831
LAD,Config_A_Ordinal,RandomForest,12,3,2,0.6938775510204082,0.6842105263157895,0.896551724137931,0.7761194029850746,0.8094827586206896,0.8755204803873311
LAD,Config_A_Ordinal,RandomForest,13,3,3,0.8333333333333334,0.8181818181818182,0.9310344827586207,0.8709677419354839,0.9101633393829401,0.9526688706326041
LAD,Config_A_Ordinal,RandomForest,14,3,4,0.7708333333333334,0.7931034482758621,0.8214285714285714,0.8070175438596491,0.8366071428571429,0.8737901428552688
LAD,Config_A_Ordinal,RandomForest,15,3,5,0.8125,0.8275862068965517,0.8571428571428571,0.8421052631578947,0.8535714285714285,0.8440002618288822
LAD,Config_A_Ordinal,RandomForest,16,4,1,0.8367346938775511,0.8620689655172413,0.8620689655172413,0.8620689655172413,0.8206896551724139,0.8318356349738811
LAD,Config_A_Ordinal,RandomForest,17,4,2,0.8571428571428571,0.8235294117647058,0.9655172413793104,0.8888888888888888,0.9146551724137931,0.9192274412059749
LAD,Config_A_Ordinal,RandomForest,18,4,3,0.8125,0.8125,0.896551724137931,0.8524590163934426,0.8802177858439202,0.9175092659203921
LAD,Config_A_Ordinal,RandomForest,19,4,4,0.7083333333333334,0.6944444444444444,0.8928571428571429,0.78125,0.8080357142857143,0.8172704049035939
LAD,Config_A_Ordinal,RandomForest,20,4,5,0.8333333333333334,0.8333333333333334,0.8928571428571429,0.8620689655172413,0.8598214285714286,0.8797703977464114
LAD,Config_A_Ordinal,RandomForest,21,5,1,0.7755102040816326,0.78125,0.8620689655172413,0.819672131147541,0.8396551724137931,0.9021555108602644
LAD,Config_A_Ordinal,RandomForest,22,5,2,0.8775510204081632,0.896551724137931,0.896551724137931,0.896551724137931,0.9172413793103448,0.9151053654737483
LAD,Config_A_Ordinal,RandomForest,23,5,3,0.6458333333333334,0.6764705882352942,0.7931034482758621,0.7301587301587301,0.7123411978221416,0.7810502803745667
LAD,Config_A_Ordinal,RandomForest,24,5,4,0.8125,0.7714285714285715,0.9642857142857143,0.8571428571428571,0.8392857142857143,0.8603184774674053
LAD,Config_A_Ordinal,RandomForest,25,5,5,0.875,0.8666666666666667,0.9285714285714286,0.896551724137931,0.9383928571428571,0.9477057504792983
LAD,Config_B_OneHot,LogisticRegression,1,1,1,0.6938775510204082,0.75,0.7241379310344828,0.7368421052631579,0.7775862068965518,0.8223301763889392
LAD,Config_B_OneHot,LogisticRegression,2,1,2,0.7755102040816326,0.8214285714285714,0.7931034482758621,0.8070175438596491,0.8655172413793104,0.9071945673020536
LAD,Config_B_OneHot,LogisticRegression,3,1,3,0.7916666666666666,0.8275862068965517,0.8275862068965517,0.8275862068965517,0.8874773139745916,0.9329399705989423
LAD,Config_B_OneHot,LogisticRegression,4,1,4,0.7083333333333334,0.7333333333333333,0.7857142857142857,0.7586206896551724,0.7642857142857143,0.8059493863200813
LAD,Config_B_OneHot,LogisticRegression,5,1,5,0.7291666666666666,0.7586206896551724,0.7857142857142857,0.7719298245614035,0.7767857142857143,0.8453785787064843
LAD,Config_B_OneHot,LogisticRegression,6,2,1,0.7551020408163265,0.7741935483870968,0.8275862068965517,0.8,0.8206896551724139,0.8712234649514823
LAD,Config_B_OneHot,LogisticRegression,7,2,2,0.6938775510204082,0.75,0.7241379310344828,0.7368421052631579,0.7844827586206897,0.862009335174344
LAD,Config_B_OneHot,LogisticRegression,8,2,3,0.7708333333333334,0.8,0.8275862068965517,0.8135593220338984,0.7985480943738658,0.856598058799954
LAD,Config_B_OneHot,LogisticRegression,9,2,4,0.7708333333333334,0.84,0.75,0.7924528301886793,0.8303571428571428,0.8623755792767887
LAD,Config_B_OneHot,LogisticRegression,10,2,5,0.7291666666666666,0.7419354838709677,0.8214285714285714,0.7796610169491526,0.8553571428571428,0.8936476383486213
LAD,Config_B_OneHot,LogisticRegression,11,3,1,0.7346938775510204,0.7666666666666667,0.7931034482758621,0.7796610169491526,0.8913793103448275,0.9306462582545336
LAD,Config_B_OneHot,LogisticRegression,12,3,2,0.6938775510204082,0.7058823529411765,0.8275862068965517,0.7619047619047619,0.753448275862069,0.8376222851758314
LAD,Config_B_OneHot,LogisticRegression,13,3,3,0.7291666666666666,0.75,0.8275862068965517,0.7868852459016393,0.8348457350272233,0.9022009872407376
LAD,Config_B_OneHot,LogisticRegression,14,3,4,0.7083333333333334,0.75,0.75,0.75,0.7821428571428571,0.8494067596560473
LAD,Config_B_OneHot,LogisticRegression,15,3,5,0.7708333333333334,0.84,0.75,0.7924528301886793,0.8696428571428572,0.9006711131311597
LAD,Config_B_OneHot,LogisticRegression,16,4,1,0.7346938775510204,0.8076923076923077,0.7241379310344828,0.7636363636363637,0.8,0.8432566678388552
LAD,Config_B_OneHot,LogisticRegression,17,4,2,0.6326530612244898,0.72,0.6206896551724138,0.6666666666666666,0.7586206896551724,0.8304985676116711
LAD,Config_B_OneHot,LogisticRegression,18,4,3,0.6458333333333334,0.7307692307692307,0.6551724137931034,0.6909090909090909,0.7513611615245009,0.8299020776991144
LAD,Config_B_OneHot,LogisticRegression,19,4,4,0.75,0.7222222222222222,0.9285714285714286,0.8125,0.8,0.8487693391681752
LAD,Config_B_OneHot,LogisticRegression,20,4,5,0.7708333333333334,0.7741935483870968,0.8571428571428571,0.8135593220338984,0.8428571428571429,0.8993332441804693
LAD,Config_B_OneHot,LogisticRegression,21,5,1,0.6530612244897959,0.7142857142857143,0.6896551724137931,0.7017543859649122,0.7931034482758621,0.8697024603605887
LAD,Config_B_OneHot,LogisticRegression,22,5,2,0.7346938775510204,0.8076923076923077,0.7241379310344828,0.7636363636363637,0.8293103448275861,0.8758334434830751
LAD,Config_B_OneHot,LogisticRegression,23,5,3,0.7083333333333334,0.7272727272727273,0.8275862068965517,0.7741935483870968,0.7350272232304901,0.8138881119126883
LAD,Config_B_OneHot,LogisticRegression,24,5,4,0.7083333333333334,0.71875,0.8214285714285714,0.7666666666666667,0.8142857142857143,0.8715808464909727
LAD,Config_B_OneHot,LogisticRegression,25,5,5,0.875,0.9230769230769231,0.8571428571428571,0.8888888888888888,0.9375,0.9522125578132945
LAD,Config_B_OneHot,LinearSVM,1,1,1,0.6326530612244898,0.6571428571428571,0.7931034482758621,0.71875,0.703448275862069,0.7859269135482642
LAD,Config_B_OneHot,LinearSVM,2,1,2,0.7346938775510204,0.7222222222222222,0.896551724137931,0.8,0.7931034482758621,0.851148124595675
LAD,Config_B_OneHot,LinearSVM,3,1,3,0.8333333333333334,0.8387096774193549,0.896551724137931,0.8666666666666667,0.8911070780399274,0.9380801342425369
LAD,Config_B_OneHot,LinearSVM,4,1,4,0.7083333333333334,0.7058823529411765,0.8571428571428571,0.7741935483870968,0.7232142857142858,0.7510710734824246
LAD,Config_B_OneHot,LinearSVM,5,1,5,0.7083333333333334,0.7333333333333333,0.7857142857142857,0.7586206896551724,0.7464285714285714,0.8289461064370871
LAD,Config_B_OneHot,LinearSVM,6,2,1,0.7346938775510204,0.75,0.8275862068965517,0.7868852459016393,0.7689655172413793,0.8192565005385997
LAD,Config_B_OneHot,LinearSVM,7,2,2,0.6938775510204082,0.6842105263157895,0.896551724137931,0.7761194029850746,0.8103448275862069,0.876906496935883
LAD,Config_B_OneHot,LinearSVM,8,2,3,0.7083333333333334,0.7272727272727273,0.8275862068965517,0.7741935483870968,0.764065335753176,0.8082125185099678
LAD,Config_B_OneHot,LinearSVM,9,2,4,0.75,0.7857142857142857,0.7857142857142857,0.7857142857142857,0.8,0.851630192513153
LAD,Config_B_OneHot,LinearSVM,10,2,5,0.7291666666666666,0.7419354838709677,0.8214285714285714,0.7796610169491526,0.8160714285714286,0.8441865692575694
LAD,Config_B_OneHot,LinearSVM,11,3,1,0.7959183673469388,0.7878787878787878,0.896551724137931,0.8387096774193549,0.8655172413793104,0.893706832567495
LAD,Config_B_OneHot,LinearSVM,12,3,2,0.6938775510204082,0.6944444444444444,0.8620689655172413,0.7692307692307693,0.7482758620689656,0.8264074699043986
LAD,Config_B_OneHot,LinearSVM,13,3,3,0.7291666666666666,0.75,0.8275862068965517,0.7868852459016393,0.8148820326678765,0.8761813981053661
LAD,Config_B_OneHot,LinearSVM,14,3,4,0.7083333333333334,0.75,0.75,0.75,0.7392857142857143,0.8062909609103524
LAD,Config_B_OneHot,LinearSVM,15,3,5,0.75,0.8333333333333334,0.7142857142857143,0.7692307692307693,0.8285714285714286,0.850301692134447
LAD,Config_B_OneHot,LinearSVM,16,4,1,0.673469387755102,0.7096774193548387,0.7586206896551724,0.7333333333333333,0.7310344827586207,0.748727321547351
LAD,Config_B_OneHot,LinearSVM,17,4,2,0.673469387755102,0.7241379310344828,0.7241379310344828,0.7241379310344828,0.7206896551724138,0.807022718472851
LAD,Config_B_OneHot,LinearSVM,18,4,3,0.6041666666666666,0.7083333333333334,0.5862068965517241,0.6415094339622641,0.7277676950998185,0.8158376660525225
LAD,Config_B_OneHot,LinearSVM,19,4,4,0.7291666666666666,0.7027027027027027,0.9285714285714286,0.8,0.7607142857142857,0.8138485279182028
LAD,Config_B_OneHot,LinearSVM,20,4,5,0.6666666666666666,0.7,0.75,0.7241379310344828,0.7857142857142857,0.864584598759387
LAD,Config_B_OneHot,LinearSVM,21,5,1,0.6326530612244898,0.6774193548387096,0.7241379310344828,0.7,0.7275862068965518,0.8242419764934826
LAD,Config_B_OneHot,LinearSVM,22,5,2,0.7346938775510204,0.75,0.8275862068965517,0.7868852459016393,0.7862068965517242,0.847028153786815
LAD,Config_B_OneHot,LinearSVM,23,5,3,0.6875,0.71875,0.7931034482758621,0.7540983606557377,0.7114337568058077,0.7944650792223137
LAD,Config_B_OneHot,LinearSVM,24,5,4,0.7291666666666666,0.7272727272727273,0.8571428571428571,0.7868852459016393,0.8089285714285714,0.8632603076962759
LAD,Config_B_OneHot,LinearSVM,25,5,5,0.8333333333333334,0.8846153846153846,0.8214285714285714,0.8518518518518519,0.8910714285714286,0.9176105965362059
LAD,Config_B_OneHot,RBF_SVM,1,1,1,0.7142857142857143,0.7419354838709677,0.7931034482758621,0.7666666666666667,0.803448275862069,0.8709913532572909
LAD,Config_B_OneHot,RBF_SVM,2,1,2,0.8571428571428571,0.8235294117647058,0.9655172413793104,0.8888888888888888,0.8706896551724138,0.8909484781601255
LAD,Config_B_OneHot,RBF_SVM,3,1,3,0.875,0.8709677419354839,0.9310344827586207,0.9,0.9128856624319419,0.9349504289355676
LAD,Config_B_OneHot,RBF_SVM,4,1,4,0.6875,0.7241379310344828,0.75,0.7368421052631579,0.7482142857142857,0.805189094870159
LAD,Config_B_OneHot,RBF_SVM,5,1,5,0.6666666666666666,0.7,0.75,0.7241379310344828,0.7714285714285714,0.8444329082309316
LAD,Config_B_OneHot,RBF_SVM,6,2,1,0.7551020408163265,0.7741935483870968,0.8275862068965517,0.8,0.8017241379310345,0.8644770694598013
LAD,Config_B_OneHot,RBF_SVM,7,2,2,0.7346938775510204,0.7666666666666667,0.7931034482758621,0.7796610169491526,0.8068965517241379,0.872839043254164
LAD,Config_B_OneHot,RBF_SVM,8,2,3,0.8125,0.8333333333333334,0.8620689655172413,0.847457627118644,0.8421052631578948,0.8905406436339127
LAD,Config_B_OneHot,RBF_SVM,9,2,4,0.75,0.7666666666666667,0.8214285714285714,0.7931034482758621,0.8107142857142857,0.8426615636502263
LAD,Config_B_OneHot,RBF_SVM,10,2,5,0.75,0.75,0.8571428571428571,0.8,0.8589285714285714,0.899472618326855
LAD,Config_B_OneHot,RBF_SVM,11,3,1,0.8571428571428571,0.84375,0.9310344827586207,0.8852459016393442,0.9181034482758621,0.938378729754343
LAD,Config_B_OneHot,RBF_SVM,12,3,2,0.6938775510204082,0.6842105263157895,0.896551724137931,0.7761194029850746,0.7655172413793103,0.8377754902022692
LAD,Config_B_OneHot,RBF_SVM,13,3,3,0.7916666666666666,0.7878787878787878,0.896551724137931,0.8387096774193549,0.8330308529945554,0.8977616250231528
LAD,Config_B_OneHot,RBF_SVM,14,3,4,0.7083333333333334,0.7692307692307693,0.7142857142857143,0.7407407407407407,0.7982142857142858,0.8789098067393335
LAD,Config_B_OneHot,RBF_SVM,15,3,5,0.7916666666666666,0.8214285714285714,0.8214285714285714,0.8214285714285714,0.8625,0.8605971966293801
LAD,Config_B_OneHot,RBF_SVM,16,4,1,0.7346938775510204,0.7857142857142857,0.7586206896551724,0.7719298245614035,0.7758620689655172,0.7824853462345323
LAD,Config_B_OneHot,RBF_SVM,17,4,2,0.7142857142857143,0.7419354838709677,0.7931034482758621,0.7666666666666667,0.8155172413793104,0.8766100714224278
LAD,Config_B_OneHot,RBF_SVM,18,4,3,0.6875,0.75,0.7241379310344828,0.7368421052631579,0.8039927404718693,0.8651375308638043
LAD,Config_B_OneHot,RBF_SVM,19,4,4,0.7291666666666666,0.7027027027027027,0.9285714285714286,0.8,0.7910714285714285,0.8420325431183802
LAD,Config_B_OneHot,RBF_SVM,20,4,5,0.8125,0.8064516129032258,0.8928571428571429,0.847457627118644,0.8232142857142857,0.832831787531055
LAD,Config_B_OneHot,RBF_SVM,21,5,1,0.7142857142857143,0.7272727272727273,0.8275862068965517,0.7741935483870968,0.8413793103448276,0.9020931460151309
LAD,Config_B_OneHot,RBF_SVM,22,5,2,0.7755102040816326,0.8214285714285714,0.7931034482758621,0.8070175438596491,0.8448275862068966,0.8581616551692306
LAD,Config_B_OneHot,RBF_SVM,23,5,3,0.6458333333333334,0.6875,0.7586206896551724,0.7213114754098361,0.7078039927404719,0.8024780755366432
LAD,Config_B_OneHot,RBF_SVM,24,5,4,0.6666666666666666,0.6666666666666666,0.8571428571428571,0.75,0.7714285714285714,0.8357456291320876
LAD,Config_B_OneHot,RBF_SVM,25,5,5,0.8958333333333334,0.8709677419354839,0.9642857142857143,0.9152542372881356,0.9339285714285714,0.9469484634060836
LAD,Config_B_OneHot,RandomForest,1,1,1,0.7959183673469388,0.7878787878787878,0.896551724137931,0.8387096774193549,0.8310344827586207,0.8834759894964606
LAD,Config_B_OneHot,RandomForest,2,1,2,0.8163265306122449,0.7941176470588235,0.9310344827586207,0.8571428571428571,0.8931034482758621,0.9146314849679225
LAD,Config_B_OneHot,RandomForest,3,1,3,0.8541666666666666,0.84375,0.9310344827586207,0.8852459016393442,0.9001814882032668,0.9152386148842573
LAD,Config_B_OneHot,RandomForest,4,1,4,0.7083333333333334,0.71875,0.8214285714285714,0.7666666666666667,0.7741071428571429,0.8470492673256266
LAD,Config_B_OneHot,RandomForest,5,1,5,0.7708333333333334,0.7428571428571429,0.9285714285714286,0.8253968253968254,0.8401785714285713,0.8551343106840326
LAD,Config_B_OneHot,RandomForest,6,2,1,0.7755102040816326,0.7647058823529411,0.896551724137931,0.8253968253968254,0.7862068965517242,0.816219333353832
LAD,Config_B_OneHot,RandomForest,7,2,2,0.7755102040816326,0.78125,0.8620689655172413,0.819672131147541,0.8396551724137932,0.8590108837486727
LAD,Config_B_OneHot,RandomForest,8,2,3,0.8541666666666666,0.84375,0.9310344827586207,0.8852459016393442,0.8883847549909256,0.9337479737986625
LAD,Config_B_OneHot,RandomForest,9,2,4,0.8333333333333334,0.8125,0.9285714285714286,0.8666666666666667,0.8821428571428571,0.8798865968131164
LAD,Config_B_OneHot,RandomForest,10,2,5,0.8333333333333334,0.8571428571428571,0.8571428571428571,0.8571428571428571,0.8839285714285714,0.9020412851344741
LAD,Config_B_OneHot,RandomForest,11,3,1,0.8571428571428571,0.8235294117647058,0.9655172413793104,0.8888888888888888,0.9206896551724139,0.9344101589031485
LAD,Config_B_OneHot,RandomForest,12,3,2,0.7346938775510204,0.7105263157894737,0.9310344827586207,0.8059701492537313,0.8034482758620689,0.8630516581589668
LAD,Config_B_OneHot,RandomForest,13,3,3,0.8541666666666666,0.84375,0.9310344827586207,0.8852459016393442,0.9274047186932849,0.9631480750432362
LAD,Config_B_OneHot,RandomForest,14,3,4,0.7708333333333334,0.7931034482758621,0.8214285714285714,0.8070175438596491,0.8276785714285714,0.8785168879546847
LAD,Config_B_OneHot,RandomForest,15,3,5,0.8125,0.8275862068965517,0.8571428571428571,0.8421052631578947,0.8482142857142857,0.8157977867646877
LAD,Config_B_OneHot,RandomForest,16,4,1,0.8367346938775511,0.8387096774193549,0.896551724137931,0.8666666666666667,0.7948275862068965,0.786887705060949
LAD,Config_B_OneHot,RandomForest,17,4,2,0.8979591836734694,0.8529411764705882,1.0,0.9206349206349206,0.9120689655172414,0.917391842203426
LAD,Config_B_OneHot,RandomForest,18,4,3,0.8125,0.8125,0.896551724137931,0.8524590163934426,0.8457350272232306,0.8865603219599528
LAD,Config_B_OneHot,RandomForest,19,4,4,0.7291666666666666,0.7142857142857143,0.8928571428571429,0.7936507936507936,0.8089285714285714,0.8348723437737992
LAD,Config_B_OneHot,RandomForest,20,4,5,0.7708333333333334,0.7741935483870968,0.8571428571428571,0.8135593220338984,0.8455357142857143,0.8817837902719585
LAD,Config_B_OneHot,RandomForest,21,5,1,0.7755102040816326,0.78125,0.8620689655172413,0.819672131147541,0.8379310344827585,0.8985173350693363
LAD,Config_B_OneHot,RandomForest,22,5,2,0.8367346938775511,0.8888888888888888,0.8275862068965517,0.8571428571428571,0.9112068965517242,0.9030531403107117
LAD,Config_B_OneHot,RandomForest,23,5,3,0.6875,0.6944444444444444,0.8620689655172413,0.7692307692307693,0.7404718693284936,0.7908369421186685
LAD,Config_B_OneHot,RandomForest,24,5,4,0.7708333333333334,0.7428571428571429,0.9285714285714286,0.8253968253968254,0.8392857142857142,0.8640210626329393
LAD,Config_B_OneHot,RandomForest,25,5,5,0.8541666666666666,0.8387096774193549,0.9285714285714286,0.8813559322033898,0.9169642857142857,0.9304021379031434
LCX,Config_A_Ordinal,LogisticRegression,1,1,1,0.6122448979591837,0.5,0.3684210526315789,0.42424242424242425,0.6087719298245614,0.5088202760511902
LCX,Config_A_Ordinal,LogisticRegression,2,1,2,0.5510204081632653,0.38461538461538464,0.2631578947368421,0.3125,0.6228070175438596,0.5630691001330026
LCX,Config_A_Ordinal,LogisticRegression,3,1,3,0.625,0.5238095238095238,0.5789473684210527,0.55,0.7150635208711433,0.6354171269520175
LCX,Config_A_Ordinal,LogisticRegression,4,1,4,0.6875,0.6,0.5,0.5454545454545454,0.7944444444444444,0.688562550066033
LCX,Config_A_Ordinal,LogisticRegression,5,1,5,0.625,0.5,0.6111111111111112,0.55,0.6074074074074074,0.5436051776709552
LCX,Config_A_Ordinal,LogisticRegression,6,2,1,0.673469387755102,0.6,0.47368421052631576,0.5294117647058824,0.6947368421052632,0.6206759052103117
LCX,Config_A_Ordinal,LogisticRegression,7,2,2,0.5918367346938775,0.46153846153846156,0.3157894736842105,0.375,0.6052631578947368,0.5017923820245802
LCX,Config_A_Ordinal,LogisticRegression,8,2,3,0.6041666666666666,0.5,0.2631578947368421,0.3448275862068966,0.6823956442831216,0.5959854635734544
LCX,Config_A_Ordinal,LogisticRegression,9,2,4,0.6041666666666666,0.47058823529411764,0.4444444444444444,0.45714285714285713,0.7018518518518518,0.5800450038962849
LCX,Config_A_Ordinal,LogisticRegression,10,2,5,0.6041666666666666,0.47368421052631576,0.5,0.4864864864864865,0.7462962962962963,0.6745610907648013
LCX,Config_A_Ordinal,LogisticRegression,11,3,1,0.6530612244897959,0.5833333333333334,0.3684210526315789,0.45161290322580644,0.6736842105263158,0.5867825898060453
LCX,Config_A_Ordinal,LogisticRegression,12,3,2,0.673469387755102,0.5882352941176471,0.5263157894736842,0.5555555555555556,0.7087719298245614,0.5359641231170199
LCX,Config_A_Ordinal,LogisticRegression,13,3,3,0.6458333333333334,0.5625,0.47368421052631576,0.5142857142857142,0.7368421052631579,0.6563242097581123
LCX,Config_A_Ordinal,LogisticRegression,14,3,4,0.6666666666666666,0.5625,0.5,0.5294117647058824,0.6,0.5843727204498257
LCX,Config_A_Ordinal,LogisticRegression,15,3,5,0.6666666666666666,0.5555555555555556,0.5555555555555556,0.5555555555555556,0.7222222222222222,0.6013295478858536
LCX,Config_A_Ordinal,LogisticRegression,16,4,1,0.673469387755102,0.6153846153846154,0.42105263157894735,0.5,0.6631578947368421,0.6047128327798987
LCX,Config_A_Ordinal,LogisticRegression,17,4,2,0.6938775510204082,0.6428571428571429,0.47368421052631576,0.5454545454545454,0.7350877192982457,0.6304165601291374
LCX,Config_A_Ordinal,LogisticRegression,18,4,3,0.6875,0.5909090909090909,0.6842105263157895,0.6341463414634146,0.7422867513611615,0.6857918170279756
LCX,Config_A_Ordinal,LogisticRegression,19,4,4,0.625,0.5,0.5,0.5,0.6796296296296296,0.5199707598520809
LCX,Config_A_Ordinal,LogisticRegression,20,4,5,0.6666666666666666,0.6,0.3333333333333333,0.42857142857142855,0.6759259259259259,0.5732841541174875
LCX,Config_A_Ordinal,LogisticRegression,21,5,1,0.6122448979591837,0.5,0.5263157894736842,0.5128205128205128,0.5578947368421052,0.41513236304282947
LCX,Config_A_Ordinal,LogisticRegression,22,5,2,0.673469387755102,0.5882352941176471,0.5263157894736842,0.5555555555555556,0.7719298245614035,0.6798911833423547
LCX,Config_A_Ordinal,LogisticRegression,23,5,3,0.6041666666666666,0.5,0.3157894736842105,0.3870967741935484,0.6424682395644283,0.5263713292443293
LCX,Config_A_Ordinal,LogisticRegression,24,5,4,0.6666666666666666,0.5625,0.5,0.5294117647058824,0.6814814814814815,0.6568719119856928
LCX,Config_A_Ordinal,LogisticRegression,25,5,5,0.6666666666666666,0.5454545454545454,0.6666666666666666,0.6,0.7592592592592593,0.6580579737416128
LCX,Config_A_Ordinal,LinearSVM,1,1,1,0.6326530612244898,0.5555555555555556,0.2631578947368421,0.35714285714285715,0.6175438596491227,0.5246691181520343
LCX,Config_A_Ordinal,LinearSVM,2,1,2,0.6530612244897959,1.0,0.10526315789473684,0.19047619047619047,0.6192982456140351,0.5680524891652674
LCX,Config_A_Ordinal,LinearSVM,3,1,3,0.6875,0.75,0.3157894736842105,0.4444444444444444,0.7223230490018149,0.6184598125279102
LCX,Config_A_Ordinal,LinearSVM,4,1,4,0.7083333333333334,0.8333333333333334,0.2777777777777778,0.4166666666666667,0.7777777777777778,0.7138343746509176
LCX,Config_A_Ordinal,LinearSVM,5,1,5,0.5833333333333334,0.4375,0.3888888888888889,0.4117647058823529,0.6092592592592593,0.5711376030665598
LCX,Config_A_Ordinal,LinearSVM,6,2,1,0.6326530612244898,0.5714285714285714,0.21052631578947367,0.3076923076923077,0.6947368421052631,0.5843725023428321
LCX,Config_A_Ordinal,LinearSVM,7,2,2,0.6530612244897959,0.625,0.2631578947368421,0.37037037037037035,0.6140350877192983,0.5174924059984445
LCX,Config_A_Ordinal,LinearSVM,8,2,3,0.6041666666666666,0.5,0.15789473684210525,0.24,0.6460980036297641,0.5979896316716571
LCX,Config_A_Ordinal,LinearSVM,9,2,4,0.6875,0.6153846153846154,0.4444444444444444,0.5161290322580645,0.6546296296296297,0.5633672363124104
LCX,Config_A_Ordinal,LinearSVM,10,2,5,0.6875,0.6,0.5,0.5454545454545454,0.7027777777777777,0.5868238548740617
LCX,Config_A_Ordinal,LinearSVM,11,3,1,0.6122448979591837,0.5,0.2631578947368421,0.3448275862068966,0.712280701754386,0.6162072000320253
LCX,Config_A_Ordinal,LinearSVM,12,3,2,0.6122448979591837,0.5,0.21052631578947367,0.2962962962962963,0.7140350877192982,0.5271421328199604
LCX,Config_A_Ordinal,LinearSVM,13,3,3,0.6875,0.7,0.3684210526315789,0.4827586206896552,0.7114337568058076,0.6591114313568264
LCX,Config_A_Ordinal,LinearSVM,14,3,4,0.6666666666666666,0.6,0.3333333333333333,0.42857142857142855,0.6351851851851853,0.5791949853091157
LCX,Config_A_Ordinal,LinearSVM,15,3,5,0.6041666666666666,0.4444444444444444,0.2222222222222222,0.2962962962962963,0.6555555555555556,0.5384517121792745
LCX,Config_A_Ordinal,LinearSVM,16,4,1,0.6938775510204082,0.8333333333333334,0.2631578947368421,0.4,0.6649122807017545,0.6302402419071389
LCX,Config_A_Ordinal,LinearSVM,17,4,2,0.6122448979591837,0.0,0.0,0.0,0.7614035087719297,0.6769732038340479
LCX,Config_A_Ordinal,LinearSVM,18,4,3,0.6875,0.6428571428571429,0.47368421052631576,0.5454545454545454,0.7441016333938294,0.6467254340303414
LCX,Config_A_Ordinal,LinearSVM,19,4,4,0.625,0.5,0.2222222222222222,0.3076923076923077,0.6574074074074074,0.5826117320247133
LCX,Config_A_Ordinal,LinearSVM,20,4,5,0.6458333333333334,0.6,0.16666666666666666,0.2608695652173913,0.7296296296296296,0.6033013615045741
LCX,Config_A_Ordinal,LinearSVM,21,5,1,0.5102040816326531,0.35294117647058826,0.3157894736842105,0.3333333333333333,0.5,0.3870023872805921
LCX,Config_A_Ordinal,LinearSVM,22,5,2,0.6938775510204082,0.75,0.3157894736842105,0.4444444444444444,0.756140350877193,0.7009724336425236
LCX,Config_A_Ordinal,LinearSVM,23,5,3,0.6041666666666666,0.5,0.2631578947368421,0.3448275862068966,0.6678765880217785,0.526182846783505
LCX,Config_A_Ordinal,LinearSVM,24,5,4,0.6875,0.7142857142857143,0.2777777777777778,0.4,0.6203703703703703,0.5949581882151931
LCX,Config_A_Ordinal,LinearSVM,25,5,5,0.7291666666666666,0.6923076923076923,0.5,0.5806451612903226,0.7824074074074074,0.6970784629050758
LCX,Config_A_Ordinal,RBF_SVM,1,1,1,0.6122448979591837,0.5,0.21052631578947367,0.2962962962962963,0.5789473684210527,0.521373350612248
LCX,Config_A_Ordinal,RBF_SVM,2,1,2,0.6530612244897959,1.0,0.10526315789473684,0.19047619047619047,0.8087719298245614,0.7813109423284259
LCX,Config_A_Ordinal,RBF_SVM,3,1,3,0.6458333333333334,0.55,0.5789473684210527,0.5641025641025641,0.7059891107078039,0.6268680613361464
LCX,Config_A_Ordinal,RBF_SVM,4,1,4,0.7083333333333334,0.7,0.3888888888888889,0.5,0.7259259259259259,0.6883721057571632
LCX,Config_A_Ordinal,RBF_SVM,5,1,5,0.625,0.5,0.5555555555555556,0.5263157894736842,0.662962962962963,0.5946001076994651
LCX,Config_A_Ordinal,RBF_SVM,6,2,1,0.7142857142857143,0.8571428571428571,0.3157894736842105,0.46153846153846156,0.7412280701754386,0.704478576914077
LCX,Config_A_Ordinal,RBF_SVM,7,2,2,0.6326530612244898,0.5454545454545454,0.3157894736842105,0.4,0.5789473684210527,0.4707625404833363
LCX,Config_A_Ordinal,RBF_SVM,8,2,3,0.7083333333333334,0.8571428571428571,0.3157894736842105,0.46153846153846156,0.704174228675136,0.6748641129993217
LCX,Config_A_Ordinal,RBF_SVM,9,2,4,0.75,0.7142857142857143,0.5555555555555556,0.625,0.7703703703703704,0.666753469915609
LCX,Config_A_Ordinal,RBF_SVM,10,2,5,0.7291666666666666,0.6666666666666666,0.5555555555555556,0.6060606060606061,0.7592592592592593,0.6956194479592792
LCX,Config_A_Ordinal,RBF_SVM,11,3,1,0.6530612244897959,0.6,0.3157894736842105,0.41379310344827586,0.6087719298245613,0.5217888579988289
LCX,Config_A_Ordinal,RBF_SVM,12,3,2,0.6938775510204082,0.6428571428571429,0.47368421052631576,0.5454545454545454,0.7719298245614035,0.6347951236136069
LCX,Config_A_Ordinal,RBF_SVM,13,3,3,0.7291666666666666,0.875,0.3684210526315789,0.5185185185185185,0.7713248638838475,0.7409542239304339
LCX,Config_A_Ordinal,RBF_SVM,14,3,4,0.6666666666666666,0.6,0.3333333333333333,0.42857142857142855,0.537037037037037,0.5296428714705994
LCX,Config_A_Ordinal,RBF_SVM,15,3,5,0.5833333333333334,0.4444444444444444,0.4444444444444444,0.4444444444444444,0.6574074074074073,0.5141592699270425
LCX,Config_A_Ordinal,RBF_SVM,16,4,1,0.6938775510204082,0.75,0.3157894736842105,0.4444444444444444,0.6684210526315788,0.6683265353838597
LCX,Config_A_Ordinal,RBF_SVM,17,4,2,0.6530612244897959,0.6666666666666666,0.21052631578947367,0.32,0.6982456140350877,0.5846170458958684
LCX,Config_A_Ordinal,RBF_SVM,18,4,3,0.6666666666666666,0.5882352941176471,0.5263157894736842,0.5555555555555556,0.7168784029038112,0.646559844532743
LCX,Config_A_Ordinal,RBF_SVM,19,4,4,0.625,0.5,0.3888888888888889,0.4375,0.6703703703703704,0.5118324638430276
LCX,Config_A_Ordinal,RBF_SVM,20,4,5,0.75,0.8,0.4444444444444444,0.5714285714285714,0.6981481481481482,0.7030446642786019
LCX,Config_A_Ordinal,RBF_SVM,21,5,1,0.6530612244897959,0.5625,0.47368421052631576,0.5142857142857142,0.5350877192982456,0.48903082845115664
LCX,Config_A_Ordinal,RBF_SVM,22,5,2,0.6326530612244898,0.5714285714285714,0.21052631578947367,0.3076923076923077,0.7456140350877193,0.643602915682169
LCX,Config_A_Ordinal,RBF_SVM,23,5,3,0.625,0.5454545454545454,0.3157894736842105,0.4,0.6932849364791288,0.5769382572131374
LCX,Config_A_Ordinal,RBF_SVM,24,5,4,0.5833333333333334,0.4375,0.3888888888888889,0.4117647058823529,0.5981481481481482,0.5950151396238897
LCX,Config_A_Ordinal,RBF_SVM,25,5,5,0.6875,0.6153846153846154,0.4444444444444444,0.5161290322580645,0.8222222222222223,0.7388909362626085
LCX,Config_A_Ordinal,RandomForest,1,1,1,0.7346938775510204,0.875,0.3684210526315789,0.5185185185185185,0.712280701754386,0.6965514154637045
LCX,Config_A_Ordinal,RandomForest,2,1,2,0.7142857142857143,0.7777777777777778,0.3684210526315789,0.5,0.8052631578947368,0.7426345019020593
LCX,Config_A_Ordinal,RandomForest,3,1,3,0.7083333333333334,0.6470588235294118,0.5789473684210527,0.6111111111111112,0.7649727767695099,0.6050659961153406
LCX,Config_A_Ordinal,RandomForest,4,1,4,0.6458333333333334,0.5454545454545454,0.3333333333333333,0.41379310344827586,0.7425925925925926,0.6472522101451716
LCX,Config_A_Ordinal,RandomForest,5,1,5,0.6458333333333334,0.5294117647058824,0.5,0.5142857142857142,0.7,0.6104016706426109
LCX,Config_A_Ordinal,RandomForest,6,2,1,0.6938775510204082,0.6666666666666666,0.42105263157894735,0.5161290322580645,0.7456140350877193,0.5786159294183503
LCX,Config_A_Ordinal,RandomForest,7,2,2,0.6326530612244898,0.5454545454545454,0.3157894736842105,0.4,0.6307017543859649,0.6168553235611123
LCX,Config_A_Ordinal,RandomForest,8,2,3,0.7083333333333334,0.7777777777777778,0.3684210526315789,0.5,0.8393829401088929,0.7735930170672956
LCX,Config_A_Ordinal,RandomForest,9,2,4,0.7708333333333334,0.7692307692307693,0.5555555555555556,0.6451612903225806,0.8592592592592593,0.6886486573197751
LCX,Config_A_Ordinal,RandomForest,10,2,5,0.75,0.6666666666666666,0.6666666666666666,0.6666666666666666,0.7296296296296296,0.6774755286379377
LCX,Config_A_Ordinal,RandomForest,11,3,1,0.6938775510204082,0.7,0.3684210526315789,0.4827586206896552,0.7412280701754386,0.6325043536472905
LCX,Config_A_Ordinal,RandomForest,12,3,2,0.6530612244897959,0.5833333333333334,0.3684210526315789,0.45161290322580644,0.7491228070175439,0.6367790939571061
LCX,Config_A_Ordinal,RandomForest,13,3,3,0.75,0.8888888888888888,0.42105263157894735,0.5714285714285714,0.7740471869328494,0.6574954141875811
LCX,Config_A_Ordinal,RandomForest,14,3,4,0.7083333333333334,0.7,0.3888888888888889,0.5,0.6342592592592593,0.6324938629105297
LCX,Config_A_Ordinal,RandomForest,15,3,5,0.7083333333333334,0.6428571428571429,0.5,0.5625,0.8055555555555556,0.7461633135914746
LCX,Config_A_Ordinal,RandomForest,16,4,1,0.7142857142857143,0.7777777777777778,0.3684210526315789,0.5,0.7491228070175439,0.6616935737039946
LCX,Config_A_Ordinal,RandomForest,17,4,2,0.673469387755102,0.6363636363636364,0.3684210526315789,0.4666666666666667,0.7228070175438597,0.6383210364603433
LCX,Config_A_Ordinal,RandomForest,18,4,3,0.6875,0.625,0.5263157894736842,0.5714285714285714,0.7776769509981851,0.6641370371702782
LCX,Config_A_Ordinal,RandomForest,19,4,4,0.6875,0.6,0.5,0.5454545454545454,0.7259259259259259,0.6450788200692168
LCX,Config_A_Ordinal,RandomForest,20,4,5,0.6875,0.6363636363636364,0.3888888888888889,0.4827586206896552,0.7037037037037037,0.6088951686173909
LCX,Config_A_Ordinal,RandomForest,21,5,1,0.6938775510204082,0.6428571428571429,0.47368421052631576,0.5454545454545454,0.6701754385964912,0.5188169064599271
LCX,Config_A_Ordinal,RandomForest,22,5,2,0.6938775510204082,0.6666666666666666,0.42105263157894735,0.5161290322580645,0.8052631578947369,0.7231576711694663
LCX,Config_A_Ordinal,RandomForest,23,5,3,0.6666666666666666,0.6666666666666666,0.3157894736842105,0.42857142857142855,0.6823956442831216,0.5703740841713296
LCX,Config_A_Ordinal,RandomForest,24,5,4,0.6458333333333334,0.5454545454545454,0.3333333333333333,0.41379310344827586,0.6629629629629631,0.5886059210515733
LCX,Config_A_Ordinal,RandomForest,25,5,5,0.7083333333333334,0.625,0.5555555555555556,0.5882352941176471,0.8268518518518518,0.761399336838303
LCX,Config_B_OneHot,LogisticRegression,1,1,1,0.6122448979591837,0.5,0.3157894736842105,0.3870967741935484,0.5982456140350877,0.49772452978035714
LCX,Config_B_OneHot,LogisticRegression,2,1,2,0.5714285714285714,0.4166666666666667,0.2631578947368421,0.3225806451612903,0.5912280701754385,0.5303198774609963
LCX,Config_B_OneHot,LogisticRegression,3,1,3,0.6458333333333334,0.55,0.5789473684210527,0.5641025641025641,0.7132486388384754,0.6355870515801464
LCX,Config_B_OneHot,LogisticRegression,4,1,4,0.6666666666666666,0.5625,0.5,0.5294117647058824,0.7796296296296297,0.6880897281826074
LCX,Config_B_OneHot,LogisticRegression,5,1,5,0.625,0.5,0.6111111111111112,0.55,0.6092592592592592,0.5405508246166021
LCX,Config_B_OneHot,LogisticRegression,6,2,1,0.6530612244897959,0.5625,0.47368421052631576,0.5142857142857142,0.6473684210526316,0.560865050551149
LCX,Config_B_OneHot,LogisticRegression,7,2,2,0.5918367346938775,0.46153846153846156,0.3157894736842105,0.375,0.5894736842105263,0.491669924535818
LCX,Config_B_OneHot,LogisticRegression,8,2,3,0.625,0.5454545454545454,0.3157894736842105,0.4,0.6588021778584392,0.5726799204271911
LCX,Config_B_OneHot,LogisticRegression,9,2,4,0.625,0.5,0.5,0.5,0.7055555555555555,0.5828055283959399
LCX,Config_B_OneHot,LogisticRegression,10,2,5,0.5833333333333334,0.45,0.5,0.47368421052631576,0.7425925925925926,0.676228552589794
LCX,Config_B_OneHot,LogisticRegression,11,3,1,0.6530612244897959,0.5833333333333334,0.3684210526315789,0.45161290322580644,0.6964912280701754,0.6097175862918638
LCX,Config_B_OneHot,LogisticRegression,12,3,2,0.6326530612244898,0.5294117647058824,0.47368421052631576,0.5,0.7087719298245614,0.5403754733274184
LCX,Config_B_OneHot,LogisticRegression,13,3,3,0.7083333333333334,0.6666666666666666,0.5263157894736842,0.5882352941176471,0.7005444646098004,0.6287321719688206
LCX,Config_B_OneHot,LogisticRegression,14,3,4,0.6666666666666666,0.5714285714285714,0.4444444444444444,0.5,0.5962962962962963,0.588753626909721
LCX,Config_B_OneHot,LogisticRegression,15,3,5,0.6875,0.5882352941176471,0.5555555555555556,0.5714285714285714,0.7351851851851853,0.6163554202576241
LCX,Config_B_OneHot,LogisticRegression,16,4,1,0.6326530612244898,0.5333333333333333,0.42105263157894735,0.47058823529411764,0.6508771929824562,0.607271355522119
LCX,Config_B_OneHot,LogisticRegression,17,4,2,0.6938775510204082,0.6428571428571429,0.47368421052631576,0.5454545454545454,0.7385964912280703,0.6356958844373031
LCX,Config_B_OneHot,LogisticRegression,18,4,3,0.7083333333333334,0.6190476190476191,0.6842105263157895,0.65,0.7459165154264972,0.6858401200022767
LCX,Config_B_OneHot,LogisticRegression,19,4,4,0.6458333333333334,0.5263157894736842,0.5555555555555556,0.5405405405405406,0.6870370370370371,0.538022499296336
LCX,Config_B_OneHot,LogisticRegression,20,4,5,0.7083333333333334,0.7,0.3888888888888889,0.5,0.674074074074074,0.5954280567064825
LCX,Config_B_OneHot,LogisticRegression,21,5,1,0.6122448979591837,0.5,0.5263157894736842,0.5128205128205128,0.5578947368421052,0.4177024126184429
LCX,Config_B_OneHot,LogisticRegression,22,5,2,0.6938775510204082,0.6111111111111112,0.5789473684210527,0.5945945945945946,0.7701754385964912,0.6696263369301463
LCX,Config_B_OneHot,LogisticRegression,23,5,3,0.6041666666666666,0.5,0.3157894736842105,0.3870967741935484,0.6261343012704174,0.5477968425336845
LCX,Config_B_OneHot,LogisticRegression,24,5,4,0.6666666666666666,0.5625,0.5,0.5294117647058824,0.6666666666666666,0.65567714449428
LCX,Config_B_OneHot,LogisticRegression,25,5,5,0.6875,0.5714285714285714,0.6666666666666666,0.6153846153846154,0.7611111111111111,0.6622501469723692
LCX,Config_B_OneHot,LinearSVM,1,1,1,0.5714285714285714,0.375,0.15789473684210525,0.2222222222222222,0.5736842105263158,0.4684333606380004
LCX,Config_B_OneHot,LinearSVM,2,1,2,0.673469387755102,1.0,0.15789473684210525,0.2727272727272727,0.5684210526315789,0.5277674287132752
LCX,Config_B_OneHot,LinearSVM,3,1,3,0.6666666666666666,0.7142857142857143,0.2631578947368421,0.38461538461538464,0.6987295825771325,0.6075315635029406
LCX,Config_B_OneHot,LinearSVM,4,1,4,0.7083333333333334,0.8333333333333334,0.2777777777777778,0.4166666666666667,0.7666666666666666,0.7018420975093966
LCX,Config_B_OneHot,LinearSVM,5,1,5,0.6041666666666666,0.4666666666666667,0.3888888888888889,0.42424242424242425,0.6055555555555556,0.5689735821666594
LCX,Config_B_OneHot,LinearSVM,6,2,1,0.673469387755102,0.6363636363636364,0.3684210526315789,0.4666666666666667,0.6561403508771929,0.563386200475734
LCX,Config_B_OneHot,LinearSVM,7,2,2,0.6326530612244898,0.5555555555555556,0.2631578947368421,0.35714285714285715,0.6166666666666667,0.49521048512756516
LCX,Config_B_OneHot,LinearSVM,8,2,3,0.625,0.6666666666666666,0.10526315789473684,0.18181818181818182,0.6043557168784028,0.5259839366144075
LCX,Config_B_OneHot,LinearSVM,9,2,4,0.6666666666666666,0.6,0.3333333333333333,0.42857142857142855,0.6537037037037037,0.5657721760200298
LCX,Config_B_OneHot,LinearSVM,10,2,5,0.6875,0.6153846153846154,0.4444444444444444,0.5161290322580645,0.6962962962962963,0.5862979232415245
LCX,Config_B_OneHot,LinearSVM,11,3,1,0.6326530612244898,0.5555555555555556,0.2631578947368421,0.35714285714285715,0.7070175438596491,0.6088797087362539
LCX,Config_B_OneHot,LinearSVM,12,3,2,0.5918367346938775,0.42857142857142855,0.15789473684210525,0.23076923076923078,0.6771929824561403,0.4969653587952431
LCX,Config_B_OneHot,LinearSVM,13,3,3,0.6458333333333334,0.6666666666666666,0.21052631578947367,0.32,0.6715063520871143,0.6133635058826061
LCX,Config_B_OneHot,LinearSVM,14,3,4,0.6458333333333334,0.5454545454545454,0.3333333333333333,0.41379310344827586,0.6166666666666667,0.5586227611539791
LCX,Config_B_OneHot,LinearSVM,15,3,5,0.6458333333333334,0.6,0.16666666666666666,0.2608695652173913,0.6407407407407407,0.5059623999470872
LCX,Config_B_OneHot,LinearSVM,16,4,1,0.6938775510204082,0.75,0.3157894736842105,0.4444444444444444,0.6210526315789473,0.5795392391678651
LCX,Config_B_OneHot,LinearSVM,17,4,2,0.6326530612244898,1.0,0.05263157894736842,0.1,0.7701754385964913,0.6915738142765349
LCX,Config_B_OneHot,LinearSVM,18,4,3,0.6875,0.6428571428571429,0.47368421052631576,0.5454545454545454,0.7404718693284936,0.6365603705531183
LCX,Config_B_OneHot,LinearSVM,19,4,4,0.6458333333333334,0.5555555555555556,0.2777777777777778,0.37037037037037035,0.6407407407407408,0.5695153876878379
LCX,Config_B_OneHot,LinearSVM,20,4,5,0.6458333333333334,0.6,0.16666666666666666,0.2608695652173913,0.7055555555555555,0.5769081345085649
LCX,Config_B_OneHot,LinearSVM,21,5,1,0.4897959183673469,0.3125,0.2631578947368421,0.2857142857142857,0.48947368421052634,0.3836528068107463
LCX,Config_B_OneHot,LinearSVM,22,5,2,0.673469387755102,0.7142857142857143,0.2631578947368421,0.38461538461538464,0.743859649122807,0.6813616468958685
LCX,Config_B_OneHot,LinearSVM,23,5,3,0.6041666666666666,0.5,0.2631578947368421,0.3448275862068966,0.6406533575317604,0.5227640367336113
LCX,Config_B_OneHot,LinearSVM,24,5,4,0.6666666666666666,0.75,0.16666666666666666,0.2727272727272727,0.5888888888888889,0.5308001760854697
LCX,Config_B_OneHot,LinearSVM,25,5,5,0.7291666666666666,0.7272727272727273,0.4444444444444444,0.5517241379310345,0.7814814814814814,0.6945928039422287
LCX,Config_B_OneHot,RBF_SVM,1,1,1,0.6122448979591837,0.5,0.21052631578947367,0.2962962962962963,0.5824561403508772,0.508014572720455
LCX,Config_B_OneHot,RBF_SVM,2,1,2,0.6530612244897959,1.0,0.10526315789473684,0.19047619047619047,0.8052631578947368,0.7705458148752917
LCX,Config_B_OneHot,RBF_SVM,3,1,3,0.625,0.5263157894736842,0.5263157894736842,0.5263157894736842,0.7087114337568057,0.6284218641836885
LCX,Config_B_OneHot,RBF_SVM,4,1,4,0.6666666666666666,0.6,0.3333333333333333,0.42857142857142855,0.7222222222222222,0.6850327120511882
LCX,Config_B_OneHot,RBF_SVM,5,1,5,0.625,0.5,0.5555555555555556,0.5263157894736842,0.662962962962963,0.5980745778037659
LCX,Config_B_OneHot,RBF_SVM,6,2,1,0.7142857142857143,0.7777777777777778,0.3684210526315789,0.5,0.7350877192982456,0.673126268407403
LCX,Config_B_OneHot,RBF_SVM,7,2,2,0.6122448979591837,0.5,0.2631578947368421,0.3448275862068966,0.5859649122807017,0.47563339080015343
LCX,Config_B_OneHot,RBF_SVM,8,2,3,0.7083333333333334,0.8571428571428571,0.3157894736842105,0.46153846153846156,0.705989110707804,0.672944816752025
LCX,Config_B_OneHot,RBF_SVM,9,2,4,0.7291666666666666,0.6666666666666666,0.5555555555555556,0.6060606060606061,0.7657407407407407,0.6700619333241284
LCX,Config_B_OneHot,RBF_SVM,10,2,5,0.7291666666666666,0.6666666666666666,0.5555555555555556,0.6060606060606061,0.762962962962963,0.7007310155349372
LCX,Config_B_OneHot,RBF_SVM,11,3,1,0.6530612244897959,0.6,0.3157894736842105,0.41379310344827586,0.6280701754385964,0.5316915914874883
LCX,Config_B_OneHot,RBF_SVM,12,3,2,0.7142857142857143,0.6666666666666666,0.5263157894736842,0.5882352941176471,0.7728070175438596,0.6889405661115483
LCX,Config_B_OneHot,RBF_SVM,13,3,3,0.75,0.8888888888888888,0.42105263157894735,0.5714285714285714,0.7513611615245009,0.7333870691505331
LCX,Config_B_OneHot,RBF_SVM,14,3,4,0.6875,0.6666666666666666,0.3333333333333333,0.4444444444444444,0.5388888888888889,0.5344268278433013
LCX,Config_B_OneHot,RBF_SVM,15,3,5,0.5833333333333334,0.4444444444444444,0.4444444444444444,0.4444444444444444,0.6611111111111111,0.522233573577063
LCX,Config_B_OneHot,RBF_SVM,16,4,1,0.6938775510204082,0.75,0.3157894736842105,0.4444444444444444,0.6596491228070175,0.672405443062424
LCX,Config_B_OneHot,RBF_SVM,17,4,2,0.6326530612244898,0.6,0.15789473684210525,0.25,0.687719298245614,0.5705488439267932
LCX,Config_B_OneHot,RBF_SVM,18,4,3,0.6666666666666666,0.5882352941176471,0.5263157894736842,0.5555555555555556,0.7186932849364791,0.6409238377096651
LCX,Config_B_OneHot,RBF_SVM,19,4,4,0.625,0.5,0.3888888888888889,0.4375,0.6648148148148149,0.5032991333101706
LCX,Config_B_OneHot,RBF_SVM,20,4,5,0.7291666666666666,0.7272727272727273,0.4444444444444444,0.5517241379310345,0.6962962962962963,0.6894751117740399
LCX,Config_B_OneHot,RBF_SVM,21,5,1,0.6530612244897959,0.5625,0.47368421052631576,0.5142857142857142,0.5350877192982456,0.4970154433447285
LCX,Config_B_OneHot,RBF_SVM,22,5,2,0.673469387755102,0.7142857142857143,0.2631578947368421,0.38461538461538464,0.7543859649122807,0.6668756523944779
LCX,Config_B_OneHot,RBF_SVM,23,5,3,0.625,0.5454545454545454,0.3157894736842105,0.4,0.6805807622504537,0.5721632309217839
LCX,Config_B_OneHot,RBF_SVM,24,5,4,0.6041666666666666,0.47058823529411764,0.4444444444444444,0.45714285714285713,0.5861111111111111,0.5814096887400904
LCX,Config_B_OneHot,RBF_SVM,25,5,5,0.6875,0.6153846153846154,0.4444444444444444,0.5161290322580645,0.8314814814814815,0.7515721211767655
LCX,Config_B_OneHot,RandomForest,1,1,1,0.7346938775510204,1.0,0.3157894736842105,0.48,0.7447368421052631,0.7339555482932267
LCX,Config_B_OneHot,RandomForest,2,1,2,0.7346938775510204,0.875,0.3684210526315789,0.5185185185185185,0.7903508771929825,0.7509412266892557
LCX,Config_B_OneHot,RandomForest,3,1,3,0.75,0.6842105263157895,0.6842105263157895,0.6842105263157895,0.7695099818511796,0.608216590126256
LCX,Config_B_OneHot,RandomForest,4,1,4,0.7291666666666666,0.7272727272727273,0.4444444444444444,0.5517241379310345,0.7805555555555556,0.67663121049728
LCX,Config_B_OneHot,RandomForest,5,1,5,0.6458333333333334,0.5333333333333333,0.4444444444444444,0.48484848484848486,0.6768518518518518,0.5740148597467644
LCX,Config_B_OneHot,RandomForest,6,2,1,0.6530612244897959,0.6,0.3157894736842105,0.41379310344827586,0.7263157894736842,0.5637428464208649
LCX,Config_B_OneHot,RandomForest,7,2,2,0.6530612244897959,0.6,0.3157894736842105,0.41379310344827586,0.619298245614035,0.6061236073862499
LCX,Config_B_OneHot,RandomForest,8,2,3,0.7083333333333334,0.8571428571428571,0.3157894736842105,0.46153846153846156,0.8357531760435571,0.7578291126456771
LCX,Config_B_OneHot,RandomForest,9,2,4,0.7708333333333334,0.8181818181818182,0.5,0.6206896551724138,0.8101851851851852,0.6460057802582313
LCX,Config_B_OneHot,RandomForest,10,2,5,0.7291666666666666,0.631578947368421,0.6666666666666666,0.6486486486486487,0.7472222222222222,0.6107538919885456
LCX,Config_B_OneHot,RandomForest,11,3,1,0.673469387755102,0.6363636363636364,0.3684210526315789,0.4666666666666667,0.7649122807017543,0.6416358832645486
LCX,Config_B_OneHot,RandomForest,12,3,2,0.5918367346938775,0.45454545454545453,0.2631578947368421,0.3333333333333333,0.7535087719298246,0.6397098713776597
LCX,Config_B_OneHot,RandomForest,13,3,3,0.7083333333333334,0.7777777777777778,0.3684210526315789,0.5,0.764065335753176,0.6422434286810149
LCX,Config_B_OneHot,RandomForest,14,3,4,0.75,0.75,0.5,0.6,0.675925925925926,0.6842305165475897
LCX,Config_B_OneHot,RandomForest,15,3,5,0.7083333333333334,0.6666666666666666,0.4444444444444444,0.5333333333333333,0.7833333333333333,0.6717648542241728
LCX,Config_B_OneHot,RandomForest,16,4,1,0.673469387755102,0.7142857142857143,0.2631578947368421,0.38461538461538464,0.7543859649122807,0.6540581359171025
LCX,Config_B_OneHot,RandomForest,17,4,2,0.6938775510204082,0.6666666666666666,0.42105263157894735,0.5161290322580645,0.762280701754386,0.6986950105943239
LCX,Config_B_OneHot,RandomForest,18,4,3,0.6875,0.625,0.5263157894736842,0.5714285714285714,0.7622504537205081,0.608143305104361
LCX,Config_B_OneHot,RandomForest,19,4,4,0.6875,0.6,0.5,0.5454545454545454,0.7296296296296296,0.6136552285893057
LCX,Config_B_OneHot,RandomForest,20,4,5,0.6666666666666666,0.6,0.3333333333333333,0.42857142857142855,0.6907407407407407,0.6125432945756122
LCX,Config_B_OneHot,RandomForest,21,5,1,0.7142857142857143,0.6666666666666666,0.5263157894736842,0.5882352941176471,0.6868421052631579,0.5268174058808734
LCX,Config_B_OneHot,RandomForest,22,5,2,0.7346938775510204,0.875,0.3684210526315789,0.5185185185185185,0.8359649122807017,0.7702933246663897
LCX,Config_B_OneHot,RandomForest,23,5,3,0.6458333333333334,0.6666666666666666,0.21052631578947367,0.32,0.6950998185117967,0.5723217822374844
LCX,Config_B_OneHot,RandomForest,24,5,4,0.6041666666666666,0.45454545454545453,0.2777777777777778,0.3448275862068966,0.6657407407407406,0.6051076606506128
LCX,Config_B_OneHot,RandomForest,25,5,5,0.7291666666666666,0.6666666666666666,0.5555555555555556,0.6060606060606061,0.8046296296296296,0.7174534494795932
RCA,Config_A_Ordinal,LogisticRegression,1,1,1,0.6326530612244898,0.5263157894736842,0.5263157894736842,0.5263157894736842,0.7508771929824561,0.7204005118280545
RCA,Config_A_Ordinal,LogisticRegression,2,1,2,0.6530612244897959,0.5833333333333334,0.3684210526315789,0.45161290322580644,0.7210526315789474,0.6730474111245122
RCA,Config_A_Ordinal,LogisticRegression,3,1,3,0.6666666666666666,0.6,0.47368421052631576,0.5294117647058824,0.6569872958257713,0.5586894568809941
RCA,Config_A_Ordinal,LogisticRegression,4,1,4,0.75,0.7058823529411765,0.631578947368421,0.6666666666666666,0.7749546279491832,0.7133096551172231
RCA,Config_A_Ordinal,LogisticRegression,5,1,5,0.7291666666666666,0.6470588235294118,0.6111111111111112,0.6285714285714286,0.7111111111111111,0.5881149334198545
RCA,Config_A_Ordinal,LogisticRegression,6,2,1,0.6938775510204082,0.6428571428571429,0.47368421052631576,0.5454545454545454,0.7596491228070175,0.7331121432381231
RCA,Config_A_Ordinal,LogisticRegression,7,2,2,0.5714285714285714,0.4,0.21052631578947367,0.27586206896551724,0.5964912280701754,0.5002013502800846
RCA,Config_A_Ordinal,LogisticRegression,8,2,3,0.6875,0.6111111111111112,0.5789473684210527,0.5945945945945946,0.8058076225045372,0.7895417118252432
RCA,Config_A_Ordinal,LogisticRegression,9,2,4,0.6666666666666666,0.5789473684210527,0.5789473684210527,0.5789473684210527,0.6696914700544465,0.6225379250462317
RCA,Config_A_Ordinal,LogisticRegression,10,2,5,0.625,0.5,0.5,0.5,0.7,0.6111161157500011
RCA,Config_A_Ordinal,LogisticRegression,11,3,1,0.6938775510204082,0.6428571428571429,0.47368421052631576,0.5454545454545454,0.8175438596491228,0.666332490994378
RCA,Config_A_Ordinal,LogisticRegression,12,3,2,0.6938775510204082,0.5909090909090909,0.6842105263157895,0.6341463414634146,0.7157894736842104,0.6694600060350062
RCA,Config_A_Ordinal,LogisticRegression,13,3,3,0.6041666666666666,0.5,0.5263157894736842,0.5128205128205128,0.6642468239564427,0.5685922257634821
RCA,Config_A_Ordinal,LogisticRegression,14,3,4,0.7083333333333334,0.7272727272727273,0.42105263157894735,0.5333333333333333,0.7132486388384754,0.6738737636663287
RCA,Config_A_Ordinal,LogisticRegression,15,3,5,0.5833333333333334,0.45,0.5,0.47368421052631576,0.6444444444444445,0.6156577753465404
RCA,Config_A_Ordinal,LogisticRegression,16,4,1,0.673469387755102,0.5789473684210527,0.5789473684210527,0.5789473684210527,0.7578947368421052,0.722910447921258
RCA,Config_A_Ordinal,LogisticRegression,17,4,2,0.6530612244897959,0.6,0.3157894736842105,0.41379310344827586,0.6859649122807017,0.607216149837934
RCA,Config_A_Ordinal,LogisticRegression,18,4,3,0.6666666666666666,0.5714285714285714,0.631578947368421,0.6,0.6696914700544464,0.5983662470783546
RCA,Config_A_Ordinal,LogisticRegression,19,4,4,0.6875,0.625,0.5263157894736842,0.5714285714285714,0.7549909255898366,0.6787305093543019
RCA,Config_A_Ordinal,LogisticRegression,20,4,5,0.6875,0.5789473684210527,0.6111111111111112,0.5945945945945946,0.6907407407407408,0.6241560335747516
RCA,Config_A_Ordinal,LogisticRegression,21,5,1,0.7142857142857143,0.6923076923076923,0.47368421052631576,0.5625,0.724561403508772,0.6659654912650494
RCA,Config_A_Ordinal,LogisticRegression,22,5,2,0.7142857142857143,0.6470588235294118,0.5789473684210527,0.6111111111111112,0.6736842105263158,0.6123594286434348
RCA,Config_A_Ordinal,LogisticRegression,23,5,3,0.7291666666666666,0.6666666666666666,0.631578947368421,0.6486486486486487,0.8058076225045372,0.7899441362945224
RCA,Config_A_Ordinal,LogisticRegression,24,5,4,0.5625,0.4444444444444444,0.42105263157894735,0.43243243243243246,0.7023593466424682,0.6237942262382314
RCA,Config_A_Ordinal,LogisticRegression,25,5,5,0.7291666666666666,0.6470588235294118,0.6111111111111112,0.6285714285714286,0.8055555555555556,0.7541097360313515
RCA,Config_A_Ordinal,LinearSVM,1,1,1,0.673469387755102,0.5882352941176471,0.5263157894736842,0.5555555555555556,0.7052631578947368,0.6837835015843455
RCA,Config_A_Ordinal,LinearSVM,2,1,2,0.673469387755102,0.6666666666666666,0.3157894736842105,0.42857142857142855,0.6842105263157894,0.6522935393678428
RCA,Config_A_Ordinal,LinearSVM,3,1,3,0.6041666666666666,0.5,0.2631578947368421,0.3448275862068966,0.6914700544464609,0.6023699853300029
RCA,Config_A_Ordinal,LinearSVM,4,1,4,0.7083333333333334,0.6923076923076923,0.47368421052631576,0.5625,0.7513611615245009,0.6356399476808454
RCA,Config_A_Ordinal,LinearSVM,5,1,5,0.6458333333333334,0.5555555555555556,0.2777777777777778,0.37037037037037035,0.6759259259259259,0.5817734144813087
RCA,Config_A_Ordinal,LinearSVM,6,2,1,0.673469387755102,0.7142857142857143,0.2631578947368421,0.38461538461538464,0.756140350877193,0.7150616593301853
RCA,Config_A_Ordinal,LinearSVM,7,2,2,0.5918367346938775,0.4444444444444444,0.21052631578947367,0.2857142857142857,0.5666666666666668,0.4921101425653337
RCA,Config_A_Ordinal,LinearSVM,8,2,3,0.625,0.5384615384615384,0.3684210526315789,0.4375,0.7368421052631579,0.7091021023729882
RCA,Config_A_Ordinal,LinearSVM,9,2,4,0.5416666666666666,0.36363636363636365,0.21052631578947367,0.26666666666666666,0.6388384754990926,0.5667547857434557
RCA,Config_A_Ordinal,LinearSVM,10,2,5,0.6041666666666666,0.46153846153846156,0.3333333333333333,0.3870967741935484,0.6722222222222223,0.5294406515173106
RCA,Config_A_Ordinal,LinearSVM,11,3,1,0.5714285714285714,0.25,0.05263157894736842,0.08695652173913043,0.8105263157894737,0.6410522635816641
RCA,Config_A_Ordinal,LinearSVM,12,3,2,0.6530612244897959,0.5625,0.47368421052631576,0.5142857142857142,0.6754385964912281,0.66083524613609
RCA,Config_A_Ordinal,LinearSVM,13,3,3,0.6041666666666666,0.5,0.47368421052631576,0.4864864864864865,0.6497277676950999,0.5416076755445332
RCA,Config_A_Ordinal,LinearSVM,14,3,4,0.6875,0.7,0.3684210526315789,0.4827586206896552,0.6751361161524501,0.6538695001728698
RCA,Config_A_Ordinal,LinearSVM,15,3,5,0.6041666666666666,0.4666666666666667,0.3888888888888889,0.42424242424242425,0.6203703703703703,0.6160719995574235
RCA,Config_A_Ordinal,LinearSVM,16,4,1,0.7346938775510204,0.8,0.42105263157894735,0.5517241379310345,0.7543859649122807,0.7326654335715381
RCA,Config_A_Ordinal,LinearSVM,17,4,2,0.6122448979591837,0.5,0.15789473684210525,0.24,0.6105263157894737,0.517050477905741
RCA,Config_A_Ordinal,LinearSVM,18,4,3,0.625,0.5333333333333333,0.42105263157894735,0.47058823529411764,0.6515426497277678,0.6136380151266314
RCA,Config_A_Ordinal,LinearSVM,19,4,4,0.625,0.5384615384615384,0.3684210526315789,0.4375,0.7531760435571688,0.6641455577446289
RCA,Config_A_Ordinal,LinearSVM,20,4,5,0.6458333333333334,0.5454545454545454,0.3333333333333333,0.41379310344827586,0.6907407407407407,0.6166515308672171
RCA,Config_A_Ordinal,LinearSVM,21,5,1,0.6938775510204082,1.0,0.21052631578947367,0.34782608695652173,0.7210526315789474,0.6547878908587152
RCA,Config_A_Ordinal,LinearSVM,22,5,2,0.6938775510204082,0.7,0.3684210526315789,0.4827586206896552,0.6596491228070176,0.600442202297023
RCA,Config_A_Ordinal,LinearSVM,23,5,3,0.7291666666666666,0.8,0.42105263157894735,0.5517241379310345,0.7858439201451906,0.7658930325077986
RCA,Config_A_Ordinal,LinearSVM,24,5,4,0.625,0.5454545454545454,0.3157894736842105,0.4,0.7168784029038112,0.6463774574716493
RCA,Config_A_Ordinal,LinearSVM,25,5,5,0.7291666666666666,0.6470588235294118,0.6111111111111112,0.6285714285714286,0.7703703703703704,0.6769020706698601
RCA,Config_A_Ordinal,RBF_SVM,1,1,1,0.6326530612244898,0.5384615384615384,0.3684210526315789,0.4375,0.6649122807017543,0.6179607483154417
RCA,Config_A_Ordinal,RBF_SVM,2,1,2,0.5918367346938775,0.45454545454545453,0.2631578947368421,0.3333333333333333,0.6807017543859649,0.5589156002839177
RCA,Config_A_Ordinal,RBF_SVM,3,1,3,0.7083333333333334,0.6470588235294118,0.5789473684210527,0.6111111111111112,0.6642468239564427,0.609358129468669
RCA,Config_A_Ordinal,RBF_SVM,4,1,4,0.6875,0.7,0.3684210526315789,0.4827586206896552,0.7186932849364791,0.6599769276097129
RCA,Config_A_Ordinal,RBF_SVM,5,1,5,0.5625,0.38461538461538464,0.2777777777777778,0.3225806451612903,0.6870370370370371,0.5989786698887296
RCA,Config_A_Ordinal,RBF_SVM,6,2,1,0.673469387755102,0.6666666666666666,0.3157894736842105,0.42857142857142855,0.7175438596491228,0.6781568402980556
RCA,Config_A_Ordinal,RBF_SVM,7,2,2,0.5918367346938775,0.46153846153846156,0.3157894736842105,0.375,0.5842105263157894,0.4941165528285963
RCA,Config_A_Ordinal,RBF_SVM,8,2,3,0.7083333333333334,0.6923076923076923,0.47368421052631576,0.5625,0.764065335753176,0.7126856795046264
RCA,Config_A_Ordinal,RBF_SVM,9,2,4,0.5833333333333334,0.4666666666666667,0.3684210526315789,0.4117647058823529,0.6442831215970962,0.5719323884441945
RCA,Config_A_Ordinal,RBF_SVM,10,2,5,0.6041666666666666,0.4666666666666667,0.3888888888888889,0.42424242424242425,0.6703703703703703,0.5379498440749575
RCA,Config_A_Ordinal,RBF_SVM,11,3,1,0.6122448979591837,0.5,0.21052631578947367,0.2962962962962963,0.7333333333333334,0.5757754448040246
RCA,Config_A_Ordinal,RBF_SVM,12,3,2,0.6122448979591837,0.5,0.47368421052631576,0.4864864864864865,0.6421052631578947,0.5138687804149598
RCA,Config_A_Ordinal,RBF_SVM,13,3,3,0.6458333333333334,0.5625,0.47368421052631576,0.5142857142857142,0.660617059891107,0.5985068880973509
RCA,Config_A_Ordinal,RBF_SVM,14,3,4,0.6458333333333334,0.5833333333333334,0.3684210526315789,0.45161290322580644,0.7114337568058076,0.6759065335976766
RCA,Config_A_Ordinal,RBF_SVM,15,3,5,0.6458333333333334,0.5263157894736842,0.5555555555555556,0.5405405405405406,0.6722222222222222,0.5895735713545236
RCA,Config_A_Ordinal,RBF_SVM,16,4,1,0.673469387755102,0.6666666666666666,0.3157894736842105,0.42857142857142855,0.7140350877192981,0.6603051205872648
RCA,Config_A_Ordinal,RBF_SVM,17,4,2,0.6530612244897959,0.6,0.3157894736842105,0.41379310344827586,0.6140350877192983,0.5802796099014333
RCA,Config_A_Ordinal,RBF_SVM,18,4,3,0.6041666666666666,0.5,0.3684210526315789,0.42424242424242425,0.574410163339383,0.43317439156673854
RCA,Config_A_Ordinal,RBF_SVM,19,4,4,0.75,0.7333333333333333,0.5789473684210527,0.6470588235294118,0.7731397459165155,0.648257367210207
RCA,Config_A_Ordinal,RBF_SVM,20,4,5,0.6458333333333334,0.5333333333333333,0.4444444444444444,0.48484848484848486,0.6666666666666666,0.5541873254694524
RCA,Config_A_Ordinal,RBF_SVM,21,5,1,0.7142857142857143,0.7272727272727273,0.42105263157894735,0.5333333333333333,0.7771929824561403,0.6462395394532152
RCA,Config_A_Ordinal,RBF_SVM,22,5,2,0.6938775510204082,0.625,0.5263157894736842,0.5714285714285714,0.6526315789473685,0.5739326999915026
RCA,Config_A_Ordinal,RBF_SVM,23,5,3,0.7083333333333334,0.6470588235294118,0.5789473684210527,0.6111111111111112,0.73502722323049,0.7255500770263683
RCA,Config_A_Ordinal,RBF_SVM,24,5,4,0.6041666666666666,0.5,0.2631578947368421,0.3448275862068966,0.6660617059891107,0.5979587075053101
RCA,Config_A_Ordinal,RBF_SVM,25,5,5,0.6875,0.6,0.5,0.5454545454545454,0.7555555555555555,0.6473575807040043
RCA,Config_A_Ordinal,RandomForest,1,1,1,0.6326530612244898,0.5333333333333333,0.42105263157894735,0.47058823529411764,0.7052631578947368,0.6360428575588055
RCA,Config_A_Ordinal,RandomForest,2,1,2,0.673469387755102,0.6666666666666666,0.3157894736842105,0.42857142857142855,0.6456140350877193,0.5740595650136522
RCA,Config_A_Ordinal,RandomForest,3,1,3,0.6458333333333334,0.5833333333333334,0.3684210526315789,0.45161290322580644,0.647005444646098,0.52119866581976
RCA,Config_A_Ordinal,RandomForest,4,1,4,0.7083333333333334,0.6923076923076923,0.47368421052631576,0.5625,0.7377495462794917,0.6893494568569487
RCA,Config_A_Ordinal,RandomForest,5,1,5,0.6666666666666666,0.5833333333333334,0.3888888888888889,0.4666666666666667,0.6722222222222222,0.5770152941503243
RCA,Config_A_Ordinal,RandomForest,6,2,1,0.7142857142857143,0.7272727272727273,0.42105263157894735,0.5333333333333333,0.7228070175438597,0.7086889104623657
RCA,Config_A_Ordinal,RandomForest,7,2,2,0.6122448979591837,0.5,0.21052631578947367,0.2962962962962963,0.6482456140350877,0.5460196966775914
RCA,Config_A_Ordinal,RandomForest,8,2,3,0.6875,0.6666666666666666,0.42105263157894735,0.5161290322580645,0.7740471869328494,0.7444439555254818
RCA,Config_A_Ordinal,RandomForest,9,2,4,0.6458333333333334,0.5833333333333334,0.3684210526315789,0.45161290322580644,0.6143375680580762,0.5044141140625862
RCA,Config_A_Ordinal,RandomForest,10,2,5,0.625,0.5,0.3333333333333333,0.4,0.5925925925925926,0.5093678892718457
RCA,Config_A_Ordinal,RandomForest,11,3,1,0.6326530612244898,0.5714285714285714,0.21052631578947367,0.3076923076923077,0.7736842105263158,0.647788146491137
RCA,Config_A_Ordinal,RandomForest,12,3,2,0.5918367346938775,0.4666666666666667,0.3684210526315789,0.4117647058823529,0.6964912280701754,0.6096112445256294
RCA,Config_A_Ordinal,RandomForest,13,3,3,0.7083333333333334,0.7272727272727273,0.42105263157894735,0.5333333333333333,0.7223230490018149,0.6094762684185078
RCA,Config_A_Ordinal,RandomForest,14,3,4,0.6458333333333334,0.6,0.3157894736842105,0.41379310344827586,0.6588021778584392,0.6235689875966506
RCA,Config_A_Ordinal,RandomForest,15,3,5,0.625,0.5,0.4444444444444444,0.47058823529411764,0.7518518518518519,0.6805184252904717
RCA,Config_A_Ordinal,RandomForest,16,4,1,0.5918367346938775,0.46153846153846156,0.3157894736842105,0.375,0.6842105263157895,0.6041610370840769
RCA,Config_A_Ordinal,RandomForest,17,4,2,0.6326530612244898,0.6,0.15789473684210525,0.25,0.6315789473684211,0.529079701363057
RCA,Config_A_Ordinal,RandomForest,18,4,3,0.6666666666666666,0.6666666666666666,0.3157894736842105,0.42857142857142855,0.6324863883847549,0.5289594779757363
RCA,Config_A_Ordinal,RandomForest,19,4,4,0.7291666666666666,0.7142857142857143,0.5263157894736842,0.6060606060606061,0.8094373865698729,0.7048156703147628
RCA,Config_A_Ordinal,RandomForest,20,4,5,0.6666666666666666,0.5833333333333334,0.3888888888888889,0.4666666666666667,0.6722222222222223,0.5148750422564448
RCA,Config_A_Ordinal,RandomForest,21,5,1,0.6938775510204082,0.7,0.3684210526315789,0.4827586206896552,0.725438596491228,0.6069858430807764
RCA,Config_A_Ordinal,RandomForest,22,5,2,0.6122448979591837,0.5,0.3684210526315789,0.42424242424242425,0.5833333333333333,0.4989749811418599
RCA,Config_A_Ordinal,RandomForest,23,5,3,0.6875,0.6666666666666666,0.42105263157894735,0.5161290322580645,0.7749546279491834,0.7249452306198607
RCA,Config_A_Ordinal,RandomForest,24,5,4,0.6458333333333334,0.5833333333333334,0.3684210526315789,0.45161290322580644,0.6950998185117967,0.6515880962855161
RCA,Config_A_Ordinal,RandomForest,25,5,5,0.6666666666666666,0.5833333333333334,0.3888888888888889,0.4666666666666667,0.7611111111111111,0.6446710773078161
RCA,Config_B_OneHot,LogisticRegression,1,1,1,0.6326530612244898,0.5263157894736842,0.5263157894736842,0.5263157894736842,0.7473684210526316,0.7180119672925185
RCA,Config_B_OneHot,LogisticRegression,2,1,2,0.6938775510204082,0.6428571428571429,0.47368421052631576,0.5454545454545454,0.7333333333333334,0.6729399242676537
RCA,Config_B_OneHot,LogisticRegression,3,1,3,0.6041666666666666,0.5,0.42105263157894735,0.45714285714285713,0.6479128856624319,0.5512208264938652
RCA,Config_B_OneHot,LogisticRegression,4,1,4,0.75,0.7058823529411765,0.631578947368421,0.6666666666666666,0.7858439201451906,0.7235685911705836
RCA,Config_B_OneHot,LogisticRegression,5,1,5,0.6875,0.6,0.5,0.5454545454545454,0.7074074074074074,0.569415756182751
RCA,Config_B_OneHot,LogisticRegression,6,2,1,0.7346938775510204,0.7142857142857143,0.5263157894736842,0.6060606060606061,0.7526315789473684,0.7261875462863057
RCA,Config_B_OneHot,LogisticRegression,7,2,2,0.6122448979591837,0.5,0.3157894736842105,0.3870967741935484,0.6105263157894736,0.5170861636526953
RCA,Config_B_OneHot,LogisticRegression,8,2,3,0.7083333333333334,0.6470588235294118,0.5789473684210527,0.6111111111111112,0.7876588021778584,0.7757753476810036
RCA,Config_B_OneHot,LogisticRegression,9,2,4,0.6458333333333334,0.5555555555555556,0.5263157894736842,0.5405405405405406,0.67513611615245,0.6116117592969068
RCA,Config_B_OneHot,LogisticRegression,10,2,5,0.625,0.5,0.3888888888888889,0.4375,0.6833333333333333,0.5770843836194434
RCA,Config_B_OneHot,LogisticRegression,11,3,1,0.7142857142857143,0.7272727272727273,0.42105263157894735,0.5333333333333333,0.8105263157894737,0.6853745039363448
RCA,Config_B_OneHot,LogisticRegression,12,3,2,0.6938775510204082,0.5909090909090909,0.6842105263157895,0.6341463414634146,0.712280701754386,0.6520589021627803
RCA,Config_B_OneHot,LogisticRegression,13,3,3,0.6041666666666666,0.5,0.47368421052631576,0.4864864864864865,0.6588021778584392,0.5778155950864611
RCA,Config_B_OneHot,LogisticRegression,14,3,4,0.6875,0.7,0.3684210526315789,0.4827586206896552,0.7096188747731398,0.6723258756272894
RCA,Config_B_OneHot,LogisticRegression,15,3,5,0.5833333333333334,0.4444444444444444,0.4444444444444444,0.4444444444444444,0.638888888888889,0.6056271361792313
RCA,Config_B_OneHot,LogisticRegression,16,4,1,0.6530612244897959,0.5454545454545454,0.631578947368421,0.5853658536585366,0.7456140350877193,0.6981694240866034
RCA,Config_B_OneHot,LogisticRegression,17,4,2,0.673469387755102,0.6363636363636364,0.3684210526315789,0.4666666666666667,0.6859649122807017,0.604025461577836
RCA,Config_B_OneHot,LogisticRegression,18,4,3,0.6458333333333334,0.5454545454545454,0.631578947368421,0.5853658536585366,0.67513611615245,0.5974147272823114
RCA,Config_B_OneHot,LogisticRegression,19,4,4,0.7083333333333334,0.6666666666666666,0.5263157894736842,0.5882352941176471,0.7658802177858439,0.6881747055090244
RCA,Config_B_OneHot,LogisticRegression,20,4,5,0.7083333333333334,0.625,0.5555555555555556,0.5882352941176471,0.6814814814814815,0.613803004453411
RCA,Config_B_OneHot,LogisticRegression,21,5,1,0.7142857142857143,0.6923076923076923,0.47368421052631576,0.5625,0.7210526315789474,0.6735603866004165
RCA,Config_B_OneHot,LogisticRegression,22,5,2,0.6530612244897959,0.55,0.5789473684210527,0.5641025641025641,0.6824561403508772,0.607297814470718
RCA,Config_B_OneHot,LogisticRegression,23,5,3,0.7083333333333334,0.6190476190476191,0.6842105263157895,0.65,0.8003629764065335,0.7742578722841881
RCA,Config_B_OneHot,LogisticRegression,24,5,4,0.5625,0.4444444444444444,0.42105263157894735,0.43243243243243246,0.6987295825771325,0.6199946032755314
RCA,Config_B_OneHot,LogisticRegression,25,5,5,0.7083333333333334,0.6111111111111112,0.6111111111111112,0.6111111111111112,0.8092592592592592,0.7523333700788426
RCA,Config_B_OneHot,LinearSVM,1,1,1,0.6938775510204082,0.6428571428571429,0.47368421052631576,0.5454545454545454,0.7350877192982456,0.713858630250267
RCA,Config_B_OneHot,LinearSVM,2,1,2,0.7142857142857143,1.0,0.2631578947368421,0.4166666666666667,0.712280701754386,0.6752624957867008
RCA,Config_B_OneHot,LinearSVM,3,1,3,0.6041666666666666,0.5,0.2631578947368421,0.3448275862068966,0.6715063520871143,0.6245072926417168
RCA,Config_B_OneHot,LinearSVM,4,1,4,0.6875,0.6666666666666666,0.42105263157894735,0.5161290322580645,0.7513611615245009,0.6274130601403582
RCA,Config_B_OneHot,LinearSVM,5,1,5,0.6458333333333334,0.5555555555555556,0.2777777777777778,0.37037037037037035,0.6814814814814815,0.5556333111062982
RCA,Config_B_OneHot,LinearSVM,6,2,1,0.673469387755102,0.7142857142857143,0.2631578947368421,0.38461538461538464,0.7578947368421053,0.7214798302635916
RCA,Config_B_OneHot,LinearSVM,7,2,2,0.6326530612244898,0.5714285714285714,0.21052631578947367,0.3076923076923077,0.5789473684210527,0.5088069805489419
RCA,Config_B_OneHot,LinearSVM,8,2,3,0.7083333333333334,0.7272727272727273,0.42105263157894735,0.5333333333333333,0.7150635208711433,0.7119859982888046
RCA,Config_B_OneHot,LinearSVM,9,2,4,0.5625,0.4166666666666667,0.2631578947368421,0.3225806451612903,0.6497277676950999,0.5555667112936544
RCA,Config_B_OneHot,LinearSVM,10,2,5,0.6041666666666666,0.46153846153846156,0.3333333333333333,0.3870967741935484,0.6851851851851852,0.5783987007238978
RCA,Config_B_OneHot,LinearSVM,11,3,1,0.6122448979591837,0.5,0.05263157894736842,0.09523809523809523,0.7596491228070176,0.6255284284746527
RCA,Config_B_OneHot,LinearSVM,12,3,2,0.6326530612244898,0.5294117647058824,0.47368421052631576,0.5,0.6807017543859649,0.6633583059429428
RCA,Config_B_OneHot,LinearSVM,13,3,3,0.5833333333333334,0.47058823529411764,0.42105263157894735,0.4444444444444444,0.6497277676950999,0.5568919468051041
RCA,Config_B_OneHot,LinearSVM,14,3,4,0.6666666666666666,0.6666666666666666,0.3157894736842105,0.42857142857142855,0.6333938294010889,0.6240361250195046
RCA,Config_B_OneHot,LinearSVM,15,3,5,0.6458333333333334,0.5384615384615384,0.3888888888888889,0.45161290322580644,0.6351851851851851,0.6128316974002156
RCA,Config_B_OneHot,LinearSVM,16,4,1,0.7346938775510204,0.8,0.42105263157894735,0.5517241379310345,0.7684210526315789,0.7473527587925737
RCA,Config_B_OneHot,LinearSVM,17,4,2,0.6122448979591837,0.5,0.15789473684210525,0.24,0.6421052631578947,0.5373138639257464
RCA,Config_B_OneHot,LinearSVM,18,4,3,0.6666666666666666,0.6,0.47368421052631576,0.5294117647058824,0.6751361161524502,0.6403530597900251
RCA,Config_B_OneHot,LinearSVM,19,4,4,0.6875,0.75,0.3157894736842105,0.4444444444444444,0.7640653357531759,0.6929058608706202
RCA,Config_B_OneHot,LinearSVM,20,4,5,0.7083333333333334,0.625,0.5555555555555556,0.5882352941176471,0.6787037037037037,0.5897204516874521
RCA,Config_B_OneHot,LinearSVM,21,5,1,0.7346938775510204,1.0,0.3157894736842105,0.48,0.724561403508772,0.7096576640599854
RCA,Config_B_OneHot,LinearSVM,22,5,2,0.7142857142857143,0.6923076923076923,0.47368421052631576,0.5625,0.6807017543859649,0.6144421524567769
RCA,Config_B_OneHot,LinearSVM,23,5,3,0.7083333333333334,0.6923076923076923,0.47368421052631576,0.5625,0.8003629764065335,0.7645214233761621
RCA,Config_B_OneHot,LinearSVM,24,5,4,0.625,0.5454545454545454,0.3157894736842105,0.4,0.7168784029038112,0.6471295066276699
RCA,Config_B_OneHot,LinearSVM,25,5,5,0.6666666666666666,0.5714285714285714,0.4444444444444444,0.5,0.7685185185185186,0.6728692719748324
RCA,Config_B_OneHot,RBF_SVM,1,1,1,0.673469387755102,0.6,0.47368421052631576,0.5294117647058824,0.6736842105263158,0.6305232243577115
RCA,Config_B_OneHot,RBF_SVM,2,1,2,0.6122448979591837,0.5,0.3157894736842105,0.3870967741935484,0.6780701754385965,0.5564376520930314
RCA,Config_B_OneHot,RBF_SVM,3,1,3,0.7083333333333334,0.6470588235294118,0.5789473684210527,0.6111111111111112,0.6497277676950998,0.5777419714699135
RCA,Config_B_OneHot,RBF_SVM,4,1,4,0.6666666666666666,0.6666666666666666,0.3157894736842105,0.42857142857142855,0.7186932849364791,0.6649720386337019
RCA,Config_B_OneHot,RBF_SVM,5,1,5,0.5625,0.38461538461538464,0.2777777777777778,0.3225806451612903,0.6851851851851851,0.5870656455453647
RCA,Config_B_OneHot,RBF_SVM,6,2,1,0.673469387755102,0.6666666666666666,0.3157894736842105,0.42857142857142855,0.7210526315789474,0.6822459091239665
RCA,Config_B_OneHot,RBF_SVM,7,2,2,0.5918367346938775,0.46153846153846156,0.3157894736842105,0.375,0.5859649122807018,0.49540982583239557
RCA,Config_B_OneHot,RBF_SVM,8,2,3,0.6875,0.6666666666666666,0.42105263157894735,0.5161290322580645,0.7658802177858438,0.7173217135023653
RCA,Config_B_OneHot,RBF_SVM,9,2,4,0.6041666666666666,0.5,0.3684210526315789,0.42424242424242425,0.647912885662432,0.5704189717300856
RCA,Config_B_OneHot,RBF_SVM,10,2,5,0.625,0.5,0.3888888888888889,0.4375,0.6796296296296296,0.5433339050899014
RCA,Config_B_OneHot,RBF_SVM,11,3,1,0.6122448979591837,0.5,0.21052631578947367,0.2962962962962963,0.7350877192982456,0.5797913421956027
RCA,Config_B_OneHot,RBF_SVM,12,3,2,0.5918367346938775,0.47058823529411764,0.42105263157894735,0.4444444444444444,0.6385964912280702,0.5133938575909658
RCA,Config_B_OneHot,RBF_SVM,13,3,3,0.6458333333333334,0.5625,0.47368421052631576,0.5142857142857142,0.6569872958257713,0.5971124508123449
RCA,Config_B_OneHot,RBF_SVM,14,3,4,0.6458333333333334,0.5833333333333334,0.3684210526315789,0.45161290322580644,0.7005444646098004,0.66782591662256
RCA,Config_B_OneHot,RBF_SVM,15,3,5,0.6666666666666666,0.55,0.6111111111111112,0.5789473684210527,0.6685185185185185,0.5860198337864371
RCA,Config_B_OneHot,RBF_SVM,16,4,1,0.673469387755102,0.6666666666666666,0.3157894736842105,0.42857142857142855,0.7087719298245614,0.6549037268774109
RCA,Config_B_OneHot,RBF_SVM,17,4,2,0.673469387755102,0.6666666666666666,0.3157894736842105,0.42857142857142855,0.6175438596491228,0.5806790978235035
RCA,Config_B_OneHot,RBF_SVM,18,4,3,0.6041666666666666,0.5,0.3684210526315789,0.42424242424242425,0.5798548094373865,0.4322481710612476
RCA,Config_B_OneHot,RBF_SVM,19,4,4,0.7291666666666666,0.7142857142857143,0.5263157894736842,0.6060606060606061,0.7676950998185118,0.6422894351705432
RCA,Config_B_OneHot,RBF_SVM,20,4,5,0.6041666666666666,0.4666666666666667,0.3888888888888889,0.42424242424242425,0.6592592592592592,0.5565333687092069
RCA,Config_B_OneHot,RBF_SVM,21,5,1,0.7142857142857143,0.7272727272727273,0.42105263157894735,0.5333333333333333,0.7701754385964912,0.6452009007064409
RCA,Config_B_OneHot,RBF_SVM,22,5,2,0.6938775510204082,0.625,0.5263157894736842,0.5714285714285714,0.656140350877193,0.5676030703188557
RCA,Config_B_OneHot,RBF_SVM,23,5,3,0.7083333333333334,0.6470588235294118,0.5789473684210527,0.6111111111111112,0.7368421052631579,0.7274003593010503
RCA,Config_B_OneHot,RBF_SVM,24,5,4,0.6041666666666666,0.5,0.2631578947368421,0.3448275862068966,0.6642468239564429,0.5925493507801639
RCA,Config_B_OneHot,RBF_SVM,25,5,5,0.7083333333333334,0.625,0.5555555555555556,0.5882352941176471,0.7611111111111111,0.6500807879263164
RCA,Config_B_OneHot,RandomForest,1,1,1,0.6122448979591837,0.5,0.42105263157894735,0.45714285714285713,0.7210526315789472,0.6229776151186983
RCA,Config_B_OneHot,RandomForest,2,1,2,0.6530612244897959,0.6,0.3157894736842105,0.41379310344827586,0.7070175438596491,0.5917419654766269
RCA,Config_B_OneHot,RandomForest,3,1,3,0.5833333333333334,0.4666666666666667,0.3684210526315789,0.4117647058823529,0.67513611615245,0.5830239670243017
RCA,Config_B_OneHot,RandomForest,4,1,4,0.7291666666666666,0.75,0.47368421052631576,0.5806451612903226,0.7404718693284936,0.7236885145187051
RCA,Config_B_OneHot,RandomForest,5,1,5,0.6458333333333334,0.5454545454545454,0.3333333333333333,0.41379310344827586,0.6787037037037037,0.5674909184282177
RCA,Config_B_OneHot,RandomForest,6,2,1,0.6938775510204082,0.7,0.3684210526315789,0.4827586206896552,0.7394736842105263,0.7126543296677934
RCA,Config_B_OneHot,RandomForest,7,2,2,0.6530612244897959,0.6,0.3157894736842105,0.41379310344827586,0.6815789473684211,0.571525674001033
RCA,Config_B_OneHot,RandomForest,8,2,3,0.6875,0.6666666666666666,0.42105263157894735,0.5161290322580645,0.7595281306715063,0.6778572173679156
RCA,Config_B_OneHot,RandomForest,9,2,4,0.6666666666666666,0.6363636363636364,0.3684210526315789,0.4666666666666667,0.647005444646098,0.5229476873759995
RCA,Config_B_OneHot,RandomForest,10,2,5,0.6041666666666666,0.45454545454545453,0.2777777777777778,0.3448275862068966,0.5972222222222222,0.5378028985317989
RCA,Config_B_OneHot,RandomForest,11,3,1,0.6122448979591837,0.5,0.21052631578947367,0.2962962962962963,0.7140350877192982,0.5895232270299944
RCA,Config_B_OneHot,RandomForest,12,3,2,0.6122448979591837,0.5,0.3684210526315789,0.42424242424242425,0.6771929824561403,0.5799457097738878
RCA,Config_B_OneHot,RandomForest,13,3,3,0.625,0.5454545454545454,0.3157894736842105,0.4,0.7186932849364791,0.6009663691000139
RCA,Config_B_OneHot,RandomForest,14,3,4,0.6875,0.7,0.3684210526315789,0.4827586206896552,0.6143375680580762,0.5741301261327936
RCA,Config_B_OneHot,RandomForest,15,3,5,0.6875,0.5882352941176471,0.5555555555555556,0.5714285714285714,0.7611111111111111,0.6974117183128024
RCA,Config_B_OneHot,RandomForest,16,4,1,0.673469387755102,0.6153846153846154,0.42105263157894735,0.5,0.7280701754385964,0.6554746212691698
RCA,Config_B_OneHot,RandomForest,17,4,2,0.6326530612244898,0.6666666666666666,0.10526315789473684,0.18181818181818182,0.5885964912280702,0.506899934161938
RCA,Config_B_OneHot,RandomForest,18,4,3,0.6875,0.7,0.3684210526315789,0.4827586206896552,0.6397459165154264,0.5521813125987024
RCA,Config_B_OneHot,RandomForest,19,4,4,0.7291666666666666,0.6875,0.5789473684210527,0.6285714285714286,0.793103448275862,0.6777575572940167
RCA,Config_B_OneHot,RandomForest,20,4,5,0.6666666666666666,0.5714285714285714,0.4444444444444444,0.5,0.712962962962963,0.6044858319888975
RCA,Config_B_OneHot,RandomForest,21,5,1,0.6530612244897959,0.6,0.3157894736842105,0.41379310344827586,0.7271929824561403,0.6039922296847504
RCA,Config_B_OneHot,RandomForest,22,5,2,0.6326530612244898,0.5384615384615384,0.3684210526315789,0.4375,0.6201754385964913,0.5390019732223803
RCA,Config_B_OneHot,RandomForest,23,5,3,0.7083333333333334,0.6923076923076923,0.47368421052631576,0.5625,0.7903811252268602,0.7574558869063512
RCA,Config_B_OneHot,RandomForest,24,5,4,0.6458333333333334,0.6,0.3157894736842105,0.41379310344827586,0.7395644283121596,0.672525542811574
RCA,Config_B_OneHot,RandomForest,25,5,5,0.6041666666666666,0.45454545454545453,0.2777777777777778,0.3448275862068966,0.7342592592592592,0.6169386646869597
